dataset,scope,entity,period_start,period_end,metric,value,unit,source_url,source_note
live_dashboard_2026,Department,Administrative Reforms and Public Grievances - PG Division,2026-01-01,2026-08-24,received,6447,count,https://pgportal.gov.in/darpgdashboard,Official CPGRAMS live dashboard; disposals include carry-forward receipts from previous year(s).
live_dashboard_2026,Department,Administrative Reforms and Public Grievances - PG Division,2026-01-01,2026-08-24,disposed,6392,count,https://pgportal.gov.in/darpgdashboard,Official CPGRAMS live dashboard; disposals include carry-forward receipts from previous year(s).
live_dashboard_2026,Department,Administrative Reforms and Public Grievances - PG Division,2026-01-01,2026-08-24,percent_disposed,99.15,percent,https://pgportal.gov.in/darpgdashboard,Official CPGRAMS live dashboard; disposals include carry-forward receipts from previous year(s).
live_dashboard_2026,Department,Administrative Reforms and Public Grievances - PG Division,2026-01-01,2026-08-24,pending_0_60_days,52,count,https://pgportal.gov.in/darpgdashboard,Official CPGRAMS live dashboard; disposals include carry-forward receipts from previous year(s).
live_dashboard_2026,Department,Administrative Reforms and Public Grievances - PG Division,2026-01-01,2026-08-24,pending_60_180_days,3,count,https://pgportal.gov.in/darpgdashboard,Official CPGRAMS live dashboard; disposals include carry-forward receipts from previous year(s).
live_dashboard_2026,Department,Administrative Reforms and Public Grievances - PG Division,2026-01-01,2026-08-24,pending_180_365_days,0,count,https://pgportal.gov.in/darpgdashboard,Official CPGRAMS live dashboard; disposals include carry-forward receipts from previous year(s).
live_dashboard_2026,Department,Administrative Reforms and Public Grievances - PG Division,2026-01-01,2026-08-24,pending_more_than_1_year,0,count,https://pgportal.gov.in/darpgdashboard,Official CPGRAMS live dashboard; disposals include carry-forward receipts from previous year(s).
live_dashboard_2026,Department,Ayush,2026-01-01,2026-08-24,received,2427,count,https://pgportal.gov.in/darpgdashboard,Official CPGRAMS live dashboard; disposals include carry-forward receipts from previous year(s).
live_dashboard_2026,Department,Ayush,2026-01-01,2026-08-24,disposed,2402,count,https://pgportal.gov.in/darpgdashboard,Official CPGRAMS live dashboard; disposals include carry-forward receipts from previous year(s).
live_dashboard_2026,Department,Ayush,2026-01-01,2026-08-24,percent_disposed,98.97,percent,https://pgportal.gov.in/darpgdashboard,Official CPGRAMS live dashboard; disposals include carry-forward receipts from previous year(s).
live_dashboard_2026,Department,Ayush,2026-01-01,2026-08-24,pending_0_60_days,25,count,https://pgportal.gov.in/darpgdashboard,Official CPGRAMS live dashboard; disposals include carry-forward receipts from previous year(s).
live_dashboard_2026,Department,Ayush,2026-01-01,2026-08-24,pending_60_180_days,0,count,https://pgportal.gov.in/darpgdashboard,Official CPGRAMS live dashboard; disposals include carry-forward receipts from previous year(s).
live_dashboard_2026,Department,Ayush,2026-01-01,2026-08-24,pending_180_365_days,0,count,https://pgportal.gov.in/darpgdashboard,Official CPGRAMS live dashboard; disposals include carry-forward receipts from previous year(s).
live_dashboard_2026,Department,Ayush,2026-01-01,2026-08-24,pending_more_than_1_year,0,count,https://pgportal.gov.in/darpgdashboard,Official CPGRAMS live dashboard; disposals include carry-forward receipts from previous year(s).
live_dashboard_2026,Department,O/o the Comptroller & Auditor General of India,2026-01-01,2026-08-24,received,1669,count,https://pgportal.gov.in/darpgdashboard,Official CPGRAMS live dashboard; disposals include carry-forward receipts from previous year(s).
live_dashboard_2026,Department,O/o the Comptroller & Auditor General of India,2026-01-01,2026-08-24,disposed,1564,count,https://pgportal.gov.in/darpgdashboard,Official CPGRAMS live dashboard; disposals include carry-forward receipts from previous year(s).
live_dashboard_2026,Department,O/o the Comptroller & Auditor General of India,2026-01-01,2026-08-24,percent_disposed,93.71,percent,https://pgportal.gov.in/darpgdashboard,Official CPGRAMS live dashboard; disposals include carry-forward receipts from previous year(s).
live_dashboard_2026,Department,O/o the Comptroller & Auditor General of India,2026-01-01,2026-08-24,pending_0_60_days,98,count,https://pgportal.gov.in/darpgdashboard,Official CPGRAMS live dashboard; disposals include carry-forward receipts from previous year(s).
live_dashboard_2026,Department,O/o the Comptroller & Auditor General of India,2026-01-01,2026-08-24,pending_60_180_days,5,count,https://pgportal.gov.in/darpgdashboard,Official CPGRAMS live dashboard; disposals include carry-forward receipts from previous year(s).
live_dashboard_2026,Department,O/o the Comptroller & Auditor General of India,2026-01-01,2026-08-24,pending_180_365_days,2,count,https://pgportal.gov.in/darpgdashboard,Official CPGRAMS live dashboard; disposals include carry-forward receipts from previous year(s).
live_dashboard_2026,Department,O/o the Comptroller & Auditor General of India,2026-01-01,2026-08-24,pending_more_than_1_year,0,count,https://pgportal.gov.in/darpgdashboard,Official CPGRAMS live dashboard; disposals include carry-forward receipts from previous year(s).
live_dashboard_2026,Department,Central Board of Direct Taxes (Income Tax),2026-01-01,2026-08-24,received,50035,count,https://pgportal.gov.in/darpgdashboard,Official CPGRAMS live dashboard; disposals include carry-forward receipts from previous year(s).
live_dashboard_2026,Department,Central Board of Direct Taxes (Income Tax),2026-01-01,2026-08-24,disposed,45732,count,https://pgportal.gov.in/darpgdashboard,Official CPGRAMS live dashboard; disposals include carry-forward receipts from previous year(s).
live_dashboard_2026,Department,Central Board of Direct Taxes (Income Tax),2026-01-01,2026-08-24,percent_disposed,91.4,percent,https://pgportal.gov.in/darpgdashboard,Official CPGRAMS live dashboard; disposals include carry-forward receipts from previous year(s).
live_dashboard_2026,Department,Central Board of Direct Taxes (Income Tax),2026-01-01,2026-08-24,pending_0_60_days,3294,count,https://pgportal.gov.in/darpgdashboard,Official CPGRAMS live dashboard; disposals include carry-forward receipts from previous year(s).
live_dashboard_2026,Department,Central Board of Direct Taxes (Income Tax),2026-01-01,2026-08-24,pending_60_180_days,905,count,https://pgportal.gov.in/darpgdashboard,Official CPGRAMS live dashboard; disposals include carry-forward receipts from previous year(s).
live_dashboard_2026,Department,Central Board of Direct Taxes (Income Tax),2026-01-01,2026-08-24,pending_180_365_days,104,count,https://pgportal.gov.in/darpgdashboard,Official CPGRAMS live dashboard; disposals include carry-forward receipts from previous year(s).
live_dashboard_2026,Department,Central Board of Direct Taxes (Income Tax),2026-01-01,2026-08-24,pending_more_than_1_year,0,count,https://pgportal.gov.in/darpgdashboard,Official CPGRAMS live dashboard; disposals include carry-forward receipts from previous year(s).
live_dashboard_2026,Department,Central Board of Excise and Customs,2026-01-01,2026-08-24,received,10986,count,https://pgportal.gov.in/darpgdashboard,Official CPGRAMS live dashboard; disposals include carry-forward receipts from previous year(s).
live_dashboard_2026,Department,Central Board of Excise and Customs,2026-01-01,2026-08-24,disposed,10664,count,https://pgportal.gov.in/darpgdashboard,Official CPGRAMS live dashboard; disposals include carry-forward receipts from previous year(s).
live_dashboard_2026,Department,Central Board of Excise and Customs,2026-01-01,2026-08-24,percent_disposed,97.07,percent,https://pgportal.gov.in/darpgdashboard,Official CPGRAMS live dashboard; disposals include carry-forward receipts from previous year(s).
live_dashboard_2026,Department,Central Board of Excise and Customs,2026-01-01,2026-08-24,pending_0_60_days,322,count,https://pgportal.gov.in/darpgdashboard,Official CPGRAMS live dashboard; disposals include carry-forward receipts from previous year(s).
live_dashboard_2026,Department,Central Board of Excise and Customs,2026-01-01,2026-08-24,pending_60_180_days,0,count,https://pgportal.gov.in/darpgdashboard,Official CPGRAMS live dashboard; disposals include carry-forward receipts from previous year(s).
live_dashboard_2026,Department,Central Board of Excise and Customs,2026-01-01,2026-08-24,pending_180_365_days,0,count,https://pgportal.gov.in/darpgdashboard,Official CPGRAMS live dashboard; disposals include carry-forward receipts from previous year(s).
live_dashboard_2026,Department,Central Board of Excise and Customs,2026-01-01,2026-08-24,pending_more_than_1_year,0,count,https://pgportal.gov.in/darpgdashboard,Official CPGRAMS live dashboard; disposals include carry-forward receipts from previous year(s).
live_dashboard_2026,Department,Atomic Energy,2026-01-01,2026-08-24,received,1224,count,https://pgportal.gov.in/darpgdashboard,Official CPGRAMS live dashboard; disposals include carry-forward receipts from previous year(s).
live_dashboard_2026,Department,Atomic Energy,2026-01-01,2026-08-24,disposed,1157,count,https://pgportal.gov.in/darpgdashboard,Official CPGRAMS live dashboard; disposals include carry-forward receipts from previous year(s).
live_dashboard_2026,Department,Atomic Energy,2026-01-01,2026-08-24,percent_disposed,94.53,percent,https://pgportal.gov.in/darpgdashboard,Official CPGRAMS live dashboard; disposals include carry-forward receipts from previous year(s).
live_dashboard_2026,Department,Atomic Energy,2026-01-01,2026-08-24,pending_0_60_days,67,count,https://pgportal.gov.in/darpgdashboard,Official CPGRAMS live dashboard; disposals include carry-forward receipts from previous year(s).
live_dashboard_2026,Department,Atomic Energy,2026-01-01,2026-08-24,pending_60_180_days,0,count,https://pgportal.gov.in/darpgdashboard,Official CPGRAMS live dashboard; disposals include carry-forward receipts from previous year(s).
live_dashboard_2026,Department,Atomic Energy,2026-01-01,2026-08-24,pending_180_365_days,0,count,https://pgportal.gov.in/darpgdashboard,Official CPGRAMS live dashboard; disposals include carry-forward receipts from previous year(s).
live_dashboard_2026,Department,Atomic Energy,2026-01-01,2026-08-24,pending_more_than_1_year,0,count,https://pgportal.gov.in/darpgdashboard,Official CPGRAMS live dashboard; disposals include carry-forward receipts from previous year(s).
live_dashboard_2026,Department,Bio Technology,2026-01-01,2026-08-24,received,204,count,https://pgportal.gov.in/darpgdashboard,Official CPGRAMS live dashboard; disposals include carry-forward receipts from previous year(s).
live_dashboard_2026,Department,Bio Technology,2026-01-01,2026-08-24,disposed,195,count,https://pgportal.gov.in/darpgdashboard,Official CPGRAMS live dashboard; disposals include carry-forward receipts from previous year(s).
live_dashboard_2026,Department,Bio Technology,2026-01-01,2026-08-24,percent_disposed,95.59,percent,https://pgportal.gov.in/darpgdashboard,Official CPGRAMS live dashboard; disposals include carry-forward receipts from previous year(s).
live_dashboard_2026,Department,Bio Technology,2026-01-01,2026-08-24,pending_0_60_days,9,count,https://pgportal.gov.in/darpgdashboard,Official CPGRAMS live dashboard; disposals include carry-forward receipts from previous year(s).
live_dashboard_2026,Department,Bio Technology,2026-01-01,2026-08-24,pending_60_180_days,0,count,https://pgportal.gov.in/darpgdashboard,Official CPGRAMS live dashboard; disposals include carry-forward receipts from previous year(s).
live_dashboard_2026,Department,Bio Technology,2026-01-01,2026-08-24,pending_180_365_days,0,count,https://pgportal.gov.in/darpgdashboard,Official CPGRAMS live dashboard; disposals include carry-forward receipts from previous year(s).
live_dashboard_2026,Department,Bio Technology,2026-01-01,2026-08-24,pending_more_than_1_year,0,count,https://pgportal.gov.in/darpgdashboard,Official CPGRAMS live dashboard; disposals include carry-forward receipts from previous year(s).
live_dashboard_2026,Department,Culture,2026-01-01,2026-08-24,received,3193,count,https://pgportal.gov.in/darpgdashboard,Official CPGRAMS live dashboard; disposals include carry-forward receipts from previous year(s).
live_dashboard_2026,Department,Culture,2026-01-01,2026-08-24,disposed,3094,count,https://pgportal.gov.in/darpgdashboard,Official CPGRAMS live dashboard; disposals include carry-forward receipts from previous year(s).
live_dashboard_2026,Department,Culture,2026-01-01,2026-08-24,percent_disposed,96.9,percent,https://pgportal.gov.in/darpgdashboard,Official CPGRAMS live dashboard; disposals include carry-forward receipts from previous year(s).
live_dashboard_2026,Department,Culture,2026-01-01,2026-08-24,pending_0_60_days,99,count,https://pgportal.gov.in/darpgdashboard,Official CPGRAMS live dashboard; disposals include carry-forward receipts from previous year(s).
live_dashboard_2026,Department,Culture,2026-01-01,2026-08-24,pending_60_180_days,0,count,https://pgportal.gov.in/darpgdashboard,Official CPGRAMS live dashboard; disposals include carry-forward receipts from previous year(s).
live_dashboard_2026,Department,Culture,2026-01-01,2026-08-24,pending_180_365_days,0,count,https://pgportal.gov.in/darpgdashboard,Official CPGRAMS live dashboard; disposals include carry-forward receipts from previous year(s).
live_dashboard_2026,Department,Culture,2026-01-01,2026-08-24,pending_more_than_1_year,0,count,https://pgportal.gov.in/darpgdashboard,Official CPGRAMS live dashboard; disposals include carry-forward receipts from previous year(s).
live_dashboard_2026,Department,Corporate Affairs,2026-01-01,2026-08-24,received,10944,count,https://pgportal.gov.in/darpgdashboard,Official CPGRAMS live dashboard; disposals include carry-forward receipts from previous year(s).
live_dashboard_2026,Department,Corporate Affairs,2026-01-01,2026-08-24,disposed,10640,count,https://pgportal.gov.in/darpgdashboard,Official CPGRAMS live dashboard; disposals include carry-forward receipts from previous year(s).
live_dashboard_2026,Department,Corporate Affairs,2026-01-01,2026-08-24,percent_disposed,97.22,percent,https://pgportal.gov.in/darpgdashboard,Official CPGRAMS live dashboard; disposals include carry-forward receipts from previous year(s).
live_dashboard_2026,Department,Corporate Affairs,2026-01-01,2026-08-24,pending_0_60_days,303,count,https://pgportal.gov.in/darpgdashboard,Official CPGRAMS live dashboard; disposals include carry-forward receipts from previous year(s).
live_dashboard_2026,Department,Corporate Affairs,2026-01-01,2026-08-24,pending_60_180_days,1,count,https://pgportal.gov.in/darpgdashboard,Official CPGRAMS live dashboard; disposals include carry-forward receipts from previous year(s).
live_dashboard_2026,Department,Corporate Affairs,2026-01-01,2026-08-24,pending_180_365_days,0,count,https://pgportal.gov.in/darpgdashboard,Official CPGRAMS live dashboard; disposals include carry-forward receipts from previous year(s).
live_dashboard_2026,Department,Corporate Affairs,2026-01-01,2026-08-24,pending_more_than_1_year,0,count,https://pgportal.gov.in/darpgdashboard,Official CPGRAMS live dashboard; disposals include carry-forward receipts from previous year(s).
live_dashboard_2026,Department,Ex Servicemen Welfare,2026-01-01,2026-08-24,received,10553,count,https://pgportal.gov.in/darpgdashboard,Official CPGRAMS live dashboard; disposals include carry-forward receipts from previous year(s).
live_dashboard_2026,Department,Ex Servicemen Welfare,2026-01-01,2026-08-24,disposed,9572,count,https://pgportal.gov.in/darpgdashboard,Official CPGRAMS live dashboard; disposals include carry-forward receipts from previous year(s).
live_dashboard_2026,Department,Ex Servicemen Welfare,2026-01-01,2026-08-24,percent_disposed,90.7,percent,https://pgportal.gov.in/darpgdashboard,Official CPGRAMS live dashboard; disposals include carry-forward receipts from previous year(s).
live_dashboard_2026,Department,Ex Servicemen Welfare,2026-01-01,2026-08-24,pending_0_60_days,825,count,https://pgportal.gov.in/darpgdashboard,Official CPGRAMS live dashboard; disposals include carry-forward receipts from previous year(s).
live_dashboard_2026,Department,Ex Servicemen Welfare,2026-01-01,2026-08-24,pending_60_180_days,156,count,https://pgportal.gov.in/darpgdashboard,Official CPGRAMS live dashboard; disposals include carry-forward receipts from previous year(s).
live_dashboard_2026,Department,Ex Servicemen Welfare,2026-01-01,2026-08-24,pending_180_365_days,0,count,https://pgportal.gov.in/darpgdashboard,Official CPGRAMS live dashboard; disposals include carry-forward receipts from previous year(s).
live_dashboard_2026,Department,Ex Servicemen Welfare,2026-01-01,2026-08-24,pending_more_than_1_year,0,count,https://pgportal.gov.in/darpgdashboard,Official CPGRAMS live dashboard; disposals include carry-forward receipts from previous year(s).
live_dashboard_2026,Department,Defence Production,2026-01-01,2026-08-24,received,1719,count,https://pgportal.gov.in/darpgdashboard,Official CPGRAMS live dashboard; disposals include carry-forward receipts from previous year(s).
live_dashboard_2026,Department,Defence Production,2026-01-01,2026-08-24,disposed,1616,count,https://pgportal.gov.in/darpgdashboard,Official CPGRAMS live dashboard; disposals include carry-forward receipts from previous year(s).
live_dashboard_2026,Department,Defence Production,2026-01-01,2026-08-24,percent_disposed,94.01,percent,https://pgportal.gov.in/darpgdashboard,Official CPGRAMS live dashboard; disposals include carry-forward receipts from previous year(s).
live_dashboard_2026,Department,Defence Production,2026-01-01,2026-08-24,pending_0_60_days,103,count,https://pgportal.gov.in/darpgdashboard,Official CPGRAMS live dashboard; disposals include carry-forward receipts from previous year(s).
live_dashboard_2026,Department,Defence Production,2026-01-01,2026-08-24,pending_60_180_days,0,count,https://pgportal.gov.in/darpgdashboard,Official CPGRAMS live dashboard; disposals include carry-forward receipts from previous year(s).
live_dashboard_2026,Department,Defence Production,2026-01-01,2026-08-24,pending_180_365_days,0,count,https://pgportal.gov.in/darpgdashboard,Official CPGRAMS live dashboard; disposals include carry-forward receipts from previous year(s).
live_dashboard_2026,Department,Defence Production,2026-01-01,2026-08-24,pending_more_than_1_year,0,count,https://pgportal.gov.in/darpgdashboard,Official CPGRAMS live dashboard; disposals include carry-forward receipts from previous year(s).
live_dashboard_2026,Department,Defence Research and Development,2026-01-01,2026-08-24,received,758,count,https://pgportal.gov.in/darpgdashboard,Official CPGRAMS live dashboard; disposals include carry-forward receipts from previous year(s).
live_dashboard_2026,Department,Defence Research and Development,2026-01-01,2026-08-24,disposed,723,count,https://pgportal.gov.in/darpgdashboard,Official CPGRAMS live dashboard; disposals include carry-forward receipts from previous year(s).
live_dashboard_2026,Department,Defence Research and Development,2026-01-01,2026-08-24,percent_disposed,95.38,percent,https://pgportal.gov.in/darpgdashboard,Official CPGRAMS live dashboard; disposals include carry-forward receipts from previous year(s).
live_dashboard_2026,Department,Defence Research and Development,2026-01-01,2026-08-24,pending_0_60_days,33,count,https://pgportal.gov.in/darpgdashboard,Official CPGRAMS live dashboard; disposals include carry-forward receipts from previous year(s).
live_dashboard_2026,Department,Defence Research and Development,2026-01-01,2026-08-24,pending_60_180_days,2,count,https://pgportal.gov.in/darpgdashboard,Official CPGRAMS live dashboard; disposals include carry-forward receipts from previous year(s).
live_dashboard_2026,Department,Defence Research and Development,2026-01-01,2026-08-24,pending_180_365_days,0,count,https://pgportal.gov.in/darpgdashboard,Official CPGRAMS live dashboard; disposals include carry-forward receipts from previous year(s).
live_dashboard_2026,Department,Defence Research and Development,2026-01-01,2026-08-24,pending_more_than_1_year,0,count,https://pgportal.gov.in/darpgdashboard,Official CPGRAMS live dashboard; disposals include carry-forward receipts from previous year(s).
live_dashboard_2026,Department,Financial Services (Banking Division),2026-01-01,2026-08-24,received,202121,count,https://pgportal.gov.in/darpgdashboard,Official CPGRAMS live dashboard; disposals include carry-forward receipts from previous year(s).
live_dashboard_2026,Department,Financial Services (Banking Division),2026-01-01,2026-08-24,disposed,195849,count,https://pgportal.gov.in/darpgdashboard,Official CPGRAMS live dashboard; disposals include carry-forward receipts from previous year(s).
live_dashboard_2026,Department,Financial Services (Banking Division),2026-01-01,2026-08-24,percent_disposed,96.9,percent,https://pgportal.gov.in/darpgdashboard,Official CPGRAMS live dashboard; disposals include carry-forward receipts from previous year(s).
live_dashboard_2026,Department,Financial Services (Banking Division),2026-01-01,2026-08-24,pending_0_60_days,6264,count,https://pgportal.gov.in/darpgdashboard,Official CPGRAMS live dashboard; disposals include carry-forward receipts from previous year(s).
live_dashboard_2026,Department,Financial Services (Banking Division),2026-01-01,2026-08-24,pending_60_180_days,6,count,https://pgportal.gov.in/darpgdashboard,Official CPGRAMS live dashboard; disposals include carry-forward receipts from previous year(s).
live_dashboard_2026,Department,Financial Services (Banking Division),2026-01-01,2026-08-24,pending_180_365_days,2,count,https://pgportal.gov.in/darpgdashboard,Official CPGRAMS live dashboard; disposals include carry-forward receipts from previous year(s).
live_dashboard_2026,Department,Financial Services (Banking Division),2026-01-01,2026-08-24,pending_more_than_1_year,0,count,https://pgportal.gov.in/darpgdashboard,Official CPGRAMS live dashboard; disposals include carry-forward receipts from previous year(s).
live_dashboard_2026,Department,Financial Services (Insurance Division),2026-01-01,2026-08-24,received,25330,count,https://pgportal.gov.in/darpgdashboard,Official CPGRAMS live dashboard; disposals include carry-forward receipts from previous year(s).
live_dashboard_2026,Department,Financial Services (Insurance Division),2026-01-01,2026-08-24,disposed,24605,count,https://pgportal.gov.in/darpgdashboard,Official CPGRAMS live dashboard; disposals include carry-forward receipts from previous year(s).
live_dashboard_2026,Department,Financial Services (Insurance Division),2026-01-01,2026-08-24,percent_disposed,97.14,percent,https://pgportal.gov.in/darpgdashboard,Official CPGRAMS live dashboard; disposals include carry-forward receipts from previous year(s).
live_dashboard_2026,Department,Financial Services (Insurance Division),2026-01-01,2026-08-24,pending_0_60_days,722,count,https://pgportal.gov.in/darpgdashboard,Official CPGRAMS live dashboard; disposals include carry-forward receipts from previous year(s).
live_dashboard_2026,Department,Financial Services (Insurance Division),2026-01-01,2026-08-24,pending_60_180_days,2,count,https://pgportal.gov.in/darpgdashboard,Official CPGRAMS live dashboard; disposals include carry-forward receipts from previous year(s).
live_dashboard_2026,Department,Financial Services (Insurance Division),2026-01-01,2026-08-24,pending_180_365_days,1,count,https://pgportal.gov.in/darpgdashboard,Official CPGRAMS live dashboard; disposals include carry-forward receipts from previous year(s).
live_dashboard_2026,Department,Financial Services (Insurance Division),2026-01-01,2026-08-24,pending_more_than_1_year,0,count,https://pgportal.gov.in/darpgdashboard,Official CPGRAMS live dashboard; disposals include carry-forward receipts from previous year(s).
live_dashboard_2026,Department,Financial Services (Pension Reforms),2026-01-01,2026-08-24,received,3316,count,https://pgportal.gov.in/darpgdashboard,Official CPGRAMS live dashboard; disposals include carry-forward receipts from previous year(s).
live_dashboard_2026,Department,Financial Services (Pension Reforms),2026-01-01,2026-08-24,disposed,3277,count,https://pgportal.gov.in/darpgdashboard,Official CPGRAMS live dashboard; disposals include carry-forward receipts from previous year(s).
live_dashboard_2026,Department,Financial Services (Pension Reforms),2026-01-01,2026-08-24,percent_disposed,98.82,percent,https://pgportal.gov.in/darpgdashboard,Official CPGRAMS live dashboard; disposals include carry-forward receipts from previous year(s).
live_dashboard_2026,Department,Financial Services (Pension Reforms),2026-01-01,2026-08-24,pending_0_60_days,39,count,https://pgportal.gov.in/darpgdashboard,Official CPGRAMS live dashboard; disposals include carry-forward receipts from previous year(s).
live_dashboard_2026,Department,Financial Services (Pension Reforms),2026-01-01,2026-08-24,pending_60_180_days,0,count,https://pgportal.gov.in/darpgdashboard,Official CPGRAMS live dashboard; disposals include carry-forward receipts from previous year(s).
live_dashboard_2026,Department,Financial Services (Pension Reforms),2026-01-01,2026-08-24,pending_180_365_days,0,count,https://pgportal.gov.in/darpgdashboard,Official CPGRAMS live dashboard; disposals include carry-forward receipts from previous year(s).
live_dashboard_2026,Department,Financial Services (Pension Reforms),2026-01-01,2026-08-24,pending_more_than_1_year,0,count,https://pgportal.gov.in/darpgdashboard,Official CPGRAMS live dashboard; disposals include carry-forward receipts from previous year(s).
live_dashboard_2026,Department,Justice,2026-01-01,2026-08-24,received,8754,count,https://pgportal.gov.in/darpgdashboard,Official CPGRAMS live dashboard; disposals include carry-forward receipts from previous year(s).
live_dashboard_2026,Department,Justice,2026-01-01,2026-08-24,disposed,8054,count,https://pgportal.gov.in/darpgdashboard,Official CPGRAMS live dashboard; disposals include carry-forward receipts from previous year(s).
live_dashboard_2026,Department,Justice,2026-01-01,2026-08-24,percent_disposed,92.0,percent,https://pgportal.gov.in/darpgdashboard,Official CPGRAMS live dashboard; disposals include carry-forward receipts from previous year(s).
live_dashboard_2026,Department,Justice,2026-01-01,2026-08-24,pending_0_60_days,546,count,https://pgportal.gov.in/darpgdashboard,Official CPGRAMS live dashboard; disposals include carry-forward receipts from previous year(s).
live_dashboard_2026,Department,Justice,2026-01-01,2026-08-24,pending_60_180_days,150,count,https://pgportal.gov.in/darpgdashboard,Official CPGRAMS live dashboard; disposals include carry-forward receipts from previous year(s).
live_dashboard_2026,Department,Justice,2026-01-01,2026-08-24,pending_180_365_days,4,count,https://pgportal.gov.in/darpgdashboard,Official CPGRAMS live dashboard; disposals include carry-forward receipts from previous year(s).
live_dashboard_2026,Department,Justice,2026-01-01,2026-08-24,pending_more_than_1_year,0,count,https://pgportal.gov.in/darpgdashboard,Official CPGRAMS live dashboard; disposals include carry-forward receipts from previous year(s).
live_dashboard_2026,Department,Fisheries,2026-01-01,2026-08-24,received,429,count,https://pgportal.gov.in/darpgdashboard,Official CPGRAMS live dashboard; disposals include carry-forward receipts from previous year(s).
live_dashboard_2026,Department,Fisheries,2026-01-01,2026-08-24,disposed,422,count,https://pgportal.gov.in/darpgdashboard,Official CPGRAMS live dashboard; disposals include carry-forward receipts from previous year(s).
live_dashboard_2026,Department,Fisheries,2026-01-01,2026-08-24,percent_disposed,98.37,percent,https://pgportal.gov.in/darpgdashboard,Official CPGRAMS live dashboard; disposals include carry-forward receipts from previous year(s).
live_dashboard_2026,Department,Fisheries,2026-01-01,2026-08-24,pending_0_60_days,7,count,https://pgportal.gov.in/darpgdashboard,Official CPGRAMS live dashboard; disposals include carry-forward receipts from previous year(s).
live_dashboard_2026,Department,Fisheries,2026-01-01,2026-08-24,pending_60_180_days,0,count,https://pgportal.gov.in/darpgdashboard,Official CPGRAMS live dashboard; disposals include carry-forward receipts from previous year(s).
live_dashboard_2026,Department,Fisheries,2026-01-01,2026-08-24,pending_180_365_days,0,count,https://pgportal.gov.in/darpgdashboard,Official CPGRAMS live dashboard; disposals include carry-forward receipts from previous year(s).
live_dashboard_2026,Department,Fisheries,2026-01-01,2026-08-24,pending_more_than_1_year,0,count,https://pgportal.gov.in/darpgdashboard,Official CPGRAMS live dashboard; disposals include carry-forward receipts from previous year(s).
live_dashboard_2026,Department,Heavy Industry,2026-01-01,2026-08-24,received,1518,count,https://pgportal.gov.in/darpgdashboard,Official CPGRAMS live dashboard; disposals include carry-forward receipts from previous year(s).
live_dashboard_2026,Department,Heavy Industry,2026-01-01,2026-08-24,disposed,1472,count,https://pgportal.gov.in/darpgdashboard,Official CPGRAMS live dashboard; disposals include carry-forward receipts from previous year(s).
live_dashboard_2026,Department,Heavy Industry,2026-01-01,2026-08-24,percent_disposed,96.97,percent,https://pgportal.gov.in/darpgdashboard,Official CPGRAMS live dashboard; disposals include carry-forward receipts from previous year(s).
live_dashboard_2026,Department,Heavy Industry,2026-01-01,2026-08-24,pending_0_60_days,46,count,https://pgportal.gov.in/darpgdashboard,Official CPGRAMS live dashboard; disposals include carry-forward receipts from previous year(s).
live_dashboard_2026,Department,Heavy Industry,2026-01-01,2026-08-24,pending_60_180_days,0,count,https://pgportal.gov.in/darpgdashboard,Official CPGRAMS live dashboard; disposals include carry-forward receipts from previous year(s).
live_dashboard_2026,Department,Heavy Industry,2026-01-01,2026-08-24,pending_180_365_days,0,count,https://pgportal.gov.in/darpgdashboard,Official CPGRAMS live dashboard; disposals include carry-forward receipts from previous year(s).
live_dashboard_2026,Department,Heavy Industry,2026-01-01,2026-08-24,pending_more_than_1_year,0,count,https://pgportal.gov.in/darpgdashboard,Official CPGRAMS live dashboard; disposals include carry-forward receipts from previous year(s).
live_dashboard_2026,Department,Health & Family Welfare,2026-01-01,2026-08-24,received,46123,count,https://pgportal.gov.in/darpgdashboard,Official CPGRAMS live dashboard; disposals include carry-forward receipts from previous year(s).
live_dashboard_2026,Department,Health & Family Welfare,2026-01-01,2026-08-24,disposed,44886,count,https://pgportal.gov.in/darpgdashboard,Official CPGRAMS live dashboard; disposals include carry-forward receipts from previous year(s).
live_dashboard_2026,Department,Health & Family Welfare,2026-01-01,2026-08-24,percent_disposed,97.32,percent,https://pgportal.gov.in/darpgdashboard,Official CPGRAMS live dashboard; disposals include carry-forward receipts from previous year(s).
live_dashboard_2026,Department,Health & Family Welfare,2026-01-01,2026-08-24,pending_0_60_days,1169,count,https://pgportal.gov.in/darpgdashboard,Official CPGRAMS live dashboard; disposals include carry-forward receipts from previous year(s).
live_dashboard_2026,Department,Health & Family Welfare,2026-01-01,2026-08-24,pending_60_180_days,59,count,https://pgportal.gov.in/darpgdashboard,Official CPGRAMS live dashboard; disposals include carry-forward receipts from previous year(s).
live_dashboard_2026,Department,Health & Family Welfare,2026-01-01,2026-08-24,pending_180_365_days,9,count,https://pgportal.gov.in/darpgdashboard,Official CPGRAMS live dashboard; disposals include carry-forward receipts from previous year(s).
live_dashboard_2026,Department,Health & Family Welfare,2026-01-01,2026-08-24,pending_more_than_1_year,0,count,https://pgportal.gov.in/darpgdashboard,Official CPGRAMS live dashboard; disposals include carry-forward receipts from previous year(s).
live_dashboard_2026,Department,Health Research,2026-01-01,2026-08-24,received,1026,count,https://pgportal.gov.in/darpgdashboard,Official CPGRAMS live dashboard; disposals include carry-forward receipts from previous year(s).
live_dashboard_2026,Department,Health Research,2026-01-01,2026-08-24,disposed,972,count,https://pgportal.gov.in/darpgdashboard,Official CPGRAMS live dashboard; disposals include carry-forward receipts from previous year(s).
live_dashboard_2026,Department,Health Research,2026-01-01,2026-08-24,percent_disposed,94.74,percent,https://pgportal.gov.in/darpgdashboard,Official CPGRAMS live dashboard; disposals include carry-forward receipts from previous year(s).
live_dashboard_2026,Department,Health Research,2026-01-01,2026-08-24,pending_0_60_days,54,count,https://pgportal.gov.in/darpgdashboard,Official CPGRAMS live dashboard; disposals include carry-forward receipts from previous year(s).
live_dashboard_2026,Department,Health Research,2026-01-01,2026-08-24,pending_60_180_days,0,count,https://pgportal.gov.in/darpgdashboard,Official CPGRAMS live dashboard; disposals include carry-forward receipts from previous year(s).
live_dashboard_2026,Department,Health Research,2026-01-01,2026-08-24,pending_180_365_days,0,count,https://pgportal.gov.in/darpgdashboard,Official CPGRAMS live dashboard; disposals include carry-forward receipts from previous year(s).
live_dashboard_2026,Department,Health Research,2026-01-01,2026-08-24,pending_more_than_1_year,0,count,https://pgportal.gov.in/darpgdashboard,Official CPGRAMS live dashboard; disposals include carry-forward receipts from previous year(s).
live_dashboard_2026,Department,Legal Affairs,2026-01-01,2026-08-24,received,3718,count,https://pgportal.gov.in/darpgdashboard,Official CPGRAMS live dashboard; disposals include carry-forward receipts from previous year(s).
live_dashboard_2026,Department,Legal Affairs,2026-01-01,2026-08-24,disposed,3431,count,https://pgportal.gov.in/darpgdashboard,Official CPGRAMS live dashboard; disposals include carry-forward receipts from previous year(s).
live_dashboard_2026,Department,Legal Affairs,2026-01-01,2026-08-24,percent_disposed,92.28,percent,https://pgportal.gov.in/darpgdashboard,Official CPGRAMS live dashboard; disposals include carry-forward receipts from previous year(s).
live_dashboard_2026,Department,Legal Affairs,2026-01-01,2026-08-24,pending_0_60_days,283,count,https://pgportal.gov.in/darpgdashboard,Official CPGRAMS live dashboard; disposals include carry-forward receipts from previous year(s).
live_dashboard_2026,Department,Legal Affairs,2026-01-01,2026-08-24,pending_60_180_days,4,count,https://pgportal.gov.in/darpgdashboard,Official CPGRAMS live dashboard; disposals include carry-forward receipts from previous year(s).
live_dashboard_2026,Department,Legal Affairs,2026-01-01,2026-08-24,pending_180_365_days,0,count,https://pgportal.gov.in/darpgdashboard,Official CPGRAMS live dashboard; disposals include carry-forward receipts from previous year(s).
live_dashboard_2026,Department,Legal Affairs,2026-01-01,2026-08-24,pending_more_than_1_year,0,count,https://pgportal.gov.in/darpgdashboard,Official CPGRAMS live dashboard; disposals include carry-forward receipts from previous year(s).
live_dashboard_2026,Department,Military Affairs,2026-01-01,2026-08-24,received,19455,count,https://pgportal.gov.in/darpgdashboard,Official CPGRAMS live dashboard; disposals include carry-forward receipts from previous year(s).
live_dashboard_2026,Department,Military Affairs,2026-01-01,2026-08-24,disposed,18426,count,https://pgportal.gov.in/darpgdashboard,Official CPGRAMS live dashboard; disposals include carry-forward receipts from previous year(s).
live_dashboard_2026,Department,Military Affairs,2026-01-01,2026-08-24,percent_disposed,94.71,percent,https://pgportal.gov.in/darpgdashboard,Official CPGRAMS live dashboard; disposals include carry-forward receipts from previous year(s).
live_dashboard_2026,Department,Military Affairs,2026-01-01,2026-08-24,pending_0_60_days,993,count,https://pgportal.gov.in/darpgdashboard,Official CPGRAMS live dashboard; disposals include carry-forward receipts from previous year(s).
live_dashboard_2026,Department,Military Affairs,2026-01-01,2026-08-24,pending_60_180_days,36,count,https://pgportal.gov.in/darpgdashboard,Official CPGRAMS live dashboard; disposals include carry-forward receipts from previous year(s).
live_dashboard_2026,Department,Military Affairs,2026-01-01,2026-08-24,pending_180_365_days,0,count,https://pgportal.gov.in/darpgdashboard,Official CPGRAMS live dashboard; disposals include carry-forward receipts from previous year(s).
live_dashboard_2026,Department,Military Affairs,2026-01-01,2026-08-24,pending_more_than_1_year,0,count,https://pgportal.gov.in/darpgdashboard,Official CPGRAMS live dashboard; disposals include carry-forward receipts from previous year(s).
live_dashboard_2026,Department,Agriculture and Farmers Welfare,2026-01-01,2026-08-24,received,26537,count,https://pgportal.gov.in/darpgdashboard,Official CPGRAMS live dashboard; disposals include carry-forward receipts from previous year(s).
live_dashboard_2026,Department,Agriculture and Farmers Welfare,2026-01-01,2026-08-24,disposed,25718,count,https://pgportal.gov.in/darpgdashboard,Official CPGRAMS live dashboard; disposals include carry-forward receipts from previous year(s).
live_dashboard_2026,Department,Agriculture and Farmers Welfare,2026-01-01,2026-08-24,percent_disposed,96.91,percent,https://pgportal.gov.in/darpgdashboard,Official CPGRAMS live dashboard; disposals include carry-forward receipts from previous year(s).
live_dashboard_2026,Department,Agriculture and Farmers Welfare,2026-01-01,2026-08-24,pending_0_60_days,819,count,https://pgportal.gov.in/darpgdashboard,Official CPGRAMS live dashboard; disposals include carry-forward receipts from previous year(s).
live_dashboard_2026,Department,Agriculture and Farmers Welfare,2026-01-01,2026-08-24,pending_60_180_days,0,count,https://pgportal.gov.in/darpgdashboard,Official CPGRAMS live dashboard; disposals include carry-forward receipts from previous year(s).
live_dashboard_2026,Department,Agriculture and Farmers Welfare,2026-01-01,2026-08-24,pending_180_365_days,0,count,https://pgportal.gov.in/darpgdashboard,Official CPGRAMS live dashboard; disposals include carry-forward receipts from previous year(s).
live_dashboard_2026,Department,Agriculture and Farmers Welfare,2026-01-01,2026-08-24,pending_more_than_1_year,0,count,https://pgportal.gov.in/darpgdashboard,Official CPGRAMS live dashboard; disposals include carry-forward receipts from previous year(s).
live_dashboard_2026,Department,"Animal Husbandry, Dairying",2026-01-01,2026-08-24,received,2286,count,https://pgportal.gov.in/darpgdashboard,Official CPGRAMS live dashboard; disposals include carry-forward receipts from previous year(s).
live_dashboard_2026,Department,"Animal Husbandry, Dairying",2026-01-01,2026-08-24,disposed,2205,count,https://pgportal.gov.in/darpgdashboard,Official CPGRAMS live dashboard; disposals include carry-forward receipts from previous year(s).
live_dashboard_2026,Department,"Animal Husbandry, Dairying",2026-01-01,2026-08-24,percent_disposed,96.46,percent,https://pgportal.gov.in/darpgdashboard,Official CPGRAMS live dashboard; disposals include carry-forward receipts from previous year(s).
live_dashboard_2026,Department,"Animal Husbandry, Dairying",2026-01-01,2026-08-24,pending_0_60_days,78,count,https://pgportal.gov.in/darpgdashboard,Official CPGRAMS live dashboard; disposals include carry-forward receipts from previous year(s).
live_dashboard_2026,Department,"Animal Husbandry, Dairying",2026-01-01,2026-08-24,pending_60_180_days,3,count,https://pgportal.gov.in/darpgdashboard,Official CPGRAMS live dashboard; disposals include carry-forward receipts from previous year(s).
live_dashboard_2026,Department,"Animal Husbandry, Dairying",2026-01-01,2026-08-24,pending_180_365_days,0,count,https://pgportal.gov.in/darpgdashboard,Official CPGRAMS live dashboard; disposals include carry-forward receipts from previous year(s).
live_dashboard_2026,Department,"Animal Husbandry, Dairying",2026-01-01,2026-08-24,pending_more_than_1_year,0,count,https://pgportal.gov.in/darpgdashboard,Official CPGRAMS live dashboard; disposals include carry-forward receipts from previous year(s).
live_dashboard_2026,Department,Agriculture Research and Education,2026-01-01,2026-08-24,received,1149,count,https://pgportal.gov.in/darpgdashboard,Official CPGRAMS live dashboard; disposals include carry-forward receipts from previous year(s).
live_dashboard_2026,Department,Agriculture Research and Education,2026-01-01,2026-08-24,disposed,1069,count,https://pgportal.gov.in/darpgdashboard,Official CPGRAMS live dashboard; disposals include carry-forward receipts from previous year(s).
live_dashboard_2026,Department,Agriculture Research and Education,2026-01-01,2026-08-24,percent_disposed,93.04,percent,https://pgportal.gov.in/darpgdashboard,Official CPGRAMS live dashboard; disposals include carry-forward receipts from previous year(s).
live_dashboard_2026,Department,Agriculture Research and Education,2026-01-01,2026-08-24,pending_0_60_days,78,count,https://pgportal.gov.in/darpgdashboard,Official CPGRAMS live dashboard; disposals include carry-forward receipts from previous year(s).
live_dashboard_2026,Department,Agriculture Research and Education,2026-01-01,2026-08-24,pending_60_180_days,2,count,https://pgportal.gov.in/darpgdashboard,Official CPGRAMS live dashboard; disposals include carry-forward receipts from previous year(s).
live_dashboard_2026,Department,Agriculture Research and Education,2026-01-01,2026-08-24,pending_180_365_days,0,count,https://pgportal.gov.in/darpgdashboard,Official CPGRAMS live dashboard; disposals include carry-forward receipts from previous year(s).
live_dashboard_2026,Department,Agriculture Research and Education,2026-01-01,2026-08-24,pending_more_than_1_year,0,count,https://pgportal.gov.in/darpgdashboard,Official CPGRAMS live dashboard; disposals include carry-forward receipts from previous year(s).
live_dashboard_2026,Department,Consumer Affairs,2026-01-01,2026-08-24,received,24260,count,https://pgportal.gov.in/darpgdashboard,Official CPGRAMS live dashboard; disposals include carry-forward receipts from previous year(s).
live_dashboard_2026,Department,Consumer Affairs,2026-01-01,2026-08-24,disposed,24008,count,https://pgportal.gov.in/darpgdashboard,Official CPGRAMS live dashboard; disposals include carry-forward receipts from previous year(s).
live_dashboard_2026,Department,Consumer Affairs,2026-01-01,2026-08-24,percent_disposed,98.96,percent,https://pgportal.gov.in/darpgdashboard,Official CPGRAMS live dashboard; disposals include carry-forward receipts from previous year(s).
live_dashboard_2026,Department,Consumer Affairs,2026-01-01,2026-08-24,pending_0_60_days,251,count,https://pgportal.gov.in/darpgdashboard,Official CPGRAMS live dashboard; disposals include carry-forward receipts from previous year(s).
live_dashboard_2026,Department,Consumer Affairs,2026-01-01,2026-08-24,pending_60_180_days,1,count,https://pgportal.gov.in/darpgdashboard,Official CPGRAMS live dashboard; disposals include carry-forward receipts from previous year(s).
live_dashboard_2026,Department,Consumer Affairs,2026-01-01,2026-08-24,pending_180_365_days,0,count,https://pgportal.gov.in/darpgdashboard,Official CPGRAMS live dashboard; disposals include carry-forward receipts from previous year(s).
live_dashboard_2026,Department,Consumer Affairs,2026-01-01,2026-08-24,pending_more_than_1_year,0,count,https://pgportal.gov.in/darpgdashboard,Official CPGRAMS live dashboard; disposals include carry-forward receipts from previous year(s).
live_dashboard_2026,Department,Earth Sciences,2026-01-01,2026-08-24,received,255,count,https://pgportal.gov.in/darpgdashboard,Official CPGRAMS live dashboard; disposals include carry-forward receipts from previous year(s).
live_dashboard_2026,Department,Earth Sciences,2026-01-01,2026-08-24,disposed,249,count,https://pgportal.gov.in/darpgdashboard,Official CPGRAMS live dashboard; disposals include carry-forward receipts from previous year(s).
live_dashboard_2026,Department,Earth Sciences,2026-01-01,2026-08-24,percent_disposed,97.65,percent,https://pgportal.gov.in/darpgdashboard,Official CPGRAMS live dashboard; disposals include carry-forward receipts from previous year(s).
live_dashboard_2026,Department,Earth Sciences,2026-01-01,2026-08-24,pending_0_60_days,6,count,https://pgportal.gov.in/darpgdashboard,Official CPGRAMS live dashboard; disposals include carry-forward receipts from previous year(s).
live_dashboard_2026,Department,Earth Sciences,2026-01-01,2026-08-24,pending_60_180_days,0,count,https://pgportal.gov.in/darpgdashboard,Official CPGRAMS live dashboard; disposals include carry-forward receipts from previous year(s).
live_dashboard_2026,Department,Earth Sciences,2026-01-01,2026-08-24,pending_180_365_days,0,count,https://pgportal.gov.in/darpgdashboard,Official CPGRAMS live dashboard; disposals include carry-forward receipts from previous year(s).
live_dashboard_2026,Department,Earth Sciences,2026-01-01,2026-08-24,pending_more_than_1_year,0,count,https://pgportal.gov.in/darpgdashboard,Official CPGRAMS live dashboard; disposals include carry-forward receipts from previous year(s).
live_dashboard_2026,Department,Commerce,2026-01-01,2026-08-24,received,3299,count,https://pgportal.gov.in/darpgdashboard,Official CPGRAMS live dashboard; disposals include carry-forward receipts from previous year(s).
live_dashboard_2026,Department,Commerce,2026-01-01,2026-08-24,disposed,3159,count,https://pgportal.gov.in/darpgdashboard,Official CPGRAMS live dashboard; disposals include carry-forward receipts from previous year(s).
live_dashboard_2026,Department,Commerce,2026-01-01,2026-08-24,percent_disposed,95.76,percent,https://pgportal.gov.in/darpgdashboard,Official CPGRAMS live dashboard; disposals include carry-forward receipts from previous year(s).
live_dashboard_2026,Department,Commerce,2026-01-01,2026-08-24,pending_0_60_days,136,count,https://pgportal.gov.in/darpgdashboard,Official CPGRAMS live dashboard; disposals include carry-forward receipts from previous year(s).
live_dashboard_2026,Department,Commerce,2026-01-01,2026-08-24,pending_60_180_days,4,count,https://pgportal.gov.in/darpgdashboard,Official CPGRAMS live dashboard; disposals include carry-forward receipts from previous year(s).
live_dashboard_2026,Department,Commerce,2026-01-01,2026-08-24,pending_180_365_days,0,count,https://pgportal.gov.in/darpgdashboard,Official CPGRAMS live dashboard; disposals include carry-forward receipts from previous year(s).
live_dashboard_2026,Department,Commerce,2026-01-01,2026-08-24,pending_more_than_1_year,0,count,https://pgportal.gov.in/darpgdashboard,Official CPGRAMS live dashboard; disposals include carry-forward receipts from previous year(s).
live_dashboard_2026,Department,Chemicals and Petrochemicals,2026-01-01,2026-08-24,received,780,count,https://pgportal.gov.in/darpgdashboard,Official CPGRAMS live dashboard; disposals include carry-forward receipts from previous year(s).
live_dashboard_2026,Department,Chemicals and Petrochemicals,2026-01-01,2026-08-24,disposed,775,count,https://pgportal.gov.in/darpgdashboard,Official CPGRAMS live dashboard; disposals include carry-forward receipts from previous year(s).
live_dashboard_2026,Department,Chemicals and Petrochemicals,2026-01-01,2026-08-24,percent_disposed,99.36,percent,https://pgportal.gov.in/darpgdashboard,Official CPGRAMS live dashboard; disposals include carry-forward receipts from previous year(s).
live_dashboard_2026,Department,Chemicals and Petrochemicals,2026-01-01,2026-08-24,pending_0_60_days,5,count,https://pgportal.gov.in/darpgdashboard,Official CPGRAMS live dashboard; disposals include carry-forward receipts from previous year(s).
live_dashboard_2026,Department,Chemicals and Petrochemicals,2026-01-01,2026-08-24,pending_60_180_days,0,count,https://pgportal.gov.in/darpgdashboard,Official CPGRAMS live dashboard; disposals include carry-forward receipts from previous year(s).
live_dashboard_2026,Department,Chemicals and Petrochemicals,2026-01-01,2026-08-24,pending_180_365_days,0,count,https://pgportal.gov.in/darpgdashboard,Official CPGRAMS live dashboard; disposals include carry-forward receipts from previous year(s).
live_dashboard_2026,Department,Chemicals and Petrochemicals,2026-01-01,2026-08-24,pending_more_than_1_year,0,count,https://pgportal.gov.in/darpgdashboard,Official CPGRAMS live dashboard; disposals include carry-forward receipts from previous year(s).
live_dashboard_2026,Department,Empowerment of Persons with Disabilities,2026-01-01,2026-08-24,received,4155,count,https://pgportal.gov.in/darpgdashboard,Official CPGRAMS live dashboard; disposals include carry-forward receipts from previous year(s).
live_dashboard_2026,Department,Empowerment of Persons with Disabilities,2026-01-01,2026-08-24,disposed,4064,count,https://pgportal.gov.in/darpgdashboard,Official CPGRAMS live dashboard; disposals include carry-forward receipts from previous year(s).
live_dashboard_2026,Department,Empowerment of Persons with Disabilities,2026-01-01,2026-08-24,percent_disposed,97.81,percent,https://pgportal.gov.in/darpgdashboard,Official CPGRAMS live dashboard; disposals include carry-forward receipts from previous year(s).
live_dashboard_2026,Department,Empowerment of Persons with Disabilities,2026-01-01,2026-08-24,pending_0_60_days,91,count,https://pgportal.gov.in/darpgdashboard,Official CPGRAMS live dashboard; disposals include carry-forward receipts from previous year(s).
live_dashboard_2026,Department,Empowerment of Persons with Disabilities,2026-01-01,2026-08-24,pending_60_180_days,0,count,https://pgportal.gov.in/darpgdashboard,Official CPGRAMS live dashboard; disposals include carry-forward receipts from previous year(s).
live_dashboard_2026,Department,Empowerment of Persons with Disabilities,2026-01-01,2026-08-24,pending_180_365_days,0,count,https://pgportal.gov.in/darpgdashboard,Official CPGRAMS live dashboard; disposals include carry-forward receipts from previous year(s).
live_dashboard_2026,Department,Empowerment of Persons with Disabilities,2026-01-01,2026-08-24,pending_more_than_1_year,0,count,https://pgportal.gov.in/darpgdashboard,Official CPGRAMS live dashboard; disposals include carry-forward receipts from previous year(s).
live_dashboard_2026,Department,Investment & Public Asset Management,2026-01-01,2026-08-24,received,556,count,https://pgportal.gov.in/darpgdashboard,Official CPGRAMS live dashboard; disposals include carry-forward receipts from previous year(s).
live_dashboard_2026,Department,Investment & Public Asset Management,2026-01-01,2026-08-24,disposed,553,count,https://pgportal.gov.in/darpgdashboard,Official CPGRAMS live dashboard; disposals include carry-forward receipts from previous year(s).
live_dashboard_2026,Department,Investment & Public Asset Management,2026-01-01,2026-08-24,percent_disposed,99.46,percent,https://pgportal.gov.in/darpgdashboard,Official CPGRAMS live dashboard; disposals include carry-forward receipts from previous year(s).
live_dashboard_2026,Department,Investment & Public Asset Management,2026-01-01,2026-08-24,pending_0_60_days,3,count,https://pgportal.gov.in/darpgdashboard,Official CPGRAMS live dashboard; disposals include carry-forward receipts from previous year(s).
live_dashboard_2026,Department,Investment & Public Asset Management,2026-01-01,2026-08-24,pending_60_180_days,0,count,https://pgportal.gov.in/darpgdashboard,Official CPGRAMS live dashboard; disposals include carry-forward receipts from previous year(s).
live_dashboard_2026,Department,Investment & Public Asset Management,2026-01-01,2026-08-24,pending_180_365_days,0,count,https://pgportal.gov.in/darpgdashboard,Official CPGRAMS live dashboard; disposals include carry-forward receipts from previous year(s).
live_dashboard_2026,Department,Investment & Public Asset Management,2026-01-01,2026-08-24,pending_more_than_1_year,0,count,https://pgportal.gov.in/darpgdashboard,Official CPGRAMS live dashboard; disposals include carry-forward receipts from previous year(s).
live_dashboard_2026,Department,Drinking Water and Sanitation,2026-01-01,2026-08-24,received,9619,count,https://pgportal.gov.in/darpgdashboard,Official CPGRAMS live dashboard; disposals include carry-forward receipts from previous year(s).
live_dashboard_2026,Department,Drinking Water and Sanitation,2026-01-01,2026-08-24,disposed,9104,count,https://pgportal.gov.in/darpgdashboard,Official CPGRAMS live dashboard; disposals include carry-forward receipts from previous year(s).
live_dashboard_2026,Department,Drinking Water and Sanitation,2026-01-01,2026-08-24,percent_disposed,94.65,percent,https://pgportal.gov.in/darpgdashboard,Official CPGRAMS live dashboard; disposals include carry-forward receipts from previous year(s).
live_dashboard_2026,Department,Drinking Water and Sanitation,2026-01-01,2026-08-24,pending_0_60_days,458,count,https://pgportal.gov.in/darpgdashboard,Official CPGRAMS live dashboard; disposals include carry-forward receipts from previous year(s).
live_dashboard_2026,Department,Drinking Water and Sanitation,2026-01-01,2026-08-24,pending_60_180_days,47,count,https://pgportal.gov.in/darpgdashboard,Official CPGRAMS live dashboard; disposals include carry-forward receipts from previous year(s).
live_dashboard_2026,Department,Drinking Water and Sanitation,2026-01-01,2026-08-24,pending_180_365_days,10,count,https://pgportal.gov.in/darpgdashboard,Official CPGRAMS live dashboard; disposals include carry-forward receipts from previous year(s).
live_dashboard_2026,Department,Drinking Water and Sanitation,2026-01-01,2026-08-24,pending_more_than_1_year,0,count,https://pgportal.gov.in/darpgdashboard,Official CPGRAMS live dashboard; disposals include carry-forward receipts from previous year(s).
live_dashboard_2026,Department,Economic Affairs,2026-01-01,2026-08-24,received,2594,count,https://pgportal.gov.in/darpgdashboard,Official CPGRAMS live dashboard; disposals include carry-forward receipts from previous year(s).
live_dashboard_2026,Department,Economic Affairs,2026-01-01,2026-08-24,disposed,2448,count,https://pgportal.gov.in/darpgdashboard,Official CPGRAMS live dashboard; disposals include carry-forward receipts from previous year(s).
live_dashboard_2026,Department,Economic Affairs,2026-01-01,2026-08-24,percent_disposed,94.37,percent,https://pgportal.gov.in/darpgdashboard,Official CPGRAMS live dashboard; disposals include carry-forward receipts from previous year(s).
live_dashboard_2026,Department,Economic Affairs,2026-01-01,2026-08-24,pending_0_60_days,126,count,https://pgportal.gov.in/darpgdashboard,Official CPGRAMS live dashboard; disposals include carry-forward receipts from previous year(s).
live_dashboard_2026,Department,Economic Affairs,2026-01-01,2026-08-24,pending_60_180_days,20,count,https://pgportal.gov.in/darpgdashboard,Official CPGRAMS live dashboard; disposals include carry-forward receipts from previous year(s).
live_dashboard_2026,Department,Economic Affairs,2026-01-01,2026-08-24,pending_180_365_days,0,count,https://pgportal.gov.in/darpgdashboard,Official CPGRAMS live dashboard; disposals include carry-forward receipts from previous year(s).
live_dashboard_2026,Department,Economic Affairs,2026-01-01,2026-08-24,pending_more_than_1_year,0,count,https://pgportal.gov.in/darpgdashboard,Official CPGRAMS live dashboard; disposals include carry-forward receipts from previous year(s).
live_dashboard_2026,Department,Expenditure,2026-01-01,2026-08-24,received,1756,count,https://pgportal.gov.in/darpgdashboard,Official CPGRAMS live dashboard; disposals include carry-forward receipts from previous year(s).
live_dashboard_2026,Department,Expenditure,2026-01-01,2026-08-24,disposed,1663,count,https://pgportal.gov.in/darpgdashboard,Official CPGRAMS live dashboard; disposals include carry-forward receipts from previous year(s).
live_dashboard_2026,Department,Expenditure,2026-01-01,2026-08-24,percent_disposed,94.7,percent,https://pgportal.gov.in/darpgdashboard,Official CPGRAMS live dashboard; disposals include carry-forward receipts from previous year(s).
live_dashboard_2026,Department,Expenditure,2026-01-01,2026-08-24,pending_0_60_days,92,count,https://pgportal.gov.in/darpgdashboard,Official CPGRAMS live dashboard; disposals include carry-forward receipts from previous year(s).
live_dashboard_2026,Department,Expenditure,2026-01-01,2026-08-24,pending_60_180_days,1,count,https://pgportal.gov.in/darpgdashboard,Official CPGRAMS live dashboard; disposals include carry-forward receipts from previous year(s).
live_dashboard_2026,Department,Expenditure,2026-01-01,2026-08-24,pending_180_365_days,0,count,https://pgportal.gov.in/darpgdashboard,Official CPGRAMS live dashboard; disposals include carry-forward receipts from previous year(s).
live_dashboard_2026,Department,Expenditure,2026-01-01,2026-08-24,pending_more_than_1_year,0,count,https://pgportal.gov.in/darpgdashboard,Official CPGRAMS live dashboard; disposals include carry-forward receipts from previous year(s).
live_dashboard_2026,Department,Food and Public Distribution,2026-01-01,2026-08-24,received,15270,count,https://pgportal.gov.in/darpgdashboard,Official CPGRAMS live dashboard; disposals include carry-forward receipts from previous year(s).
live_dashboard_2026,Department,Food and Public Distribution,2026-01-01,2026-08-24,disposed,13983,count,https://pgportal.gov.in/darpgdashboard,Official CPGRAMS live dashboard; disposals include carry-forward receipts from previous year(s).
live_dashboard_2026,Department,Food and Public Distribution,2026-01-01,2026-08-24,percent_disposed,91.57,percent,https://pgportal.gov.in/darpgdashboard,Official CPGRAMS live dashboard; disposals include carry-forward receipts from previous year(s).
live_dashboard_2026,Department,Food and Public Distribution,2026-01-01,2026-08-24,pending_0_60_days,1098,count,https://pgportal.gov.in/darpgdashboard,Official CPGRAMS live dashboard; disposals include carry-forward receipts from previous year(s).
live_dashboard_2026,Department,Food and Public Distribution,2026-01-01,2026-08-24,pending_60_180_days,146,count,https://pgportal.gov.in/darpgdashboard,Official CPGRAMS live dashboard; disposals include carry-forward receipts from previous year(s).
live_dashboard_2026,Department,Food and Public Distribution,2026-01-01,2026-08-24,pending_180_365_days,43,count,https://pgportal.gov.in/darpgdashboard,Official CPGRAMS live dashboard; disposals include carry-forward receipts from previous year(s).
live_dashboard_2026,Department,Food and Public Distribution,2026-01-01,2026-08-24,pending_more_than_1_year,0,count,https://pgportal.gov.in/darpgdashboard,Official CPGRAMS live dashboard; disposals include carry-forward receipts from previous year(s).
live_dashboard_2026,Department,Food Processing Industries,2026-01-01,2026-08-24,received,464,count,https://pgportal.gov.in/darpgdashboard,Official CPGRAMS live dashboard; disposals include carry-forward receipts from previous year(s).
live_dashboard_2026,Department,Food Processing Industries,2026-01-01,2026-08-24,disposed,453,count,https://pgportal.gov.in/darpgdashboard,Official CPGRAMS live dashboard; disposals include carry-forward receipts from previous year(s).
live_dashboard_2026,Department,Food Processing Industries,2026-01-01,2026-08-24,percent_disposed,97.63,percent,https://pgportal.gov.in/darpgdashboard,Official CPGRAMS live dashboard; disposals include carry-forward receipts from previous year(s).
live_dashboard_2026,Department,Food Processing Industries,2026-01-01,2026-08-24,pending_0_60_days,11,count,https://pgportal.gov.in/darpgdashboard,Official CPGRAMS live dashboard; disposals include carry-forward receipts from previous year(s).
live_dashboard_2026,Department,Food Processing Industries,2026-01-01,2026-08-24,pending_60_180_days,0,count,https://pgportal.gov.in/darpgdashboard,Official CPGRAMS live dashboard; disposals include carry-forward receipts from previous year(s).
live_dashboard_2026,Department,Food Processing Industries,2026-01-01,2026-08-24,pending_180_365_days,0,count,https://pgportal.gov.in/darpgdashboard,Official CPGRAMS live dashboard; disposals include carry-forward receipts from previous year(s).
live_dashboard_2026,Department,Food Processing Industries,2026-01-01,2026-08-24,pending_more_than_1_year,0,count,https://pgportal.gov.in/darpgdashboard,Official CPGRAMS live dashboard; disposals include carry-forward receipts from previous year(s).
live_dashboard_2026,Department,Fertilizers,2026-01-01,2026-08-24,received,613,count,https://pgportal.gov.in/darpgdashboard,Official CPGRAMS live dashboard; disposals include carry-forward receipts from previous year(s).
live_dashboard_2026,Department,Fertilizers,2026-01-01,2026-08-24,disposed,587,count,https://pgportal.gov.in/darpgdashboard,Official CPGRAMS live dashboard; disposals include carry-forward receipts from previous year(s).
live_dashboard_2026,Department,Fertilizers,2026-01-01,2026-08-24,percent_disposed,95.76,percent,https://pgportal.gov.in/darpgdashboard,Official CPGRAMS live dashboard; disposals include carry-forward receipts from previous year(s).
live_dashboard_2026,Department,Fertilizers,2026-01-01,2026-08-24,pending_0_60_days,26,count,https://pgportal.gov.in/darpgdashboard,Official CPGRAMS live dashboard; disposals include carry-forward receipts from previous year(s).
live_dashboard_2026,Department,Fertilizers,2026-01-01,2026-08-24,pending_60_180_days,0,count,https://pgportal.gov.in/darpgdashboard,Official CPGRAMS live dashboard; disposals include carry-forward receipts from previous year(s).
live_dashboard_2026,Department,Fertilizers,2026-01-01,2026-08-24,pending_180_365_days,0,count,https://pgportal.gov.in/darpgdashboard,Official CPGRAMS live dashboard; disposals include carry-forward receipts from previous year(s).
live_dashboard_2026,Department,Fertilizers,2026-01-01,2026-08-24,pending_more_than_1_year,0,count,https://pgportal.gov.in/darpgdashboard,Official CPGRAMS live dashboard; disposals include carry-forward receipts from previous year(s).
live_dashboard_2026,Department,Promotion of Industry and Internal Trade,2026-01-01,2026-08-24,received,2188,count,https://pgportal.gov.in/darpgdashboard,Official CPGRAMS live dashboard; disposals include carry-forward receipts from previous year(s).
live_dashboard_2026,Department,Promotion of Industry and Internal Trade,2026-01-01,2026-08-24,disposed,2066,count,https://pgportal.gov.in/darpgdashboard,Official CPGRAMS live dashboard; disposals include carry-forward receipts from previous year(s).
live_dashboard_2026,Department,Promotion of Industry and Internal Trade,2026-01-01,2026-08-24,percent_disposed,94.42,percent,https://pgportal.gov.in/darpgdashboard,Official CPGRAMS live dashboard; disposals include carry-forward receipts from previous year(s).
live_dashboard_2026,Department,Promotion of Industry and Internal Trade,2026-01-01,2026-08-24,pending_0_60_days,121,count,https://pgportal.gov.in/darpgdashboard,Official CPGRAMS live dashboard; disposals include carry-forward receipts from previous year(s).
live_dashboard_2026,Department,Promotion of Industry and Internal Trade,2026-01-01,2026-08-24,pending_60_180_days,1,count,https://pgportal.gov.in/darpgdashboard,Official CPGRAMS live dashboard; disposals include carry-forward receipts from previous year(s).
live_dashboard_2026,Department,Promotion of Industry and Internal Trade,2026-01-01,2026-08-24,pending_180_365_days,0,count,https://pgportal.gov.in/darpgdashboard,Official CPGRAMS live dashboard; disposals include carry-forward receipts from previous year(s).
live_dashboard_2026,Department,Promotion of Industry and Internal Trade,2026-01-01,2026-08-24,pending_more_than_1_year,0,count,https://pgportal.gov.in/darpgdashboard,Official CPGRAMS live dashboard; disposals include carry-forward receipts from previous year(s).
live_dashboard_2026,Department,Land Resources,2026-01-01,2026-08-24,received,5619,count,https://pgportal.gov.in/darpgdashboard,Official CPGRAMS live dashboard; disposals include carry-forward receipts from previous year(s).
live_dashboard_2026,Department,Land Resources,2026-01-01,2026-08-24,disposed,5595,count,https://pgportal.gov.in/darpgdashboard,Official CPGRAMS live dashboard; disposals include carry-forward receipts from previous year(s).
live_dashboard_2026,Department,Land Resources,2026-01-01,2026-08-24,percent_disposed,99.57,percent,https://pgportal.gov.in/darpgdashboard,Official CPGRAMS live dashboard; disposals include carry-forward receipts from previous year(s).
live_dashboard_2026,Department,Land Resources,2026-01-01,2026-08-24,pending_0_60_days,24,count,https://pgportal.gov.in/darpgdashboard,Official CPGRAMS live dashboard; disposals include carry-forward receipts from previous year(s).
live_dashboard_2026,Department,Land Resources,2026-01-01,2026-08-24,pending_60_180_days,0,count,https://pgportal.gov.in/darpgdashboard,Official CPGRAMS live dashboard; disposals include carry-forward receipts from previous year(s).
live_dashboard_2026,Department,Land Resources,2026-01-01,2026-08-24,pending_180_365_days,0,count,https://pgportal.gov.in/darpgdashboard,Official CPGRAMS live dashboard; disposals include carry-forward receipts from previous year(s).
live_dashboard_2026,Department,Land Resources,2026-01-01,2026-08-24,pending_more_than_1_year,0,count,https://pgportal.gov.in/darpgdashboard,Official CPGRAMS live dashboard; disposals include carry-forward receipts from previous year(s).
live_dashboard_2026,Department,Development of North Eastern Region,2026-01-01,2026-08-24,received,144,count,https://pgportal.gov.in/darpgdashboard,Official CPGRAMS live dashboard; disposals include carry-forward receipts from previous year(s).
live_dashboard_2026,Department,Development of North Eastern Region,2026-01-01,2026-08-24,disposed,143,count,https://pgportal.gov.in/darpgdashboard,Official CPGRAMS live dashboard; disposals include carry-forward receipts from previous year(s).
live_dashboard_2026,Department,Development of North Eastern Region,2026-01-01,2026-08-24,percent_disposed,99.31,percent,https://pgportal.gov.in/darpgdashboard,Official CPGRAMS live dashboard; disposals include carry-forward receipts from previous year(s).
live_dashboard_2026,Department,Development of North Eastern Region,2026-01-01,2026-08-24,pending_0_60_days,1,count,https://pgportal.gov.in/darpgdashboard,Official CPGRAMS live dashboard; disposals include carry-forward receipts from previous year(s).
live_dashboard_2026,Department,Development of North Eastern Region,2026-01-01,2026-08-24,pending_60_180_days,0,count,https://pgportal.gov.in/darpgdashboard,Official CPGRAMS live dashboard; disposals include carry-forward receipts from previous year(s).
live_dashboard_2026,Department,Development of North Eastern Region,2026-01-01,2026-08-24,pending_180_365_days,0,count,https://pgportal.gov.in/darpgdashboard,Official CPGRAMS live dashboard; disposals include carry-forward receipts from previous year(s).
live_dashboard_2026,Department,Development of North Eastern Region,2026-01-01,2026-08-24,pending_more_than_1_year,0,count,https://pgportal.gov.in/darpgdashboard,Official CPGRAMS live dashboard; disposals include carry-forward receipts from previous year(s).
live_dashboard_2026,Department,Personnel and Training,2026-01-01,2026-08-24,received,17619,count,https://pgportal.gov.in/darpgdashboard,Official CPGRAMS live dashboard; disposals include carry-forward receipts from previous year(s).
live_dashboard_2026,Department,Personnel and Training,2026-01-01,2026-08-24,disposed,16781,count,https://pgportal.gov.in/darpgdashboard,Official CPGRAMS live dashboard; disposals include carry-forward receipts from previous year(s).
live_dashboard_2026,Department,Personnel and Training,2026-01-01,2026-08-24,percent_disposed,95.24,percent,https://pgportal.gov.in/darpgdashboard,Official CPGRAMS live dashboard; disposals include carry-forward receipts from previous year(s).
live_dashboard_2026,Department,Personnel and Training,2026-01-01,2026-08-24,pending_0_60_days,794,count,https://pgportal.gov.in/darpgdashboard,Official CPGRAMS live dashboard; disposals include carry-forward receipts from previous year(s).
live_dashboard_2026,Department,Personnel and Training,2026-01-01,2026-08-24,pending_60_180_days,41,count,https://pgportal.gov.in/darpgdashboard,Official CPGRAMS live dashboard; disposals include carry-forward receipts from previous year(s).
live_dashboard_2026,Department,Personnel and Training,2026-01-01,2026-08-24,pending_180_365_days,3,count,https://pgportal.gov.in/darpgdashboard,Official CPGRAMS live dashboard; disposals include carry-forward receipts from previous year(s).
live_dashboard_2026,Department,Personnel and Training,2026-01-01,2026-08-24,pending_more_than_1_year,0,count,https://pgportal.gov.in/darpgdashboard,Official CPGRAMS live dashboard; disposals include carry-forward receipts from previous year(s).
live_dashboard_2026,Department,Rural Development,2026-01-01,2026-08-24,received,47481,count,https://pgportal.gov.in/darpgdashboard,Official CPGRAMS live dashboard; disposals include carry-forward receipts from previous year(s).
live_dashboard_2026,Department,Rural Development,2026-01-01,2026-08-24,disposed,45564,count,https://pgportal.gov.in/darpgdashboard,Official CPGRAMS live dashboard; disposals include carry-forward receipts from previous year(s).
live_dashboard_2026,Department,Rural Development,2026-01-01,2026-08-24,percent_disposed,95.96,percent,https://pgportal.gov.in/darpgdashboard,Official CPGRAMS live dashboard; disposals include carry-forward receipts from previous year(s).
live_dashboard_2026,Department,Rural Development,2026-01-01,2026-08-24,pending_0_60_days,1896,count,https://pgportal.gov.in/darpgdashboard,Official CPGRAMS live dashboard; disposals include carry-forward receipts from previous year(s).
live_dashboard_2026,Department,Rural Development,2026-01-01,2026-08-24,pending_60_180_days,21,count,https://pgportal.gov.in/darpgdashboard,Official CPGRAMS live dashboard; disposals include carry-forward receipts from previous year(s).
live_dashboard_2026,Department,Rural Development,2026-01-01,2026-08-24,pending_180_365_days,0,count,https://pgportal.gov.in/darpgdashboard,Official CPGRAMS live dashboard; disposals include carry-forward receipts from previous year(s).
live_dashboard_2026,Department,Rural Development,2026-01-01,2026-08-24,pending_more_than_1_year,0,count,https://pgportal.gov.in/darpgdashboard,Official CPGRAMS live dashboard; disposals include carry-forward receipts from previous year(s).
live_dashboard_2026,Department,Revenue,2026-01-01,2026-08-24,received,11275,count,https://pgportal.gov.in/darpgdashboard,Official CPGRAMS live dashboard; disposals include carry-forward receipts from previous year(s).
live_dashboard_2026,Department,Revenue,2026-01-01,2026-08-24,disposed,11075,count,https://pgportal.gov.in/darpgdashboard,Official CPGRAMS live dashboard; disposals include carry-forward receipts from previous year(s).
live_dashboard_2026,Department,Revenue,2026-01-01,2026-08-24,percent_disposed,98.23,percent,https://pgportal.gov.in/darpgdashboard,Official CPGRAMS live dashboard; disposals include carry-forward receipts from previous year(s).
live_dashboard_2026,Department,Revenue,2026-01-01,2026-08-24,pending_0_60_days,182,count,https://pgportal.gov.in/darpgdashboard,Official CPGRAMS live dashboard; disposals include carry-forward receipts from previous year(s).
live_dashboard_2026,Department,Revenue,2026-01-01,2026-08-24,pending_60_180_days,17,count,https://pgportal.gov.in/darpgdashboard,Official CPGRAMS live dashboard; disposals include carry-forward receipts from previous year(s).
live_dashboard_2026,Department,Revenue,2026-01-01,2026-08-24,pending_180_365_days,1,count,https://pgportal.gov.in/darpgdashboard,Official CPGRAMS live dashboard; disposals include carry-forward receipts from previous year(s).
live_dashboard_2026,Department,Revenue,2026-01-01,2026-08-24,pending_more_than_1_year,0,count,https://pgportal.gov.in/darpgdashboard,Official CPGRAMS live dashboard; disposals include carry-forward receipts from previous year(s).
live_dashboard_2026,Department,Science and Technology,2026-01-01,2026-08-24,received,1218,count,https://pgportal.gov.in/darpgdashboard,Official CPGRAMS live dashboard; disposals include carry-forward receipts from previous year(s).
live_dashboard_2026,Department,Science and Technology,2026-01-01,2026-08-24,disposed,1155,count,https://pgportal.gov.in/darpgdashboard,Official CPGRAMS live dashboard; disposals include carry-forward receipts from previous year(s).
live_dashboard_2026,Department,Science and Technology,2026-01-01,2026-08-24,percent_disposed,94.83,percent,https://pgportal.gov.in/darpgdashboard,Official CPGRAMS live dashboard; disposals include carry-forward receipts from previous year(s).
live_dashboard_2026,Department,Science and Technology,2026-01-01,2026-08-24,pending_0_60_days,63,count,https://pgportal.gov.in/darpgdashboard,Official CPGRAMS live dashboard; disposals include carry-forward receipts from previous year(s).
live_dashboard_2026,Department,Science and Technology,2026-01-01,2026-08-24,pending_60_180_days,0,count,https://pgportal.gov.in/darpgdashboard,Official CPGRAMS live dashboard; disposals include carry-forward receipts from previous year(s).
live_dashboard_2026,Department,Science and Technology,2026-01-01,2026-08-24,pending_180_365_days,0,count,https://pgportal.gov.in/darpgdashboard,Official CPGRAMS live dashboard; disposals include carry-forward receipts from previous year(s).
live_dashboard_2026,Department,Science and Technology,2026-01-01,2026-08-24,pending_more_than_1_year,0,count,https://pgportal.gov.in/darpgdashboard,Official CPGRAMS live dashboard; disposals include carry-forward receipts from previous year(s).
live_dashboard_2026,Department,School Education and Literacy,2026-01-01,2026-08-24,received,19848,count,https://pgportal.gov.in/darpgdashboard,Official CPGRAMS live dashboard; disposals include carry-forward receipts from previous year(s).
live_dashboard_2026,Department,School Education and Literacy,2026-01-01,2026-08-24,disposed,18398,count,https://pgportal.gov.in/darpgdashboard,Official CPGRAMS live dashboard; disposals include carry-forward receipts from previous year(s).
live_dashboard_2026,Department,School Education and Literacy,2026-01-01,2026-08-24,percent_disposed,92.69,percent,https://pgportal.gov.in/darpgdashboard,Official CPGRAMS live dashboard; disposals include carry-forward receipts from previous year(s).
live_dashboard_2026,Department,School Education and Literacy,2026-01-01,2026-08-24,pending_0_60_days,1444,count,https://pgportal.gov.in/darpgdashboard,Official CPGRAMS live dashboard; disposals include carry-forward receipts from previous year(s).
live_dashboard_2026,Department,School Education and Literacy,2026-01-01,2026-08-24,pending_60_180_days,5,count,https://pgportal.gov.in/darpgdashboard,Official CPGRAMS live dashboard; disposals include carry-forward receipts from previous year(s).
live_dashboard_2026,Department,School Education and Literacy,2026-01-01,2026-08-24,pending_180_365_days,1,count,https://pgportal.gov.in/darpgdashboard,Official CPGRAMS live dashboard; disposals include carry-forward receipts from previous year(s).
live_dashboard_2026,Department,School Education and Literacy,2026-01-01,2026-08-24,pending_more_than_1_year,0,count,https://pgportal.gov.in/darpgdashboard,Official CPGRAMS live dashboard; disposals include carry-forward receipts from previous year(s).
live_dashboard_2026,Department,Scientific & Industrial Research,2026-01-01,2026-08-24,received,781,count,https://pgportal.gov.in/darpgdashboard,Official CPGRAMS live dashboard; disposals include carry-forward receipts from previous year(s).
live_dashboard_2026,Department,Scientific & Industrial Research,2026-01-01,2026-08-24,disposed,758,count,https://pgportal.gov.in/darpgdashboard,Official CPGRAMS live dashboard; disposals include carry-forward receipts from previous year(s).
live_dashboard_2026,Department,Scientific & Industrial Research,2026-01-01,2026-08-24,percent_disposed,97.06,percent,https://pgportal.gov.in/darpgdashboard,Official CPGRAMS live dashboard; disposals include carry-forward receipts from previous year(s).
live_dashboard_2026,Department,Scientific & Industrial Research,2026-01-01,2026-08-24,pending_0_60_days,23,count,https://pgportal.gov.in/darpgdashboard,Official CPGRAMS live dashboard; disposals include carry-forward receipts from previous year(s).
live_dashboard_2026,Department,Scientific & Industrial Research,2026-01-01,2026-08-24,pending_60_180_days,0,count,https://pgportal.gov.in/darpgdashboard,Official CPGRAMS live dashboard; disposals include carry-forward receipts from previous year(s).
live_dashboard_2026,Department,Scientific & Industrial Research,2026-01-01,2026-08-24,pending_180_365_days,0,count,https://pgportal.gov.in/darpgdashboard,Official CPGRAMS live dashboard; disposals include carry-forward receipts from previous year(s).
live_dashboard_2026,Department,Scientific & Industrial Research,2026-01-01,2026-08-24,pending_more_than_1_year,0,count,https://pgportal.gov.in/darpgdashboard,Official CPGRAMS live dashboard; disposals include carry-forward receipts from previous year(s).
live_dashboard_2026,Department,Skill Development and Entrepreneurship,2026-01-01,2026-08-24,received,5878,count,https://pgportal.gov.in/darpgdashboard,Official CPGRAMS live dashboard; disposals include carry-forward receipts from previous year(s).
live_dashboard_2026,Department,Skill Development and Entrepreneurship,2026-01-01,2026-08-24,disposed,5749,count,https://pgportal.gov.in/darpgdashboard,Official CPGRAMS live dashboard; disposals include carry-forward receipts from previous year(s).
live_dashboard_2026,Department,Skill Development and Entrepreneurship,2026-01-01,2026-08-24,percent_disposed,97.81,percent,https://pgportal.gov.in/darpgdashboard,Official CPGRAMS live dashboard; disposals include carry-forward receipts from previous year(s).
live_dashboard_2026,Department,Skill Development and Entrepreneurship,2026-01-01,2026-08-24,pending_0_60_days,124,count,https://pgportal.gov.in/darpgdashboard,Official CPGRAMS live dashboard; disposals include carry-forward receipts from previous year(s).
live_dashboard_2026,Department,Skill Development and Entrepreneurship,2026-01-01,2026-08-24,pending_60_180_days,5,count,https://pgportal.gov.in/darpgdashboard,Official CPGRAMS live dashboard; disposals include carry-forward receipts from previous year(s).
live_dashboard_2026,Department,Skill Development and Entrepreneurship,2026-01-01,2026-08-24,pending_180_365_days,0,count,https://pgportal.gov.in/darpgdashboard,Official CPGRAMS live dashboard; disposals include carry-forward receipts from previous year(s).
live_dashboard_2026,Department,Skill Development and Entrepreneurship,2026-01-01,2026-08-24,pending_more_than_1_year,0,count,https://pgportal.gov.in/darpgdashboard,Official CPGRAMS live dashboard; disposals include carry-forward receipts from previous year(s).
live_dashboard_2026,Department,Telecommunications,2026-01-01,2026-08-24,received,63727,count,https://pgportal.gov.in/darpgdashboard,Official CPGRAMS live dashboard; disposals include carry-forward receipts from previous year(s).
live_dashboard_2026,Department,Telecommunications,2026-01-01,2026-08-24,disposed,61382,count,https://pgportal.gov.in/darpgdashboard,Official CPGRAMS live dashboard; disposals include carry-forward receipts from previous year(s).
live_dashboard_2026,Department,Telecommunications,2026-01-01,2026-08-24,percent_disposed,96.32,percent,https://pgportal.gov.in/darpgdashboard,Official CPGRAMS live dashboard; disposals include carry-forward receipts from previous year(s).
live_dashboard_2026,Department,Telecommunications,2026-01-01,2026-08-24,pending_0_60_days,2343,count,https://pgportal.gov.in/darpgdashboard,Official CPGRAMS live dashboard; disposals include carry-forward receipts from previous year(s).
live_dashboard_2026,Department,Telecommunications,2026-01-01,2026-08-24,pending_60_180_days,1,count,https://pgportal.gov.in/darpgdashboard,Official CPGRAMS live dashboard; disposals include carry-forward receipts from previous year(s).
live_dashboard_2026,Department,Telecommunications,2026-01-01,2026-08-24,pending_180_365_days,1,count,https://pgportal.gov.in/darpgdashboard,Official CPGRAMS live dashboard; disposals include carry-forward receipts from previous year(s).
live_dashboard_2026,Department,Telecommunications,2026-01-01,2026-08-24,pending_more_than_1_year,0,count,https://pgportal.gov.in/darpgdashboard,Official CPGRAMS live dashboard; disposals include carry-forward receipts from previous year(s).
live_dashboard_2026,Department,Housing and Urban Affairs,2026-01-01,2026-08-24,received,25325,count,https://pgportal.gov.in/darpgdashboard,Official CPGRAMS live dashboard; disposals include carry-forward receipts from previous year(s).
live_dashboard_2026,Department,Housing and Urban Affairs,2026-01-01,2026-08-24,disposed,23923,count,https://pgportal.gov.in/darpgdashboard,Official CPGRAMS live dashboard; disposals include carry-forward receipts from previous year(s).
live_dashboard_2026,Department,Housing and Urban Affairs,2026-01-01,2026-08-24,percent_disposed,94.46,percent,https://pgportal.gov.in/darpgdashboard,Official CPGRAMS live dashboard; disposals include carry-forward receipts from previous year(s).
live_dashboard_2026,Department,Housing and Urban Affairs,2026-01-01,2026-08-24,pending_0_60_days,1292,count,https://pgportal.gov.in/darpgdashboard,Official CPGRAMS live dashboard; disposals include carry-forward receipts from previous year(s).
live_dashboard_2026,Department,Housing and Urban Affairs,2026-01-01,2026-08-24,pending_60_180_days,101,count,https://pgportal.gov.in/darpgdashboard,Official CPGRAMS live dashboard; disposals include carry-forward receipts from previous year(s).
live_dashboard_2026,Department,Housing and Urban Affairs,2026-01-01,2026-08-24,pending_180_365_days,9,count,https://pgportal.gov.in/darpgdashboard,Official CPGRAMS live dashboard; disposals include carry-forward receipts from previous year(s).
live_dashboard_2026,Department,Housing and Urban Affairs,2026-01-01,2026-08-24,pending_more_than_1_year,0,count,https://pgportal.gov.in/darpgdashboard,Official CPGRAMS live dashboard; disposals include carry-forward receipts from previous year(s).
live_dashboard_2026,Department,Women and Child Development,2026-01-01,2026-08-24,received,8819,count,https://pgportal.gov.in/darpgdashboard,Official CPGRAMS live dashboard; disposals include carry-forward receipts from previous year(s).
live_dashboard_2026,Department,Women and Child Development,2026-01-01,2026-08-24,disposed,8674,count,https://pgportal.gov.in/darpgdashboard,Official CPGRAMS live dashboard; disposals include carry-forward receipts from previous year(s).
live_dashboard_2026,Department,Women and Child Development,2026-01-01,2026-08-24,percent_disposed,98.36,percent,https://pgportal.gov.in/darpgdashboard,Official CPGRAMS live dashboard; disposals include carry-forward receipts from previous year(s).
live_dashboard_2026,Department,Women and Child Development,2026-01-01,2026-08-24,pending_0_60_days,145,count,https://pgportal.gov.in/darpgdashboard,Official CPGRAMS live dashboard; disposals include carry-forward receipts from previous year(s).
live_dashboard_2026,Department,Women and Child Development,2026-01-01,2026-08-24,pending_60_180_days,0,count,https://pgportal.gov.in/darpgdashboard,Official CPGRAMS live dashboard; disposals include carry-forward receipts from previous year(s).
live_dashboard_2026,Department,Women and Child Development,2026-01-01,2026-08-24,pending_180_365_days,0,count,https://pgportal.gov.in/darpgdashboard,Official CPGRAMS live dashboard; disposals include carry-forward receipts from previous year(s).
live_dashboard_2026,Department,Women and Child Development,2026-01-01,2026-08-24,pending_more_than_1_year,0,count,https://pgportal.gov.in/darpgdashboard,Official CPGRAMS live dashboard; disposals include carry-forward receipts from previous year(s).
live_dashboard_2026,Department,Pharmaceutical,2026-01-01,2026-08-24,received,1120,count,https://pgportal.gov.in/darpgdashboard,Official CPGRAMS live dashboard; disposals include carry-forward receipts from previous year(s).
live_dashboard_2026,Department,Pharmaceutical,2026-01-01,2026-08-24,disposed,1064,count,https://pgportal.gov.in/darpgdashboard,Official CPGRAMS live dashboard; disposals include carry-forward receipts from previous year(s).
live_dashboard_2026,Department,Pharmaceutical,2026-01-01,2026-08-24,percent_disposed,95.0,percent,https://pgportal.gov.in/darpgdashboard,Official CPGRAMS live dashboard; disposals include carry-forward receipts from previous year(s).
live_dashboard_2026,Department,Pharmaceutical,2026-01-01,2026-08-24,pending_0_60_days,56,count,https://pgportal.gov.in/darpgdashboard,Official CPGRAMS live dashboard; disposals include carry-forward receipts from previous year(s).
live_dashboard_2026,Department,Pharmaceutical,2026-01-01,2026-08-24,pending_60_180_days,0,count,https://pgportal.gov.in/darpgdashboard,Official CPGRAMS live dashboard; disposals include carry-forward receipts from previous year(s).
live_dashboard_2026,Department,Pharmaceutical,2026-01-01,2026-08-24,pending_180_365_days,0,count,https://pgportal.gov.in/darpgdashboard,Official CPGRAMS live dashboard; disposals include carry-forward receipts from previous year(s).
live_dashboard_2026,Department,Pharmaceutical,2026-01-01,2026-08-24,pending_more_than_1_year,0,count,https://pgportal.gov.in/darpgdashboard,Official CPGRAMS live dashboard; disposals include carry-forward receipts from previous year(s).
live_dashboard_2026,Department,NITI Aayog,2026-01-01,2026-08-24,received,3258,count,https://pgportal.gov.in/darpgdashboard,Official CPGRAMS live dashboard; disposals include carry-forward receipts from previous year(s).
live_dashboard_2026,Department,NITI Aayog,2026-01-01,2026-08-24,disposed,3250,count,https://pgportal.gov.in/darpgdashboard,Official CPGRAMS live dashboard; disposals include carry-forward receipts from previous year(s).
live_dashboard_2026,Department,NITI Aayog,2026-01-01,2026-08-24,percent_disposed,99.75,percent,https://pgportal.gov.in/darpgdashboard,Official CPGRAMS live dashboard; disposals include carry-forward receipts from previous year(s).
live_dashboard_2026,Department,NITI Aayog,2026-01-01,2026-08-24,pending_0_60_days,8,count,https://pgportal.gov.in/darpgdashboard,Official CPGRAMS live dashboard; disposals include carry-forward receipts from previous year(s).
live_dashboard_2026,Department,NITI Aayog,2026-01-01,2026-08-24,pending_60_180_days,0,count,https://pgportal.gov.in/darpgdashboard,Official CPGRAMS live dashboard; disposals include carry-forward receipts from previous year(s).
live_dashboard_2026,Department,NITI Aayog,2026-01-01,2026-08-24,pending_180_365_days,0,count,https://pgportal.gov.in/darpgdashboard,Official CPGRAMS live dashboard; disposals include carry-forward receipts from previous year(s).
live_dashboard_2026,Department,NITI Aayog,2026-01-01,2026-08-24,pending_more_than_1_year,0,count,https://pgportal.gov.in/darpgdashboard,Official CPGRAMS live dashboard; disposals include carry-forward receipts from previous year(s).
live_dashboard_2026,Department,Posts,2026-01-01,2026-08-24,received,52641,count,https://pgportal.gov.in/darpgdashboard,Official CPGRAMS live dashboard; disposals include carry-forward receipts from previous year(s).
live_dashboard_2026,Department,Posts,2026-01-01,2026-08-24,disposed,51598,count,https://pgportal.gov.in/darpgdashboard,Official CPGRAMS live dashboard; disposals include carry-forward receipts from previous year(s).
live_dashboard_2026,Department,Posts,2026-01-01,2026-08-24,percent_disposed,98.02,percent,https://pgportal.gov.in/darpgdashboard,Official CPGRAMS live dashboard; disposals include carry-forward receipts from previous year(s).
live_dashboard_2026,Department,Posts,2026-01-01,2026-08-24,pending_0_60_days,1042,count,https://pgportal.gov.in/darpgdashboard,Official CPGRAMS live dashboard; disposals include carry-forward receipts from previous year(s).
live_dashboard_2026,Department,Posts,2026-01-01,2026-08-24,pending_60_180_days,1,count,https://pgportal.gov.in/darpgdashboard,Official CPGRAMS live dashboard; disposals include carry-forward receipts from previous year(s).
live_dashboard_2026,Department,Posts,2026-01-01,2026-08-24,pending_180_365_days,0,count,https://pgportal.gov.in/darpgdashboard,Official CPGRAMS live dashboard; disposals include carry-forward receipts from previous year(s).
live_dashboard_2026,Department,Posts,2026-01-01,2026-08-24,pending_more_than_1_year,0,count,https://pgportal.gov.in/darpgdashboard,Official CPGRAMS live dashboard; disposals include carry-forward receipts from previous year(s).
live_dashboard_2026,Department,Public Enterprises,2026-01-01,2026-08-24,received,603,count,https://pgportal.gov.in/darpgdashboard,Official CPGRAMS live dashboard; disposals include carry-forward receipts from previous year(s).
live_dashboard_2026,Department,Public Enterprises,2026-01-01,2026-08-24,disposed,507,count,https://pgportal.gov.in/darpgdashboard,Official CPGRAMS live dashboard; disposals include carry-forward receipts from previous year(s).
live_dashboard_2026,Department,Public Enterprises,2026-01-01,2026-08-24,percent_disposed,84.08,percent,https://pgportal.gov.in/darpgdashboard,Official CPGRAMS live dashboard; disposals include carry-forward receipts from previous year(s).
live_dashboard_2026,Department,Public Enterprises,2026-01-01,2026-08-24,pending_0_60_days,89,count,https://pgportal.gov.in/darpgdashboard,Official CPGRAMS live dashboard; disposals include carry-forward receipts from previous year(s).
live_dashboard_2026,Department,Public Enterprises,2026-01-01,2026-08-24,pending_60_180_days,7,count,https://pgportal.gov.in/darpgdashboard,Official CPGRAMS live dashboard; disposals include carry-forward receipts from previous year(s).
live_dashboard_2026,Department,Public Enterprises,2026-01-01,2026-08-24,pending_180_365_days,0,count,https://pgportal.gov.in/darpgdashboard,Official CPGRAMS live dashboard; disposals include carry-forward receipts from previous year(s).
live_dashboard_2026,Department,Public Enterprises,2026-01-01,2026-08-24,pending_more_than_1_year,0,count,https://pgportal.gov.in/darpgdashboard,Official CPGRAMS live dashboard; disposals include carry-forward receipts from previous year(s).
live_dashboard_2026,Department,Higher Education,2026-01-01,2026-08-24,received,26964,count,https://pgportal.gov.in/darpgdashboard,Official CPGRAMS live dashboard; disposals include carry-forward receipts from previous year(s).
live_dashboard_2026,Department,Higher Education,2026-01-01,2026-08-24,disposed,23259,count,https://pgportal.gov.in/darpgdashboard,Official CPGRAMS live dashboard; disposals include carry-forward receipts from previous year(s).
live_dashboard_2026,Department,Higher Education,2026-01-01,2026-08-24,percent_disposed,86.26,percent,https://pgportal.gov.in/darpgdashboard,Official CPGRAMS live dashboard; disposals include carry-forward receipts from previous year(s).
live_dashboard_2026,Department,Higher Education,2026-01-01,2026-08-24,pending_0_60_days,3062,count,https://pgportal.gov.in/darpgdashboard,Official CPGRAMS live dashboard; disposals include carry-forward receipts from previous year(s).
live_dashboard_2026,Department,Higher Education,2026-01-01,2026-08-24,pending_60_180_days,628,count,https://pgportal.gov.in/darpgdashboard,Official CPGRAMS live dashboard; disposals include carry-forward receipts from previous year(s).
live_dashboard_2026,Department,Higher Education,2026-01-01,2026-08-24,pending_180_365_days,15,count,https://pgportal.gov.in/darpgdashboard,Official CPGRAMS live dashboard; disposals include carry-forward receipts from previous year(s).
live_dashboard_2026,Department,Higher Education,2026-01-01,2026-08-24,pending_more_than_1_year,0,count,https://pgportal.gov.in/darpgdashboard,Official CPGRAMS live dashboard; disposals include carry-forward receipts from previous year(s).
live_dashboard_2026,Department,Space,2026-01-01,2026-08-24,received,446,count,https://pgportal.gov.in/darpgdashboard,Official CPGRAMS live dashboard; disposals include carry-forward receipts from previous year(s).
live_dashboard_2026,Department,Space,2026-01-01,2026-08-24,disposed,409,count,https://pgportal.gov.in/darpgdashboard,Official CPGRAMS live dashboard; disposals include carry-forward receipts from previous year(s).
live_dashboard_2026,Department,Space,2026-01-01,2026-08-24,percent_disposed,91.7,percent,https://pgportal.gov.in/darpgdashboard,Official CPGRAMS live dashboard; disposals include carry-forward receipts from previous year(s).
live_dashboard_2026,Department,Space,2026-01-01,2026-08-24,pending_0_60_days,37,count,https://pgportal.gov.in/darpgdashboard,Official CPGRAMS live dashboard; disposals include carry-forward receipts from previous year(s).
live_dashboard_2026,Department,Space,2026-01-01,2026-08-24,pending_60_180_days,0,count,https://pgportal.gov.in/darpgdashboard,Official CPGRAMS live dashboard; disposals include carry-forward receipts from previous year(s).
live_dashboard_2026,Department,Space,2026-01-01,2026-08-24,pending_180_365_days,0,count,https://pgportal.gov.in/darpgdashboard,Official CPGRAMS live dashboard; disposals include carry-forward receipts from previous year(s).
live_dashboard_2026,Department,Space,2026-01-01,2026-08-24,pending_more_than_1_year,0,count,https://pgportal.gov.in/darpgdashboard,Official CPGRAMS live dashboard; disposals include carry-forward receipts from previous year(s).
live_dashboard_2026,Department,Sports,2026-01-01,2026-08-24,received,1634,count,https://pgportal.gov.in/darpgdashboard,Official CPGRAMS live dashboard; disposals include carry-forward receipts from previous year(s).
live_dashboard_2026,Department,Sports,2026-01-01,2026-08-24,disposed,1437,count,https://pgportal.gov.in/darpgdashboard,Official CPGRAMS live dashboard; disposals include carry-forward receipts from previous year(s).
live_dashboard_2026,Department,Sports,2026-01-01,2026-08-24,percent_disposed,87.94,percent,https://pgportal.gov.in/darpgdashboard,Official CPGRAMS live dashboard; disposals include carry-forward receipts from previous year(s).
live_dashboard_2026,Department,Sports,2026-01-01,2026-08-24,pending_0_60_days,186,count,https://pgportal.gov.in/darpgdashboard,Official CPGRAMS live dashboard; disposals include carry-forward receipts from previous year(s).
live_dashboard_2026,Department,Sports,2026-01-01,2026-08-24,pending_60_180_days,11,count,https://pgportal.gov.in/darpgdashboard,Official CPGRAMS live dashboard; disposals include carry-forward receipts from previous year(s).
live_dashboard_2026,Department,Sports,2026-01-01,2026-08-24,pending_180_365_days,0,count,https://pgportal.gov.in/darpgdashboard,Official CPGRAMS live dashboard; disposals include carry-forward receipts from previous year(s).
live_dashboard_2026,Department,Sports,2026-01-01,2026-08-24,pending_more_than_1_year,0,count,https://pgportal.gov.in/darpgdashboard,Official CPGRAMS live dashboard; disposals include carry-forward receipts from previous year(s).
live_dashboard_2026,Department,Tourism,2026-01-01,2026-08-24,received,2468,count,https://pgportal.gov.in/darpgdashboard,Official CPGRAMS live dashboard; disposals include carry-forward receipts from previous year(s).
live_dashboard_2026,Department,Tourism,2026-01-01,2026-08-24,disposed,2443,count,https://pgportal.gov.in/darpgdashboard,Official CPGRAMS live dashboard; disposals include carry-forward receipts from previous year(s).
live_dashboard_2026,Department,Tourism,2026-01-01,2026-08-24,percent_disposed,98.99,percent,https://pgportal.gov.in/darpgdashboard,Official CPGRAMS live dashboard; disposals include carry-forward receipts from previous year(s).
live_dashboard_2026,Department,Tourism,2026-01-01,2026-08-24,pending_0_60_days,25,count,https://pgportal.gov.in/darpgdashboard,Official CPGRAMS live dashboard; disposals include carry-forward receipts from previous year(s).
live_dashboard_2026,Department,Tourism,2026-01-01,2026-08-24,pending_60_180_days,0,count,https://pgportal.gov.in/darpgdashboard,Official CPGRAMS live dashboard; disposals include carry-forward receipts from previous year(s).
live_dashboard_2026,Department,Tourism,2026-01-01,2026-08-24,pending_180_365_days,0,count,https://pgportal.gov.in/darpgdashboard,Official CPGRAMS live dashboard; disposals include carry-forward receipts from previous year(s).
live_dashboard_2026,Department,Tourism,2026-01-01,2026-08-24,pending_more_than_1_year,0,count,https://pgportal.gov.in/darpgdashboard,Official CPGRAMS live dashboard; disposals include carry-forward receipts from previous year(s).
live_dashboard_2026,Department,Defence Finance,2026-01-01,2026-08-24,received,44726,count,https://pgportal.gov.in/darpgdashboard,Official CPGRAMS live dashboard; disposals include carry-forward receipts from previous year(s).
live_dashboard_2026,Department,Defence Finance,2026-01-01,2026-08-24,disposed,40045,count,https://pgportal.gov.in/darpgdashboard,Official CPGRAMS live dashboard; disposals include carry-forward receipts from previous year(s).
live_dashboard_2026,Department,Defence Finance,2026-01-01,2026-08-24,percent_disposed,89.53,percent,https://pgportal.gov.in/darpgdashboard,Official CPGRAMS live dashboard; disposals include carry-forward receipts from previous year(s).
live_dashboard_2026,Department,Defence Finance,2026-01-01,2026-08-24,pending_0_60_days,4176,count,https://pgportal.gov.in/darpgdashboard,Official CPGRAMS live dashboard; disposals include carry-forward receipts from previous year(s).
live_dashboard_2026,Department,Defence Finance,2026-01-01,2026-08-24,pending_60_180_days,499,count,https://pgportal.gov.in/darpgdashboard,Official CPGRAMS live dashboard; disposals include carry-forward receipts from previous year(s).
live_dashboard_2026,Department,Defence Finance,2026-01-01,2026-08-24,pending_180_365_days,6,count,https://pgportal.gov.in/darpgdashboard,Official CPGRAMS live dashboard; disposals include carry-forward receipts from previous year(s).
live_dashboard_2026,Department,Defence Finance,2026-01-01,2026-08-24,pending_more_than_1_year,0,count,https://pgportal.gov.in/darpgdashboard,Official CPGRAMS live dashboard; disposals include carry-forward receipts from previous year(s).
live_dashboard_2026,Department,Official Language,2026-01-01,2026-08-24,received,181,count,https://pgportal.gov.in/darpgdashboard,Official CPGRAMS live dashboard; disposals include carry-forward receipts from previous year(s).
live_dashboard_2026,Department,Official Language,2026-01-01,2026-08-24,disposed,181,count,https://pgportal.gov.in/darpgdashboard,Official CPGRAMS live dashboard; disposals include carry-forward receipts from previous year(s).
live_dashboard_2026,Department,Official Language,2026-01-01,2026-08-24,percent_disposed,100.0,percent,https://pgportal.gov.in/darpgdashboard,Official CPGRAMS live dashboard; disposals include carry-forward receipts from previous year(s).
live_dashboard_2026,Department,Official Language,2026-01-01,2026-08-24,pending_0_60_days,0,count,https://pgportal.gov.in/darpgdashboard,Official CPGRAMS live dashboard; disposals include carry-forward receipts from previous year(s).
live_dashboard_2026,Department,Official Language,2026-01-01,2026-08-24,pending_60_180_days,0,count,https://pgportal.gov.in/darpgdashboard,Official CPGRAMS live dashboard; disposals include carry-forward receipts from previous year(s).
live_dashboard_2026,Department,Official Language,2026-01-01,2026-08-24,pending_180_365_days,0,count,https://pgportal.gov.in/darpgdashboard,Official CPGRAMS live dashboard; disposals include carry-forward receipts from previous year(s).
live_dashboard_2026,Department,Official Language,2026-01-01,2026-08-24,pending_more_than_1_year,0,count,https://pgportal.gov.in/darpgdashboard,Official CPGRAMS live dashboard; disposals include carry-forward receipts from previous year(s).
live_dashboard_2026,Department,Legislative Department,2026-01-01,2026-08-24,received,1271,count,https://pgportal.gov.in/darpgdashboard,Official CPGRAMS live dashboard; disposals include carry-forward receipts from previous year(s).
live_dashboard_2026,Department,Legislative Department,2026-01-01,2026-08-24,disposed,1228,count,https://pgportal.gov.in/darpgdashboard,Official CPGRAMS live dashboard; disposals include carry-forward receipts from previous year(s).
live_dashboard_2026,Department,Legislative Department,2026-01-01,2026-08-24,percent_disposed,96.62,percent,https://pgportal.gov.in/darpgdashboard,Official CPGRAMS live dashboard; disposals include carry-forward receipts from previous year(s).
live_dashboard_2026,Department,Legislative Department,2026-01-01,2026-08-24,pending_0_60_days,43,count,https://pgportal.gov.in/darpgdashboard,Official CPGRAMS live dashboard; disposals include carry-forward receipts from previous year(s).
live_dashboard_2026,Department,Legislative Department,2026-01-01,2026-08-24,pending_60_180_days,0,count,https://pgportal.gov.in/darpgdashboard,Official CPGRAMS live dashboard; disposals include carry-forward receipts from previous year(s).
live_dashboard_2026,Department,Legislative Department,2026-01-01,2026-08-24,pending_180_365_days,0,count,https://pgportal.gov.in/darpgdashboard,Official CPGRAMS live dashboard; disposals include carry-forward receipts from previous year(s).
live_dashboard_2026,Department,Legislative Department,2026-01-01,2026-08-24,pending_more_than_1_year,0,count,https://pgportal.gov.in/darpgdashboard,Official CPGRAMS live dashboard; disposals include carry-forward receipts from previous year(s).
live_dashboard_2026,Department,Coal,2026-01-01,2026-08-24,received,3986,count,https://pgportal.gov.in/darpgdashboard,Official CPGRAMS live dashboard; disposals include carry-forward receipts from previous year(s).
live_dashboard_2026,Department,Coal,2026-01-01,2026-08-24,disposed,3805,count,https://pgportal.gov.in/darpgdashboard,Official CPGRAMS live dashboard; disposals include carry-forward receipts from previous year(s).
live_dashboard_2026,Department,Coal,2026-01-01,2026-08-24,percent_disposed,95.46,percent,https://pgportal.gov.in/darpgdashboard,Official CPGRAMS live dashboard; disposals include carry-forward receipts from previous year(s).
live_dashboard_2026,Department,Coal,2026-01-01,2026-08-24,pending_0_60_days,181,count,https://pgportal.gov.in/darpgdashboard,Official CPGRAMS live dashboard; disposals include carry-forward receipts from previous year(s).
live_dashboard_2026,Department,Coal,2026-01-01,2026-08-24,pending_60_180_days,0,count,https://pgportal.gov.in/darpgdashboard,Official CPGRAMS live dashboard; disposals include carry-forward receipts from previous year(s).
live_dashboard_2026,Department,Coal,2026-01-01,2026-08-24,pending_180_365_days,0,count,https://pgportal.gov.in/darpgdashboard,Official CPGRAMS live dashboard; disposals include carry-forward receipts from previous year(s).
live_dashboard_2026,Department,Coal,2026-01-01,2026-08-24,pending_more_than_1_year,0,count,https://pgportal.gov.in/darpgdashboard,Official CPGRAMS live dashboard; disposals include carry-forward receipts from previous year(s).
live_dashboard_2026,Department,External Affairs,2026-01-01,2026-08-24,received,16489,count,https://pgportal.gov.in/darpgdashboard,Official CPGRAMS live dashboard; disposals include carry-forward receipts from previous year(s).
live_dashboard_2026,Department,External Affairs,2026-01-01,2026-08-24,disposed,15126,count,https://pgportal.gov.in/darpgdashboard,Official CPGRAMS live dashboard; disposals include carry-forward receipts from previous year(s).
live_dashboard_2026,Department,External Affairs,2026-01-01,2026-08-24,percent_disposed,91.73,percent,https://pgportal.gov.in/darpgdashboard,Official CPGRAMS live dashboard; disposals include carry-forward receipts from previous year(s).
live_dashboard_2026,Department,External Affairs,2026-01-01,2026-08-24,pending_0_60_days,1176,count,https://pgportal.gov.in/darpgdashboard,Official CPGRAMS live dashboard; disposals include carry-forward receipts from previous year(s).
live_dashboard_2026,Department,External Affairs,2026-01-01,2026-08-24,pending_60_180_days,155,count,https://pgportal.gov.in/darpgdashboard,Official CPGRAMS live dashboard; disposals include carry-forward receipts from previous year(s).
live_dashboard_2026,Department,External Affairs,2026-01-01,2026-08-24,pending_180_365_days,32,count,https://pgportal.gov.in/darpgdashboard,Official CPGRAMS live dashboard; disposals include carry-forward receipts from previous year(s).
live_dashboard_2026,Department,External Affairs,2026-01-01,2026-08-24,pending_more_than_1_year,0,count,https://pgportal.gov.in/darpgdashboard,Official CPGRAMS live dashboard; disposals include carry-forward receipts from previous year(s).
live_dashboard_2026,Department,Home Affairs,2026-01-01,2026-08-24,received,65528,count,https://pgportal.gov.in/darpgdashboard,Official CPGRAMS live dashboard; disposals include carry-forward receipts from previous year(s).
live_dashboard_2026,Department,Home Affairs,2026-01-01,2026-08-24,disposed,63084,count,https://pgportal.gov.in/darpgdashboard,Official CPGRAMS live dashboard; disposals include carry-forward receipts from previous year(s).
live_dashboard_2026,Department,Home Affairs,2026-01-01,2026-08-24,percent_disposed,96.27,percent,https://pgportal.gov.in/darpgdashboard,Official CPGRAMS live dashboard; disposals include carry-forward receipts from previous year(s).
live_dashboard_2026,Department,Home Affairs,2026-01-01,2026-08-24,pending_0_60_days,2418,count,https://pgportal.gov.in/darpgdashboard,Official CPGRAMS live dashboard; disposals include carry-forward receipts from previous year(s).
live_dashboard_2026,Department,Home Affairs,2026-01-01,2026-08-24,pending_60_180_days,20,count,https://pgportal.gov.in/darpgdashboard,Official CPGRAMS live dashboard; disposals include carry-forward receipts from previous year(s).
live_dashboard_2026,Department,Home Affairs,2026-01-01,2026-08-24,pending_180_365_days,6,count,https://pgportal.gov.in/darpgdashboard,Official CPGRAMS live dashboard; disposals include carry-forward receipts from previous year(s).
live_dashboard_2026,Department,Home Affairs,2026-01-01,2026-08-24,pending_more_than_1_year,0,count,https://pgportal.gov.in/darpgdashboard,Official CPGRAMS live dashboard; disposals include carry-forward receipts from previous year(s).
live_dashboard_2026,Department,Electronics & Information Technology,2026-01-01,2026-08-24,received,13925,count,https://pgportal.gov.in/darpgdashboard,Official CPGRAMS live dashboard; disposals include carry-forward receipts from previous year(s).
live_dashboard_2026,Department,Electronics & Information Technology,2026-01-01,2026-08-24,disposed,13357,count,https://pgportal.gov.in/darpgdashboard,Official CPGRAMS live dashboard; disposals include carry-forward receipts from previous year(s).
live_dashboard_2026,Department,Electronics & Information Technology,2026-01-01,2026-08-24,percent_disposed,95.92,percent,https://pgportal.gov.in/darpgdashboard,Official CPGRAMS live dashboard; disposals include carry-forward receipts from previous year(s).
live_dashboard_2026,Department,Electronics & Information Technology,2026-01-01,2026-08-24,pending_0_60_days,568,count,https://pgportal.gov.in/darpgdashboard,Official CPGRAMS live dashboard; disposals include carry-forward receipts from previous year(s).
live_dashboard_2026,Department,Electronics & Information Technology,2026-01-01,2026-08-24,pending_60_180_days,0,count,https://pgportal.gov.in/darpgdashboard,Official CPGRAMS live dashboard; disposals include carry-forward receipts from previous year(s).
live_dashboard_2026,Department,Electronics & Information Technology,2026-01-01,2026-08-24,pending_180_365_days,0,count,https://pgportal.gov.in/darpgdashboard,Official CPGRAMS live dashboard; disposals include carry-forward receipts from previous year(s).
live_dashboard_2026,Department,Electronics & Information Technology,2026-01-01,2026-08-24,pending_more_than_1_year,0,count,https://pgportal.gov.in/darpgdashboard,Official CPGRAMS live dashboard; disposals include carry-forward receipts from previous year(s).
live_dashboard_2026,Department,Parliamentary Affairs,2026-01-01,2026-08-24,received,1418,count,https://pgportal.gov.in/darpgdashboard,Official CPGRAMS live dashboard; disposals include carry-forward receipts from previous year(s).
live_dashboard_2026,Department,Parliamentary Affairs,2026-01-01,2026-08-24,disposed,1413,count,https://pgportal.gov.in/darpgdashboard,Official CPGRAMS live dashboard; disposals include carry-forward receipts from previous year(s).
live_dashboard_2026,Department,Parliamentary Affairs,2026-01-01,2026-08-24,percent_disposed,99.65,percent,https://pgportal.gov.in/darpgdashboard,Official CPGRAMS live dashboard; disposals include carry-forward receipts from previous year(s).
live_dashboard_2026,Department,Parliamentary Affairs,2026-01-01,2026-08-24,pending_0_60_days,5,count,https://pgportal.gov.in/darpgdashboard,Official CPGRAMS live dashboard; disposals include carry-forward receipts from previous year(s).
live_dashboard_2026,Department,Parliamentary Affairs,2026-01-01,2026-08-24,pending_60_180_days,0,count,https://pgportal.gov.in/darpgdashboard,Official CPGRAMS live dashboard; disposals include carry-forward receipts from previous year(s).
live_dashboard_2026,Department,Parliamentary Affairs,2026-01-01,2026-08-24,pending_180_365_days,0,count,https://pgportal.gov.in/darpgdashboard,Official CPGRAMS live dashboard; disposals include carry-forward receipts from previous year(s).
live_dashboard_2026,Department,Parliamentary Affairs,2026-01-01,2026-08-24,pending_more_than_1_year,0,count,https://pgportal.gov.in/darpgdashboard,Official CPGRAMS live dashboard; disposals include carry-forward receipts from previous year(s).
live_dashboard_2026,Department,"Water Resources, River Development & Ganga Rejuvenuation",2026-01-01,2026-08-24,received,3226,count,https://pgportal.gov.in/darpgdashboard,Official CPGRAMS live dashboard; disposals include carry-forward receipts from previous year(s).
live_dashboard_2026,Department,"Water Resources, River Development & Ganga Rejuvenuation",2026-01-01,2026-08-24,disposed,3063,count,https://pgportal.gov.in/darpgdashboard,Official CPGRAMS live dashboard; disposals include carry-forward receipts from previous year(s).
live_dashboard_2026,Department,"Water Resources, River Development & Ganga Rejuvenuation",2026-01-01,2026-08-24,percent_disposed,94.95,percent,https://pgportal.gov.in/darpgdashboard,Official CPGRAMS live dashboard; disposals include carry-forward receipts from previous year(s).
live_dashboard_2026,Department,"Water Resources, River Development & Ganga Rejuvenuation",2026-01-01,2026-08-24,pending_0_60_days,162,count,https://pgportal.gov.in/darpgdashboard,Official CPGRAMS live dashboard; disposals include carry-forward receipts from previous year(s).
live_dashboard_2026,Department,"Water Resources, River Development & Ganga Rejuvenuation",2026-01-01,2026-08-24,pending_60_180_days,1,count,https://pgportal.gov.in/darpgdashboard,Official CPGRAMS live dashboard; disposals include carry-forward receipts from previous year(s).
live_dashboard_2026,Department,"Water Resources, River Development & Ganga Rejuvenuation",2026-01-01,2026-08-24,pending_180_365_days,0,count,https://pgportal.gov.in/darpgdashboard,Official CPGRAMS live dashboard; disposals include carry-forward receipts from previous year(s).
live_dashboard_2026,Department,"Water Resources, River Development & Ganga Rejuvenuation",2026-01-01,2026-08-24,pending_more_than_1_year,0,count,https://pgportal.gov.in/darpgdashboard,Official CPGRAMS live dashboard; disposals include carry-forward receipts from previous year(s).
live_dashboard_2026,Department,Mines,2026-01-01,2026-08-24,received,1527,count,https://pgportal.gov.in/darpgdashboard,Official CPGRAMS live dashboard; disposals include carry-forward receipts from previous year(s).
live_dashboard_2026,Department,Mines,2026-01-01,2026-08-24,disposed,1493,count,https://pgportal.gov.in/darpgdashboard,Official CPGRAMS live dashboard; disposals include carry-forward receipts from previous year(s).
live_dashboard_2026,Department,Mines,2026-01-01,2026-08-24,percent_disposed,97.77,percent,https://pgportal.gov.in/darpgdashboard,Official CPGRAMS live dashboard; disposals include carry-forward receipts from previous year(s).
live_dashboard_2026,Department,Mines,2026-01-01,2026-08-24,pending_0_60_days,34,count,https://pgportal.gov.in/darpgdashboard,Official CPGRAMS live dashboard; disposals include carry-forward receipts from previous year(s).
live_dashboard_2026,Department,Mines,2026-01-01,2026-08-24,pending_60_180_days,0,count,https://pgportal.gov.in/darpgdashboard,Official CPGRAMS live dashboard; disposals include carry-forward receipts from previous year(s).
live_dashboard_2026,Department,Mines,2026-01-01,2026-08-24,pending_180_365_days,0,count,https://pgportal.gov.in/darpgdashboard,Official CPGRAMS live dashboard; disposals include carry-forward receipts from previous year(s).
live_dashboard_2026,Department,Mines,2026-01-01,2026-08-24,pending_more_than_1_year,0,count,https://pgportal.gov.in/darpgdashboard,Official CPGRAMS live dashboard; disposals include carry-forward receipts from previous year(s).
live_dashboard_2026,Department,Micro Small and Medium Enterprises,2026-01-01,2026-08-24,received,21837,count,https://pgportal.gov.in/darpgdashboard,Official CPGRAMS live dashboard; disposals include carry-forward receipts from previous year(s).
live_dashboard_2026,Department,Micro Small and Medium Enterprises,2026-01-01,2026-08-24,disposed,20979,count,https://pgportal.gov.in/darpgdashboard,Official CPGRAMS live dashboard; disposals include carry-forward receipts from previous year(s).
live_dashboard_2026,Department,Micro Small and Medium Enterprises,2026-01-01,2026-08-24,percent_disposed,96.07,percent,https://pgportal.gov.in/darpgdashboard,Official CPGRAMS live dashboard; disposals include carry-forward receipts from previous year(s).
live_dashboard_2026,Department,Micro Small and Medium Enterprises,2026-01-01,2026-08-24,pending_0_60_days,840,count,https://pgportal.gov.in/darpgdashboard,Official CPGRAMS live dashboard; disposals include carry-forward receipts from previous year(s).
live_dashboard_2026,Department,Micro Small and Medium Enterprises,2026-01-01,2026-08-24,pending_60_180_days,15,count,https://pgportal.gov.in/darpgdashboard,Official CPGRAMS live dashboard; disposals include carry-forward receipts from previous year(s).
live_dashboard_2026,Department,Micro Small and Medium Enterprises,2026-01-01,2026-08-24,pending_180_365_days,3,count,https://pgportal.gov.in/darpgdashboard,Official CPGRAMS live dashboard; disposals include carry-forward receipts from previous year(s).
live_dashboard_2026,Department,Micro Small and Medium Enterprises,2026-01-01,2026-08-24,pending_more_than_1_year,0,count,https://pgportal.gov.in/darpgdashboard,Official CPGRAMS live dashboard; disposals include carry-forward receipts from previous year(s).
live_dashboard_2026,Department,Civil Aviation,2026-01-01,2026-08-24,received,5857,count,https://pgportal.gov.in/darpgdashboard,Official CPGRAMS live dashboard; disposals include carry-forward receipts from previous year(s).
live_dashboard_2026,Department,Civil Aviation,2026-01-01,2026-08-24,disposed,5666,count,https://pgportal.gov.in/darpgdashboard,Official CPGRAMS live dashboard; disposals include carry-forward receipts from previous year(s).
live_dashboard_2026,Department,Civil Aviation,2026-01-01,2026-08-24,percent_disposed,96.74,percent,https://pgportal.gov.in/darpgdashboard,Official CPGRAMS live dashboard; disposals include carry-forward receipts from previous year(s).
live_dashboard_2026,Department,Civil Aviation,2026-01-01,2026-08-24,pending_0_60_days,184,count,https://pgportal.gov.in/darpgdashboard,Official CPGRAMS live dashboard; disposals include carry-forward receipts from previous year(s).
live_dashboard_2026,Department,Civil Aviation,2026-01-01,2026-08-24,pending_60_180_days,3,count,https://pgportal.gov.in/darpgdashboard,Official CPGRAMS live dashboard; disposals include carry-forward receipts from previous year(s).
live_dashboard_2026,Department,Civil Aviation,2026-01-01,2026-08-24,pending_180_365_days,4,count,https://pgportal.gov.in/darpgdashboard,Official CPGRAMS live dashboard; disposals include carry-forward receipts from previous year(s).
live_dashboard_2026,Department,Civil Aviation,2026-01-01,2026-08-24,pending_more_than_1_year,0,count,https://pgportal.gov.in/darpgdashboard,Official CPGRAMS live dashboard; disposals include carry-forward receipts from previous year(s).
live_dashboard_2026,Department,Cooperation,2026-01-01,2026-08-24,received,6414,count,https://pgportal.gov.in/darpgdashboard,Official CPGRAMS live dashboard; disposals include carry-forward receipts from previous year(s).
live_dashboard_2026,Department,Cooperation,2026-01-01,2026-08-24,disposed,6257,count,https://pgportal.gov.in/darpgdashboard,Official CPGRAMS live dashboard; disposals include carry-forward receipts from previous year(s).
live_dashboard_2026,Department,Cooperation,2026-01-01,2026-08-24,percent_disposed,97.55,percent,https://pgportal.gov.in/darpgdashboard,Official CPGRAMS live dashboard; disposals include carry-forward receipts from previous year(s).
live_dashboard_2026,Department,Cooperation,2026-01-01,2026-08-24,pending_0_60_days,157,count,https://pgportal.gov.in/darpgdashboard,Official CPGRAMS live dashboard; disposals include carry-forward receipts from previous year(s).
live_dashboard_2026,Department,Cooperation,2026-01-01,2026-08-24,pending_60_180_days,0,count,https://pgportal.gov.in/darpgdashboard,Official CPGRAMS live dashboard; disposals include carry-forward receipts from previous year(s).
live_dashboard_2026,Department,Cooperation,2026-01-01,2026-08-24,pending_180_365_days,0,count,https://pgportal.gov.in/darpgdashboard,Official CPGRAMS live dashboard; disposals include carry-forward receipts from previous year(s).
live_dashboard_2026,Department,Cooperation,2026-01-01,2026-08-24,pending_more_than_1_year,0,count,https://pgportal.gov.in/darpgdashboard,Official CPGRAMS live dashboard; disposals include carry-forward receipts from previous year(s).
live_dashboard_2026,Department,Defence,2026-01-01,2026-08-24,received,17206,count,https://pgportal.gov.in/darpgdashboard,Official CPGRAMS live dashboard; disposals include carry-forward receipts from previous year(s).
live_dashboard_2026,Department,Defence,2026-01-01,2026-08-24,disposed,16808,count,https://pgportal.gov.in/darpgdashboard,Official CPGRAMS live dashboard; disposals include carry-forward receipts from previous year(s).
live_dashboard_2026,Department,Defence,2026-01-01,2026-08-24,percent_disposed,97.69,percent,https://pgportal.gov.in/darpgdashboard,Official CPGRAMS live dashboard; disposals include carry-forward receipts from previous year(s).
live_dashboard_2026,Department,Defence,2026-01-01,2026-08-24,pending_0_60_days,397,count,https://pgportal.gov.in/darpgdashboard,Official CPGRAMS live dashboard; disposals include carry-forward receipts from previous year(s).
live_dashboard_2026,Department,Defence,2026-01-01,2026-08-24,pending_60_180_days,1,count,https://pgportal.gov.in/darpgdashboard,Official CPGRAMS live dashboard; disposals include carry-forward receipts from previous year(s).
live_dashboard_2026,Department,Defence,2026-01-01,2026-08-24,pending_180_365_days,0,count,https://pgportal.gov.in/darpgdashboard,Official CPGRAMS live dashboard; disposals include carry-forward receipts from previous year(s).
live_dashboard_2026,Department,Defence,2026-01-01,2026-08-24,pending_more_than_1_year,0,count,https://pgportal.gov.in/darpgdashboard,Official CPGRAMS live dashboard; disposals include carry-forward receipts from previous year(s).
live_dashboard_2026,Department,"Environment, Forest and Climate Change",2026-01-01,2026-08-24,received,7483,count,https://pgportal.gov.in/darpgdashboard,Official CPGRAMS live dashboard; disposals include carry-forward receipts from previous year(s).
live_dashboard_2026,Department,"Environment, Forest and Climate Change",2026-01-01,2026-08-24,disposed,7102,count,https://pgportal.gov.in/darpgdashboard,Official CPGRAMS live dashboard; disposals include carry-forward receipts from previous year(s).
live_dashboard_2026,Department,"Environment, Forest and Climate Change",2026-01-01,2026-08-24,percent_disposed,94.91,percent,https://pgportal.gov.in/darpgdashboard,Official CPGRAMS live dashboard; disposals include carry-forward receipts from previous year(s).
live_dashboard_2026,Department,"Environment, Forest and Climate Change",2026-01-01,2026-08-24,pending_0_60_days,371,count,https://pgportal.gov.in/darpgdashboard,Official CPGRAMS live dashboard; disposals include carry-forward receipts from previous year(s).
live_dashboard_2026,Department,"Environment, Forest and Climate Change",2026-01-01,2026-08-24,pending_60_180_days,10,count,https://pgportal.gov.in/darpgdashboard,Official CPGRAMS live dashboard; disposals include carry-forward receipts from previous year(s).
live_dashboard_2026,Department,"Environment, Forest and Climate Change",2026-01-01,2026-08-24,pending_180_365_days,0,count,https://pgportal.gov.in/darpgdashboard,Official CPGRAMS live dashboard; disposals include carry-forward receipts from previous year(s).
live_dashboard_2026,Department,"Environment, Forest and Climate Change",2026-01-01,2026-08-24,pending_more_than_1_year,0,count,https://pgportal.gov.in/darpgdashboard,Official CPGRAMS live dashboard; disposals include carry-forward receipts from previous year(s).
live_dashboard_2026,Department,Information and Broadcasting,2026-01-01,2026-08-24,received,3808,count,https://pgportal.gov.in/darpgdashboard,Official CPGRAMS live dashboard; disposals include carry-forward receipts from previous year(s).
live_dashboard_2026,Department,Information and Broadcasting,2026-01-01,2026-08-24,disposed,3703,count,https://pgportal.gov.in/darpgdashboard,Official CPGRAMS live dashboard; disposals include carry-forward receipts from previous year(s).
live_dashboard_2026,Department,Information and Broadcasting,2026-01-01,2026-08-24,percent_disposed,97.24,percent,https://pgportal.gov.in/darpgdashboard,Official CPGRAMS live dashboard; disposals include carry-forward receipts from previous year(s).
live_dashboard_2026,Department,Information and Broadcasting,2026-01-01,2026-08-24,pending_0_60_days,105,count,https://pgportal.gov.in/darpgdashboard,Official CPGRAMS live dashboard; disposals include carry-forward receipts from previous year(s).
live_dashboard_2026,Department,Information and Broadcasting,2026-01-01,2026-08-24,pending_60_180_days,0,count,https://pgportal.gov.in/darpgdashboard,Official CPGRAMS live dashboard; disposals include carry-forward receipts from previous year(s).
live_dashboard_2026,Department,Information and Broadcasting,2026-01-01,2026-08-24,pending_180_365_days,0,count,https://pgportal.gov.in/darpgdashboard,Official CPGRAMS live dashboard; disposals include carry-forward receipts from previous year(s).
live_dashboard_2026,Department,Information and Broadcasting,2026-01-01,2026-08-24,pending_more_than_1_year,0,count,https://pgportal.gov.in/darpgdashboard,Official CPGRAMS live dashboard; disposals include carry-forward receipts from previous year(s).
live_dashboard_2026,Department,Labour and Employment,2026-01-01,2026-08-24,received,225395,count,https://pgportal.gov.in/darpgdashboard,Official CPGRAMS live dashboard; disposals include carry-forward receipts from previous year(s).
live_dashboard_2026,Department,Labour and Employment,2026-01-01,2026-08-24,disposed,209186,count,https://pgportal.gov.in/darpgdashboard,Official CPGRAMS live dashboard; disposals include carry-forward receipts from previous year(s).
live_dashboard_2026,Department,Labour and Employment,2026-01-01,2026-08-24,percent_disposed,92.81,percent,https://pgportal.gov.in/darpgdashboard,Official CPGRAMS live dashboard; disposals include carry-forward receipts from previous year(s).
live_dashboard_2026,Department,Labour and Employment,2026-01-01,2026-08-24,pending_0_60_days,15291,count,https://pgportal.gov.in/darpgdashboard,Official CPGRAMS live dashboard; disposals include carry-forward receipts from previous year(s).
live_dashboard_2026,Department,Labour and Employment,2026-01-01,2026-08-24,pending_60_180_days,889,count,https://pgportal.gov.in/darpgdashboard,Official CPGRAMS live dashboard; disposals include carry-forward receipts from previous year(s).
live_dashboard_2026,Department,Labour and Employment,2026-01-01,2026-08-24,pending_180_365_days,29,count,https://pgportal.gov.in/darpgdashboard,Official CPGRAMS live dashboard; disposals include carry-forward receipts from previous year(s).
live_dashboard_2026,Department,Labour and Employment,2026-01-01,2026-08-24,pending_more_than_1_year,0,count,https://pgportal.gov.in/darpgdashboard,Official CPGRAMS live dashboard; disposals include carry-forward receipts from previous year(s).
live_dashboard_2026,Department,Minority Affairs,2026-01-01,2026-08-24,received,1425,count,https://pgportal.gov.in/darpgdashboard,Official CPGRAMS live dashboard; disposals include carry-forward receipts from previous year(s).
live_dashboard_2026,Department,Minority Affairs,2026-01-01,2026-08-24,disposed,1354,count,https://pgportal.gov.in/darpgdashboard,Official CPGRAMS live dashboard; disposals include carry-forward receipts from previous year(s).
live_dashboard_2026,Department,Minority Affairs,2026-01-01,2026-08-24,percent_disposed,95.02,percent,https://pgportal.gov.in/darpgdashboard,Official CPGRAMS live dashboard; disposals include carry-forward receipts from previous year(s).
live_dashboard_2026,Department,Minority Affairs,2026-01-01,2026-08-24,pending_0_60_days,69,count,https://pgportal.gov.in/darpgdashboard,Official CPGRAMS live dashboard; disposals include carry-forward receipts from previous year(s).
live_dashboard_2026,Department,Minority Affairs,2026-01-01,2026-08-24,pending_60_180_days,0,count,https://pgportal.gov.in/darpgdashboard,Official CPGRAMS live dashboard; disposals include carry-forward receipts from previous year(s).
live_dashboard_2026,Department,Minority Affairs,2026-01-01,2026-08-24,pending_180_365_days,2,count,https://pgportal.gov.in/darpgdashboard,Official CPGRAMS live dashboard; disposals include carry-forward receipts from previous year(s).
live_dashboard_2026,Department,Minority Affairs,2026-01-01,2026-08-24,pending_more_than_1_year,0,count,https://pgportal.gov.in/darpgdashboard,Official CPGRAMS live dashboard; disposals include carry-forward receipts from previous year(s).
live_dashboard_2026,Department,New and Renewable Energy,2026-01-01,2026-08-24,received,2420,count,https://pgportal.gov.in/darpgdashboard,Official CPGRAMS live dashboard; disposals include carry-forward receipts from previous year(s).
live_dashboard_2026,Department,New and Renewable Energy,2026-01-01,2026-08-24,disposed,2250,count,https://pgportal.gov.in/darpgdashboard,Official CPGRAMS live dashboard; disposals include carry-forward receipts from previous year(s).
live_dashboard_2026,Department,New and Renewable Energy,2026-01-01,2026-08-24,percent_disposed,92.98,percent,https://pgportal.gov.in/darpgdashboard,Official CPGRAMS live dashboard; disposals include carry-forward receipts from previous year(s).
live_dashboard_2026,Department,New and Renewable Energy,2026-01-01,2026-08-24,pending_0_60_days,169,count,https://pgportal.gov.in/darpgdashboard,Official CPGRAMS live dashboard; disposals include carry-forward receipts from previous year(s).
live_dashboard_2026,Department,New and Renewable Energy,2026-01-01,2026-08-24,pending_60_180_days,1,count,https://pgportal.gov.in/darpgdashboard,Official CPGRAMS live dashboard; disposals include carry-forward receipts from previous year(s).
live_dashboard_2026,Department,New and Renewable Energy,2026-01-01,2026-08-24,pending_180_365_days,0,count,https://pgportal.gov.in/darpgdashboard,Official CPGRAMS live dashboard; disposals include carry-forward receipts from previous year(s).
live_dashboard_2026,Department,New and Renewable Energy,2026-01-01,2026-08-24,pending_more_than_1_year,0,count,https://pgportal.gov.in/darpgdashboard,Official CPGRAMS live dashboard; disposals include carry-forward receipts from previous year(s).
live_dashboard_2026,Department,Panchayati Raj,2026-01-01,2026-08-24,received,15580,count,https://pgportal.gov.in/darpgdashboard,Official CPGRAMS live dashboard; disposals include carry-forward receipts from previous year(s).
live_dashboard_2026,Department,Panchayati Raj,2026-01-01,2026-08-24,disposed,13684,count,https://pgportal.gov.in/darpgdashboard,Official CPGRAMS live dashboard; disposals include carry-forward receipts from previous year(s).
live_dashboard_2026,Department,Panchayati Raj,2026-01-01,2026-08-24,percent_disposed,87.83,percent,https://pgportal.gov.in/darpgdashboard,Official CPGRAMS live dashboard; disposals include carry-forward receipts from previous year(s).
live_dashboard_2026,Department,Panchayati Raj,2026-01-01,2026-08-24,pending_0_60_days,1371,count,https://pgportal.gov.in/darpgdashboard,Official CPGRAMS live dashboard; disposals include carry-forward receipts from previous year(s).
live_dashboard_2026,Department,Panchayati Raj,2026-01-01,2026-08-24,pending_60_180_days,447,count,https://pgportal.gov.in/darpgdashboard,Official CPGRAMS live dashboard; disposals include carry-forward receipts from previous year(s).
live_dashboard_2026,Department,Panchayati Raj,2026-01-01,2026-08-24,pending_180_365_days,78,count,https://pgportal.gov.in/darpgdashboard,Official CPGRAMS live dashboard; disposals include carry-forward receipts from previous year(s).
live_dashboard_2026,Department,Panchayati Raj,2026-01-01,2026-08-24,pending_more_than_1_year,0,count,https://pgportal.gov.in/darpgdashboard,Official CPGRAMS live dashboard; disposals include carry-forward receipts from previous year(s).
live_dashboard_2026,Department,"Railways, ( Railway Board)",2026-01-01,2026-08-24,received,64851,count,https://pgportal.gov.in/darpgdashboard,Official CPGRAMS live dashboard; disposals include carry-forward receipts from previous year(s).
live_dashboard_2026,Department,"Railways, ( Railway Board)",2026-01-01,2026-08-24,disposed,60799,count,https://pgportal.gov.in/darpgdashboard,Official CPGRAMS live dashboard; disposals include carry-forward receipts from previous year(s).
live_dashboard_2026,Department,"Railways, ( Railway Board)",2026-01-01,2026-08-24,percent_disposed,93.75,percent,https://pgportal.gov.in/darpgdashboard,Official CPGRAMS live dashboard; disposals include carry-forward receipts from previous year(s).
live_dashboard_2026,Department,"Railways, ( Railway Board)",2026-01-01,2026-08-24,pending_0_60_days,3540,count,https://pgportal.gov.in/darpgdashboard,Official CPGRAMS live dashboard; disposals include carry-forward receipts from previous year(s).
live_dashboard_2026,Department,"Railways, ( Railway Board)",2026-01-01,2026-08-24,pending_60_180_days,479,count,https://pgportal.gov.in/darpgdashboard,Official CPGRAMS live dashboard; disposals include carry-forward receipts from previous year(s).
live_dashboard_2026,Department,"Railways, ( Railway Board)",2026-01-01,2026-08-24,pending_180_365_days,33,count,https://pgportal.gov.in/darpgdashboard,Official CPGRAMS live dashboard; disposals include carry-forward receipts from previous year(s).
live_dashboard_2026,Department,"Railways, ( Railway Board)",2026-01-01,2026-08-24,pending_more_than_1_year,0,count,https://pgportal.gov.in/darpgdashboard,Official CPGRAMS live dashboard; disposals include carry-forward receipts from previous year(s).
live_dashboard_2026,Department,Road Transport and Highways,2026-01-01,2026-08-24,received,42548,count,https://pgportal.gov.in/darpgdashboard,Official CPGRAMS live dashboard; disposals include carry-forward receipts from previous year(s).
live_dashboard_2026,Department,Road Transport and Highways,2026-01-01,2026-08-24,disposed,41010,count,https://pgportal.gov.in/darpgdashboard,Official CPGRAMS live dashboard; disposals include carry-forward receipts from previous year(s).
live_dashboard_2026,Department,Road Transport and Highways,2026-01-01,2026-08-24,percent_disposed,96.39,percent,https://pgportal.gov.in/darpgdashboard,Official CPGRAMS live dashboard; disposals include carry-forward receipts from previous year(s).
live_dashboard_2026,Department,Road Transport and Highways,2026-01-01,2026-08-24,pending_0_60_days,1487,count,https://pgportal.gov.in/darpgdashboard,Official CPGRAMS live dashboard; disposals include carry-forward receipts from previous year(s).
live_dashboard_2026,Department,Road Transport and Highways,2026-01-01,2026-08-24,pending_60_180_days,48,count,https://pgportal.gov.in/darpgdashboard,Official CPGRAMS live dashboard; disposals include carry-forward receipts from previous year(s).
live_dashboard_2026,Department,Road Transport and Highways,2026-01-01,2026-08-24,pending_180_365_days,3,count,https://pgportal.gov.in/darpgdashboard,Official CPGRAMS live dashboard; disposals include carry-forward receipts from previous year(s).
live_dashboard_2026,Department,Road Transport and Highways,2026-01-01,2026-08-24,pending_more_than_1_year,0,count,https://pgportal.gov.in/darpgdashboard,Official CPGRAMS live dashboard; disposals include carry-forward receipts from previous year(s).
live_dashboard_2026,Department,Social Justice and Empowerment,2026-01-01,2026-08-24,received,10756,count,https://pgportal.gov.in/darpgdashboard,Official CPGRAMS live dashboard; disposals include carry-forward receipts from previous year(s).
live_dashboard_2026,Department,Social Justice and Empowerment,2026-01-01,2026-08-24,disposed,9834,count,https://pgportal.gov.in/darpgdashboard,Official CPGRAMS live dashboard; disposals include carry-forward receipts from previous year(s).
live_dashboard_2026,Department,Social Justice and Empowerment,2026-01-01,2026-08-24,percent_disposed,91.43,percent,https://pgportal.gov.in/darpgdashboard,Official CPGRAMS live dashboard; disposals include carry-forward receipts from previous year(s).
live_dashboard_2026,Department,Social Justice and Empowerment,2026-01-01,2026-08-24,pending_0_60_days,909,count,https://pgportal.gov.in/darpgdashboard,Official CPGRAMS live dashboard; disposals include carry-forward receipts from previous year(s).
live_dashboard_2026,Department,Social Justice and Empowerment,2026-01-01,2026-08-24,pending_60_180_days,13,count,https://pgportal.gov.in/darpgdashboard,Official CPGRAMS live dashboard; disposals include carry-forward receipts from previous year(s).
live_dashboard_2026,Department,Social Justice and Empowerment,2026-01-01,2026-08-24,pending_180_365_days,0,count,https://pgportal.gov.in/darpgdashboard,Official CPGRAMS live dashboard; disposals include carry-forward receipts from previous year(s).
live_dashboard_2026,Department,Social Justice and Empowerment,2026-01-01,2026-08-24,pending_more_than_1_year,0,count,https://pgportal.gov.in/darpgdashboard,Official CPGRAMS live dashboard; disposals include carry-forward receipts from previous year(s).
live_dashboard_2026,Department,Statistics and Programme Implementation,2026-01-01,2026-08-24,received,443,count,https://pgportal.gov.in/darpgdashboard,Official CPGRAMS live dashboard; disposals include carry-forward receipts from previous year(s).
live_dashboard_2026,Department,Statistics and Programme Implementation,2026-01-01,2026-08-24,disposed,425,count,https://pgportal.gov.in/darpgdashboard,Official CPGRAMS live dashboard; disposals include carry-forward receipts from previous year(s).
live_dashboard_2026,Department,Statistics and Programme Implementation,2026-01-01,2026-08-24,percent_disposed,95.94,percent,https://pgportal.gov.in/darpgdashboard,Official CPGRAMS live dashboard; disposals include carry-forward receipts from previous year(s).
live_dashboard_2026,Department,Statistics and Programme Implementation,2026-01-01,2026-08-24,pending_0_60_days,18,count,https://pgportal.gov.in/darpgdashboard,Official CPGRAMS live dashboard; disposals include carry-forward receipts from previous year(s).
live_dashboard_2026,Department,Statistics and Programme Implementation,2026-01-01,2026-08-24,pending_60_180_days,0,count,https://pgportal.gov.in/darpgdashboard,Official CPGRAMS live dashboard; disposals include carry-forward receipts from previous year(s).
live_dashboard_2026,Department,Statistics and Programme Implementation,2026-01-01,2026-08-24,pending_180_365_days,0,count,https://pgportal.gov.in/darpgdashboard,Official CPGRAMS live dashboard; disposals include carry-forward receipts from previous year(s).
live_dashboard_2026,Department,Statistics and Programme Implementation,2026-01-01,2026-08-24,pending_more_than_1_year,0,count,https://pgportal.gov.in/darpgdashboard,Official CPGRAMS live dashboard; disposals include carry-forward receipts from previous year(s).
live_dashboard_2026,Department,Steel,2026-01-01,2026-08-24,received,1326,count,https://pgportal.gov.in/darpgdashboard,Official CPGRAMS live dashboard; disposals include carry-forward receipts from previous year(s).
live_dashboard_2026,Department,Steel,2026-01-01,2026-08-24,disposed,1305,count,https://pgportal.gov.in/darpgdashboard,Official CPGRAMS live dashboard; disposals include carry-forward receipts from previous year(s).
live_dashboard_2026,Department,Steel,2026-01-01,2026-08-24,percent_disposed,98.42,percent,https://pgportal.gov.in/darpgdashboard,Official CPGRAMS live dashboard; disposals include carry-forward receipts from previous year(s).
live_dashboard_2026,Department,Steel,2026-01-01,2026-08-24,pending_0_60_days,21,count,https://pgportal.gov.in/darpgdashboard,Official CPGRAMS live dashboard; disposals include carry-forward receipts from previous year(s).
live_dashboard_2026,Department,Steel,2026-01-01,2026-08-24,pending_60_180_days,0,count,https://pgportal.gov.in/darpgdashboard,Official CPGRAMS live dashboard; disposals include carry-forward receipts from previous year(s).
live_dashboard_2026,Department,Steel,2026-01-01,2026-08-24,pending_180_365_days,0,count,https://pgportal.gov.in/darpgdashboard,Official CPGRAMS live dashboard; disposals include carry-forward receipts from previous year(s).
live_dashboard_2026,Department,Steel,2026-01-01,2026-08-24,pending_more_than_1_year,0,count,https://pgportal.gov.in/darpgdashboard,Official CPGRAMS live dashboard; disposals include carry-forward receipts from previous year(s).
live_dashboard_2026,Department,Youth Affairs,2026-01-01,2026-08-24,received,824,count,https://pgportal.gov.in/darpgdashboard,Official CPGRAMS live dashboard; disposals include carry-forward receipts from previous year(s).
live_dashboard_2026,Department,Youth Affairs,2026-01-01,2026-08-24,disposed,785,count,https://pgportal.gov.in/darpgdashboard,Official CPGRAMS live dashboard; disposals include carry-forward receipts from previous year(s).
live_dashboard_2026,Department,Youth Affairs,2026-01-01,2026-08-24,percent_disposed,95.27,percent,https://pgportal.gov.in/darpgdashboard,Official CPGRAMS live dashboard; disposals include carry-forward receipts from previous year(s).
live_dashboard_2026,Department,Youth Affairs,2026-01-01,2026-08-24,pending_0_60_days,36,count,https://pgportal.gov.in/darpgdashboard,Official CPGRAMS live dashboard; disposals include carry-forward receipts from previous year(s).
live_dashboard_2026,Department,Youth Affairs,2026-01-01,2026-08-24,pending_60_180_days,3,count,https://pgportal.gov.in/darpgdashboard,Official CPGRAMS live dashboard; disposals include carry-forward receipts from previous year(s).
live_dashboard_2026,Department,Youth Affairs,2026-01-01,2026-08-24,pending_180_365_days,0,count,https://pgportal.gov.in/darpgdashboard,Official CPGRAMS live dashboard; disposals include carry-forward receipts from previous year(s).
live_dashboard_2026,Department,Youth Affairs,2026-01-01,2026-08-24,pending_more_than_1_year,0,count,https://pgportal.gov.in/darpgdashboard,Official CPGRAMS live dashboard; disposals include carry-forward receipts from previous year(s).
live_dashboard_2026,Department,Petroleum and Natural Gas,2026-01-01,2026-08-24,received,59753,count,https://pgportal.gov.in/darpgdashboard,Official CPGRAMS live dashboard; disposals include carry-forward receipts from previous year(s).
live_dashboard_2026,Department,Petroleum and Natural Gas,2026-01-01,2026-08-24,disposed,45517,count,https://pgportal.gov.in/darpgdashboard,Official CPGRAMS live dashboard; disposals include carry-forward receipts from previous year(s).
live_dashboard_2026,Department,Petroleum and Natural Gas,2026-01-01,2026-08-24,percent_disposed,76.18,percent,https://pgportal.gov.in/darpgdashboard,Official CPGRAMS live dashboard; disposals include carry-forward receipts from previous year(s).
live_dashboard_2026,Department,Petroleum and Natural Gas,2026-01-01,2026-08-24,pending_0_60_days,10623,count,https://pgportal.gov.in/darpgdashboard,Official CPGRAMS live dashboard; disposals include carry-forward receipts from previous year(s).
live_dashboard_2026,Department,Petroleum and Natural Gas,2026-01-01,2026-08-24,pending_60_180_days,3602,count,https://pgportal.gov.in/darpgdashboard,Official CPGRAMS live dashboard; disposals include carry-forward receipts from previous year(s).
live_dashboard_2026,Department,Petroleum and Natural Gas,2026-01-01,2026-08-24,pending_180_365_days,11,count,https://pgportal.gov.in/darpgdashboard,Official CPGRAMS live dashboard; disposals include carry-forward receipts from previous year(s).
live_dashboard_2026,Department,Petroleum and Natural Gas,2026-01-01,2026-08-24,pending_more_than_1_year,0,count,https://pgportal.gov.in/darpgdashboard,Official CPGRAMS live dashboard; disposals include carry-forward receipts from previous year(s).
live_dashboard_2026,Department,Power,2026-01-01,2026-08-24,received,10331,count,https://pgportal.gov.in/darpgdashboard,Official CPGRAMS live dashboard; disposals include carry-forward receipts from previous year(s).
live_dashboard_2026,Department,Power,2026-01-01,2026-08-24,disposed,10238,count,https://pgportal.gov.in/darpgdashboard,Official CPGRAMS live dashboard; disposals include carry-forward receipts from previous year(s).
live_dashboard_2026,Department,Power,2026-01-01,2026-08-24,percent_disposed,99.1,percent,https://pgportal.gov.in/darpgdashboard,Official CPGRAMS live dashboard; disposals include carry-forward receipts from previous year(s).
live_dashboard_2026,Department,Power,2026-01-01,2026-08-24,pending_0_60_days,93,count,https://pgportal.gov.in/darpgdashboard,Official CPGRAMS live dashboard; disposals include carry-forward receipts from previous year(s).
live_dashboard_2026,Department,Power,2026-01-01,2026-08-24,pending_60_180_days,0,count,https://pgportal.gov.in/darpgdashboard,Official CPGRAMS live dashboard; disposals include carry-forward receipts from previous year(s).
live_dashboard_2026,Department,Power,2026-01-01,2026-08-24,pending_180_365_days,0,count,https://pgportal.gov.in/darpgdashboard,Official CPGRAMS live dashboard; disposals include carry-forward receipts from previous year(s).
live_dashboard_2026,Department,Power,2026-01-01,2026-08-24,pending_more_than_1_year,0,count,https://pgportal.gov.in/darpgdashboard,Official CPGRAMS live dashboard; disposals include carry-forward receipts from previous year(s).
live_dashboard_2026,Department,Shipping,2026-01-01,2026-08-24,received,1353,count,https://pgportal.gov.in/darpgdashboard,Official CPGRAMS live dashboard; disposals include carry-forward receipts from previous year(s).
live_dashboard_2026,Department,Shipping,2026-01-01,2026-08-24,disposed,1300,count,https://pgportal.gov.in/darpgdashboard,Official CPGRAMS live dashboard; disposals include carry-forward receipts from previous year(s).
live_dashboard_2026,Department,Shipping,2026-01-01,2026-08-24,percent_disposed,96.08,percent,https://pgportal.gov.in/darpgdashboard,Official CPGRAMS live dashboard; disposals include carry-forward receipts from previous year(s).
live_dashboard_2026,Department,Shipping,2026-01-01,2026-08-24,pending_0_60_days,53,count,https://pgportal.gov.in/darpgdashboard,Official CPGRAMS live dashboard; disposals include carry-forward receipts from previous year(s).
live_dashboard_2026,Department,Shipping,2026-01-01,2026-08-24,pending_60_180_days,0,count,https://pgportal.gov.in/darpgdashboard,Official CPGRAMS live dashboard; disposals include carry-forward receipts from previous year(s).
live_dashboard_2026,Department,Shipping,2026-01-01,2026-08-24,pending_180_365_days,0,count,https://pgportal.gov.in/darpgdashboard,Official CPGRAMS live dashboard; disposals include carry-forward receipts from previous year(s).
live_dashboard_2026,Department,Shipping,2026-01-01,2026-08-24,pending_more_than_1_year,0,count,https://pgportal.gov.in/darpgdashboard,Official CPGRAMS live dashboard; disposals include carry-forward receipts from previous year(s).
live_dashboard_2026,Department,Tribal Affairs,2026-01-01,2026-08-24,received,2048,count,https://pgportal.gov.in/darpgdashboard,Official CPGRAMS live dashboard; disposals include carry-forward receipts from previous year(s).
live_dashboard_2026,Department,Tribal Affairs,2026-01-01,2026-08-24,disposed,1965,count,https://pgportal.gov.in/darpgdashboard,Official CPGRAMS live dashboard; disposals include carry-forward receipts from previous year(s).
live_dashboard_2026,Department,Tribal Affairs,2026-01-01,2026-08-24,percent_disposed,95.95,percent,https://pgportal.gov.in/darpgdashboard,Official CPGRAMS live dashboard; disposals include carry-forward receipts from previous year(s).
live_dashboard_2026,Department,Tribal Affairs,2026-01-01,2026-08-24,pending_0_60_days,83,count,https://pgportal.gov.in/darpgdashboard,Official CPGRAMS live dashboard; disposals include carry-forward receipts from previous year(s).
live_dashboard_2026,Department,Tribal Affairs,2026-01-01,2026-08-24,pending_60_180_days,0,count,https://pgportal.gov.in/darpgdashboard,Official CPGRAMS live dashboard; disposals include carry-forward receipts from previous year(s).
live_dashboard_2026,Department,Tribal Affairs,2026-01-01,2026-08-24,pending_180_365_days,0,count,https://pgportal.gov.in/darpgdashboard,Official CPGRAMS live dashboard; disposals include carry-forward receipts from previous year(s).
live_dashboard_2026,Department,Tribal Affairs,2026-01-01,2026-08-24,pending_more_than_1_year,0,count,https://pgportal.gov.in/darpgdashboard,Official CPGRAMS live dashboard; disposals include carry-forward receipts from previous year(s).
live_dashboard_2026,Department,Textiles,2026-01-01,2026-08-24,received,697,count,https://pgportal.gov.in/darpgdashboard,Official CPGRAMS live dashboard; disposals include carry-forward receipts from previous year(s).
live_dashboard_2026,Department,Textiles,2026-01-01,2026-08-24,disposed,675,count,https://pgportal.gov.in/darpgdashboard,Official CPGRAMS live dashboard; disposals include carry-forward receipts from previous year(s).
live_dashboard_2026,Department,Textiles,2026-01-01,2026-08-24,percent_disposed,96.84,percent,https://pgportal.gov.in/darpgdashboard,Official CPGRAMS live dashboard; disposals include carry-forward receipts from previous year(s).
live_dashboard_2026,Department,Textiles,2026-01-01,2026-08-24,pending_0_60_days,22,count,https://pgportal.gov.in/darpgdashboard,Official CPGRAMS live dashboard; disposals include carry-forward receipts from previous year(s).
live_dashboard_2026,Department,Textiles,2026-01-01,2026-08-24,pending_60_180_days,0,count,https://pgportal.gov.in/darpgdashboard,Official CPGRAMS live dashboard; disposals include carry-forward receipts from previous year(s).
live_dashboard_2026,Department,Textiles,2026-01-01,2026-08-24,pending_180_365_days,0,count,https://pgportal.gov.in/darpgdashboard,Official CPGRAMS live dashboard; disposals include carry-forward receipts from previous year(s).
live_dashboard_2026,Department,Textiles,2026-01-01,2026-08-24,pending_more_than_1_year,0,count,https://pgportal.gov.in/darpgdashboard,Official CPGRAMS live dashboard; disposals include carry-forward receipts from previous year(s).
live_dashboard_2026,Department,Unique Identification Authority of India,2026-01-01,2026-08-24,received,36903,count,https://pgportal.gov.in/darpgdashboard,Official CPGRAMS live dashboard; disposals include carry-forward receipts from previous year(s).
live_dashboard_2026,Department,Unique Identification Authority of India,2026-01-01,2026-08-24,disposed,34155,count,https://pgportal.gov.in/darpgdashboard,Official CPGRAMS live dashboard; disposals include carry-forward receipts from previous year(s).
live_dashboard_2026,Department,Unique Identification Authority of India,2026-01-01,2026-08-24,percent_disposed,92.55,percent,https://pgportal.gov.in/darpgdashboard,Official CPGRAMS live dashboard; disposals include carry-forward receipts from previous year(s).
live_dashboard_2026,Department,Unique Identification Authority of India,2026-01-01,2026-08-24,pending_0_60_days,2684,count,https://pgportal.gov.in/darpgdashboard,Official CPGRAMS live dashboard; disposals include carry-forward receipts from previous year(s).
live_dashboard_2026,Department,Unique Identification Authority of India,2026-01-01,2026-08-24,pending_60_180_days,63,count,https://pgportal.gov.in/darpgdashboard,Official CPGRAMS live dashboard; disposals include carry-forward receipts from previous year(s).
live_dashboard_2026,Department,Unique Identification Authority of India,2026-01-01,2026-08-24,pending_180_365_days,1,count,https://pgportal.gov.in/darpgdashboard,Official CPGRAMS live dashboard; disposals include carry-forward receipts from previous year(s).
live_dashboard_2026,Department,Unique Identification Authority of India,2026-01-01,2026-08-24,pending_more_than_1_year,0,count,https://pgportal.gov.in/darpgdashboard,Official CPGRAMS live dashboard; disposals include carry-forward receipts from previous year(s).
live_dashboard_2026,State/UT,NCT of Delhi,2026-01-01,2026-08-24,received,37343,count,https://pgportal.gov.in/darpgdashboard,Official CPGRAMS live dashboard; disposals include carry-forward receipts from previous year(s).
live_dashboard_2026,State/UT,NCT of Delhi,2026-01-01,2026-08-24,disposed,23716,count,https://pgportal.gov.in/darpgdashboard,Official CPGRAMS live dashboard; disposals include carry-forward receipts from previous year(s).
live_dashboard_2026,State/UT,NCT of Delhi,2026-01-01,2026-08-24,percent_disposed,63.51,percent,https://pgportal.gov.in/darpgdashboard,Official CPGRAMS live dashboard; disposals include carry-forward receipts from previous year(s).
live_dashboard_2026,State/UT,NCT of Delhi,2026-01-01,2026-08-24,pending_0_60_days,9336,count,https://pgportal.gov.in/darpgdashboard,Official CPGRAMS live dashboard; disposals include carry-forward receipts from previous year(s).
live_dashboard_2026,State/UT,NCT of Delhi,2026-01-01,2026-08-24,pending_60_180_days,4182,count,https://pgportal.gov.in/darpgdashboard,Official CPGRAMS live dashboard; disposals include carry-forward receipts from previous year(s).
live_dashboard_2026,State/UT,NCT of Delhi,2026-01-01,2026-08-24,pending_180_365_days,109,count,https://pgportal.gov.in/darpgdashboard,Official CPGRAMS live dashboard; disposals include carry-forward receipts from previous year(s).
live_dashboard_2026,State/UT,NCT of Delhi,2026-01-01,2026-08-24,pending_more_than_1_year,0,count,https://pgportal.gov.in/darpgdashboard,Official CPGRAMS live dashboard; disposals include carry-forward receipts from previous year(s).
live_dashboard_2026,State/UT,Union Territory of Andaman & Nicobar,2026-01-01,2026-08-24,received,908,count,https://pgportal.gov.in/darpgdashboard,Official CPGRAMS live dashboard; disposals include carry-forward receipts from previous year(s).
live_dashboard_2026,State/UT,Union Territory of Andaman & Nicobar,2026-01-01,2026-08-24,disposed,832,count,https://pgportal.gov.in/darpgdashboard,Official CPGRAMS live dashboard; disposals include carry-forward receipts from previous year(s).
live_dashboard_2026,State/UT,Union Territory of Andaman & Nicobar,2026-01-01,2026-08-24,percent_disposed,91.63,percent,https://pgportal.gov.in/darpgdashboard,Official CPGRAMS live dashboard; disposals include carry-forward receipts from previous year(s).
live_dashboard_2026,State/UT,Union Territory of Andaman & Nicobar,2026-01-01,2026-08-24,pending_0_60_days,71,count,https://pgportal.gov.in/darpgdashboard,Official CPGRAMS live dashboard; disposals include carry-forward receipts from previous year(s).
live_dashboard_2026,State/UT,Union Territory of Andaman & Nicobar,2026-01-01,2026-08-24,pending_60_180_days,5,count,https://pgportal.gov.in/darpgdashboard,Official CPGRAMS live dashboard; disposals include carry-forward receipts from previous year(s).
live_dashboard_2026,State/UT,Union Territory of Andaman & Nicobar,2026-01-01,2026-08-24,pending_180_365_days,0,count,https://pgportal.gov.in/darpgdashboard,Official CPGRAMS live dashboard; disposals include carry-forward receipts from previous year(s).
live_dashboard_2026,State/UT,Union Territory of Andaman & Nicobar,2026-01-01,2026-08-24,pending_more_than_1_year,0,count,https://pgportal.gov.in/darpgdashboard,Official CPGRAMS live dashboard; disposals include carry-forward receipts from previous year(s).
live_dashboard_2026,State/UT,Andhra Pradesh,2026-01-01,2026-08-24,received,14232,count,https://pgportal.gov.in/darpgdashboard,Official CPGRAMS live dashboard; disposals include carry-forward receipts from previous year(s).
live_dashboard_2026,State/UT,Andhra Pradesh,2026-01-01,2026-08-24,disposed,3610,count,https://pgportal.gov.in/darpgdashboard,Official CPGRAMS live dashboard; disposals include carry-forward receipts from previous year(s).
live_dashboard_2026,State/UT,Andhra Pradesh,2026-01-01,2026-08-24,percent_disposed,25.37,percent,https://pgportal.gov.in/darpgdashboard,Official CPGRAMS live dashboard; disposals include carry-forward receipts from previous year(s).
live_dashboard_2026,State/UT,Andhra Pradesh,2026-01-01,2026-08-24,pending_0_60_days,3773,count,https://pgportal.gov.in/darpgdashboard,Official CPGRAMS live dashboard; disposals include carry-forward receipts from previous year(s).
live_dashboard_2026,State/UT,Andhra Pradesh,2026-01-01,2026-08-24,pending_60_180_days,5869,count,https://pgportal.gov.in/darpgdashboard,Official CPGRAMS live dashboard; disposals include carry-forward receipts from previous year(s).
live_dashboard_2026,State/UT,Andhra Pradesh,2026-01-01,2026-08-24,pending_180_365_days,980,count,https://pgportal.gov.in/darpgdashboard,Official CPGRAMS live dashboard; disposals include carry-forward receipts from previous year(s).
live_dashboard_2026,State/UT,Andhra Pradesh,2026-01-01,2026-08-24,pending_more_than_1_year,0,count,https://pgportal.gov.in/darpgdashboard,Official CPGRAMS live dashboard; disposals include carry-forward receipts from previous year(s).
live_dashboard_2026,State/UT,Arunachal Pradesh,2026-01-01,2026-08-24,received,367,count,https://pgportal.gov.in/darpgdashboard,Official CPGRAMS live dashboard; disposals include carry-forward receipts from previous year(s).
live_dashboard_2026,State/UT,Arunachal Pradesh,2026-01-01,2026-08-24,disposed,180,count,https://pgportal.gov.in/darpgdashboard,Official CPGRAMS live dashboard; disposals include carry-forward receipts from previous year(s).
live_dashboard_2026,State/UT,Arunachal Pradesh,2026-01-01,2026-08-24,percent_disposed,49.05,percent,https://pgportal.gov.in/darpgdashboard,Official CPGRAMS live dashboard; disposals include carry-forward receipts from previous year(s).
live_dashboard_2026,State/UT,Arunachal Pradesh,2026-01-01,2026-08-24,pending_0_60_days,91,count,https://pgportal.gov.in/darpgdashboard,Official CPGRAMS live dashboard; disposals include carry-forward receipts from previous year(s).
live_dashboard_2026,State/UT,Arunachal Pradesh,2026-01-01,2026-08-24,pending_60_180_days,78,count,https://pgportal.gov.in/darpgdashboard,Official CPGRAMS live dashboard; disposals include carry-forward receipts from previous year(s).
live_dashboard_2026,State/UT,Arunachal Pradesh,2026-01-01,2026-08-24,pending_180_365_days,18,count,https://pgportal.gov.in/darpgdashboard,Official CPGRAMS live dashboard; disposals include carry-forward receipts from previous year(s).
live_dashboard_2026,State/UT,Arunachal Pradesh,2026-01-01,2026-08-24,pending_more_than_1_year,0,count,https://pgportal.gov.in/darpgdashboard,Official CPGRAMS live dashboard; disposals include carry-forward receipts from previous year(s).
live_dashboard_2026,State/UT,Assam,2026-01-01,2026-08-24,received,6634,count,https://pgportal.gov.in/darpgdashboard,Official CPGRAMS live dashboard; disposals include carry-forward receipts from previous year(s).
live_dashboard_2026,State/UT,Assam,2026-01-01,2026-08-24,disposed,4069,count,https://pgportal.gov.in/darpgdashboard,Official CPGRAMS live dashboard; disposals include carry-forward receipts from previous year(s).
live_dashboard_2026,State/UT,Assam,2026-01-01,2026-08-24,percent_disposed,61.34,percent,https://pgportal.gov.in/darpgdashboard,Official CPGRAMS live dashboard; disposals include carry-forward receipts from previous year(s).
live_dashboard_2026,State/UT,Assam,2026-01-01,2026-08-24,pending_0_60_days,1303,count,https://pgportal.gov.in/darpgdashboard,Official CPGRAMS live dashboard; disposals include carry-forward receipts from previous year(s).
live_dashboard_2026,State/UT,Assam,2026-01-01,2026-08-24,pending_60_180_days,999,count,https://pgportal.gov.in/darpgdashboard,Official CPGRAMS live dashboard; disposals include carry-forward receipts from previous year(s).
live_dashboard_2026,State/UT,Assam,2026-01-01,2026-08-24,pending_180_365_days,263,count,https://pgportal.gov.in/darpgdashboard,Official CPGRAMS live dashboard; disposals include carry-forward receipts from previous year(s).
live_dashboard_2026,State/UT,Assam,2026-01-01,2026-08-24,pending_more_than_1_year,0,count,https://pgportal.gov.in/darpgdashboard,Official CPGRAMS live dashboard; disposals include carry-forward receipts from previous year(s).
live_dashboard_2026,State/UT,Bihar,2026-01-01,2026-08-24,received,32565,count,https://pgportal.gov.in/darpgdashboard,Official CPGRAMS live dashboard; disposals include carry-forward receipts from previous year(s).
live_dashboard_2026,State/UT,Bihar,2026-01-01,2026-08-24,disposed,21547,count,https://pgportal.gov.in/darpgdashboard,Official CPGRAMS live dashboard; disposals include carry-forward receipts from previous year(s).
live_dashboard_2026,State/UT,Bihar,2026-01-01,2026-08-24,percent_disposed,66.17,percent,https://pgportal.gov.in/darpgdashboard,Official CPGRAMS live dashboard; disposals include carry-forward receipts from previous year(s).
live_dashboard_2026,State/UT,Bihar,2026-01-01,2026-08-24,pending_0_60_days,7335,count,https://pgportal.gov.in/darpgdashboard,Official CPGRAMS live dashboard; disposals include carry-forward receipts from previous year(s).
live_dashboard_2026,State/UT,Bihar,2026-01-01,2026-08-24,pending_60_180_days,2815,count,https://pgportal.gov.in/darpgdashboard,Official CPGRAMS live dashboard; disposals include carry-forward receipts from previous year(s).
live_dashboard_2026,State/UT,Bihar,2026-01-01,2026-08-24,pending_180_365_days,868,count,https://pgportal.gov.in/darpgdashboard,Official CPGRAMS live dashboard; disposals include carry-forward receipts from previous year(s).
live_dashboard_2026,State/UT,Bihar,2026-01-01,2026-08-24,pending_more_than_1_year,0,count,https://pgportal.gov.in/darpgdashboard,Official CPGRAMS live dashboard; disposals include carry-forward receipts from previous year(s).
live_dashboard_2026,State/UT,Union Territory of Chandigarh,2026-01-01,2026-08-24,received,2775,count,https://pgportal.gov.in/darpgdashboard,Official CPGRAMS live dashboard; disposals include carry-forward receipts from previous year(s).
live_dashboard_2026,State/UT,Union Territory of Chandigarh,2026-01-01,2026-08-24,disposed,2543,count,https://pgportal.gov.in/darpgdashboard,Official CPGRAMS live dashboard; disposals include carry-forward receipts from previous year(s).
live_dashboard_2026,State/UT,Union Territory of Chandigarh,2026-01-01,2026-08-24,percent_disposed,91.64,percent,https://pgportal.gov.in/darpgdashboard,Official CPGRAMS live dashboard; disposals include carry-forward receipts from previous year(s).
live_dashboard_2026,State/UT,Union Territory of Chandigarh,2026-01-01,2026-08-24,pending_0_60_days,219,count,https://pgportal.gov.in/darpgdashboard,Official CPGRAMS live dashboard; disposals include carry-forward receipts from previous year(s).
live_dashboard_2026,State/UT,Union Territory of Chandigarh,2026-01-01,2026-08-24,pending_60_180_days,12,count,https://pgportal.gov.in/darpgdashboard,Official CPGRAMS live dashboard; disposals include carry-forward receipts from previous year(s).
live_dashboard_2026,State/UT,Union Territory of Chandigarh,2026-01-01,2026-08-24,pending_180_365_days,1,count,https://pgportal.gov.in/darpgdashboard,Official CPGRAMS live dashboard; disposals include carry-forward receipts from previous year(s).
live_dashboard_2026,State/UT,Union Territory of Chandigarh,2026-01-01,2026-08-24,pending_more_than_1_year,0,count,https://pgportal.gov.in/darpgdashboard,Official CPGRAMS live dashboard; disposals include carry-forward receipts from previous year(s).
live_dashboard_2026,State/UT,Chattisgarh,2026-01-01,2026-08-24,received,10327,count,https://pgportal.gov.in/darpgdashboard,Official CPGRAMS live dashboard; disposals include carry-forward receipts from previous year(s).
live_dashboard_2026,State/UT,Chattisgarh,2026-01-01,2026-08-24,disposed,5230,count,https://pgportal.gov.in/darpgdashboard,Official CPGRAMS live dashboard; disposals include carry-forward receipts from previous year(s).
live_dashboard_2026,State/UT,Chattisgarh,2026-01-01,2026-08-24,percent_disposed,50.64,percent,https://pgportal.gov.in/darpgdashboard,Official CPGRAMS live dashboard; disposals include carry-forward receipts from previous year(s).
live_dashboard_2026,State/UT,Chattisgarh,2026-01-01,2026-08-24,pending_0_60_days,2367,count,https://pgportal.gov.in/darpgdashboard,Official CPGRAMS live dashboard; disposals include carry-forward receipts from previous year(s).
live_dashboard_2026,State/UT,Chattisgarh,2026-01-01,2026-08-24,pending_60_180_days,2161,count,https://pgportal.gov.in/darpgdashboard,Official CPGRAMS live dashboard; disposals include carry-forward receipts from previous year(s).
live_dashboard_2026,State/UT,Chattisgarh,2026-01-01,2026-08-24,pending_180_365_days,569,count,https://pgportal.gov.in/darpgdashboard,Official CPGRAMS live dashboard; disposals include carry-forward receipts from previous year(s).
live_dashboard_2026,State/UT,Chattisgarh,2026-01-01,2026-08-24,pending_more_than_1_year,0,count,https://pgportal.gov.in/darpgdashboard,Official CPGRAMS live dashboard; disposals include carry-forward receipts from previous year(s).
live_dashboard_2026,State/UT,Union Territory of Dadra & Nagar Haveli,2026-01-01,2026-08-24,received,139,count,https://pgportal.gov.in/darpgdashboard,Official CPGRAMS live dashboard; disposals include carry-forward receipts from previous year(s).
live_dashboard_2026,State/UT,Union Territory of Dadra & Nagar Haveli,2026-01-01,2026-08-24,disposed,52,count,https://pgportal.gov.in/darpgdashboard,Official CPGRAMS live dashboard; disposals include carry-forward receipts from previous year(s).
live_dashboard_2026,State/UT,Union Territory of Dadra & Nagar Haveli,2026-01-01,2026-08-24,percent_disposed,37.41,percent,https://pgportal.gov.in/darpgdashboard,Official CPGRAMS live dashboard; disposals include carry-forward receipts from previous year(s).
live_dashboard_2026,State/UT,Union Territory of Dadra & Nagar Haveli,2026-01-01,2026-08-24,pending_0_60_days,30,count,https://pgportal.gov.in/darpgdashboard,Official CPGRAMS live dashboard; disposals include carry-forward receipts from previous year(s).
live_dashboard_2026,State/UT,Union Territory of Dadra & Nagar Haveli,2026-01-01,2026-08-24,pending_60_180_days,37,count,https://pgportal.gov.in/darpgdashboard,Official CPGRAMS live dashboard; disposals include carry-forward receipts from previous year(s).
live_dashboard_2026,State/UT,Union Territory of Dadra & Nagar Haveli,2026-01-01,2026-08-24,pending_180_365_days,20,count,https://pgportal.gov.in/darpgdashboard,Official CPGRAMS live dashboard; disposals include carry-forward receipts from previous year(s).
live_dashboard_2026,State/UT,Union Territory of Dadra & Nagar Haveli,2026-01-01,2026-08-24,pending_more_than_1_year,0,count,https://pgportal.gov.in/darpgdashboard,Official CPGRAMS live dashboard; disposals include carry-forward receipts from previous year(s).
live_dashboard_2026,State/UT,Union Territory of Daman & Diu,2026-01-01,2026-08-24,received,263,count,https://pgportal.gov.in/darpgdashboard,Official CPGRAMS live dashboard; disposals include carry-forward receipts from previous year(s).
live_dashboard_2026,State/UT,Union Territory of Daman & Diu,2026-01-01,2026-08-24,disposed,55,count,https://pgportal.gov.in/darpgdashboard,Official CPGRAMS live dashboard; disposals include carry-forward receipts from previous year(s).
live_dashboard_2026,State/UT,Union Territory of Daman & Diu,2026-01-01,2026-08-24,percent_disposed,20.91,percent,https://pgportal.gov.in/darpgdashboard,Official CPGRAMS live dashboard; disposals include carry-forward receipts from previous year(s).
live_dashboard_2026,State/UT,Union Territory of Daman & Diu,2026-01-01,2026-08-24,pending_0_60_days,84,count,https://pgportal.gov.in/darpgdashboard,Official CPGRAMS live dashboard; disposals include carry-forward receipts from previous year(s).
live_dashboard_2026,State/UT,Union Territory of Daman & Diu,2026-01-01,2026-08-24,pending_60_180_days,93,count,https://pgportal.gov.in/darpgdashboard,Official CPGRAMS live dashboard; disposals include carry-forward receipts from previous year(s).
live_dashboard_2026,State/UT,Union Territory of Daman & Diu,2026-01-01,2026-08-24,pending_180_365_days,31,count,https://pgportal.gov.in/darpgdashboard,Official CPGRAMS live dashboard; disposals include carry-forward receipts from previous year(s).
live_dashboard_2026,State/UT,Union Territory of Daman & Diu,2026-01-01,2026-08-24,pending_more_than_1_year,0,count,https://pgportal.gov.in/darpgdashboard,Official CPGRAMS live dashboard; disposals include carry-forward receipts from previous year(s).
live_dashboard_2026,State/UT,Gujarat,2026-01-01,2026-08-24,received,45716,count,https://pgportal.gov.in/darpgdashboard,Official CPGRAMS live dashboard; disposals include carry-forward receipts from previous year(s).
live_dashboard_2026,State/UT,Gujarat,2026-01-01,2026-08-24,disposed,40770,count,https://pgportal.gov.in/darpgdashboard,Official CPGRAMS live dashboard; disposals include carry-forward receipts from previous year(s).
live_dashboard_2026,State/UT,Gujarat,2026-01-01,2026-08-24,percent_disposed,89.18,percent,https://pgportal.gov.in/darpgdashboard,Official CPGRAMS live dashboard; disposals include carry-forward receipts from previous year(s).
live_dashboard_2026,State/UT,Gujarat,2026-01-01,2026-08-24,pending_0_60_days,4295,count,https://pgportal.gov.in/darpgdashboard,Official CPGRAMS live dashboard; disposals include carry-forward receipts from previous year(s).
live_dashboard_2026,State/UT,Gujarat,2026-01-01,2026-08-24,pending_60_180_days,590,count,https://pgportal.gov.in/darpgdashboard,Official CPGRAMS live dashboard; disposals include carry-forward receipts from previous year(s).
live_dashboard_2026,State/UT,Gujarat,2026-01-01,2026-08-24,pending_180_365_days,61,count,https://pgportal.gov.in/darpgdashboard,Official CPGRAMS live dashboard; disposals include carry-forward receipts from previous year(s).
live_dashboard_2026,State/UT,Gujarat,2026-01-01,2026-08-24,pending_more_than_1_year,0,count,https://pgportal.gov.in/darpgdashboard,Official CPGRAMS live dashboard; disposals include carry-forward receipts from previous year(s).
live_dashboard_2026,State/UT,Goa,2026-01-01,2026-08-24,received,1212,count,https://pgportal.gov.in/darpgdashboard,Official CPGRAMS live dashboard; disposals include carry-forward receipts from previous year(s).
live_dashboard_2026,State/UT,Goa,2026-01-01,2026-08-24,disposed,808,count,https://pgportal.gov.in/darpgdashboard,Official CPGRAMS live dashboard; disposals include carry-forward receipts from previous year(s).
live_dashboard_2026,State/UT,Goa,2026-01-01,2026-08-24,percent_disposed,66.67,percent,https://pgportal.gov.in/darpgdashboard,Official CPGRAMS live dashboard; disposals include carry-forward receipts from previous year(s).
live_dashboard_2026,State/UT,Goa,2026-01-01,2026-08-24,pending_0_60_days,170,count,https://pgportal.gov.in/darpgdashboard,Official CPGRAMS live dashboard; disposals include carry-forward receipts from previous year(s).
live_dashboard_2026,State/UT,Goa,2026-01-01,2026-08-24,pending_60_180_days,183,count,https://pgportal.gov.in/darpgdashboard,Official CPGRAMS live dashboard; disposals include carry-forward receipts from previous year(s).
live_dashboard_2026,State/UT,Goa,2026-01-01,2026-08-24,pending_180_365_days,51,count,https://pgportal.gov.in/darpgdashboard,Official CPGRAMS live dashboard; disposals include carry-forward receipts from previous year(s).
live_dashboard_2026,State/UT,Goa,2026-01-01,2026-08-24,pending_more_than_1_year,0,count,https://pgportal.gov.in/darpgdashboard,Official CPGRAMS live dashboard; disposals include carry-forward receipts from previous year(s).
live_dashboard_2026,State/UT,Himachal Pradesh,2026-01-01,2026-08-24,received,3176,count,https://pgportal.gov.in/darpgdashboard,Official CPGRAMS live dashboard; disposals include carry-forward receipts from previous year(s).
live_dashboard_2026,State/UT,Himachal Pradesh,2026-01-01,2026-08-24,disposed,911,count,https://pgportal.gov.in/darpgdashboard,Official CPGRAMS live dashboard; disposals include carry-forward receipts from previous year(s).
live_dashboard_2026,State/UT,Himachal Pradesh,2026-01-01,2026-08-24,percent_disposed,28.68,percent,https://pgportal.gov.in/darpgdashboard,Official CPGRAMS live dashboard; disposals include carry-forward receipts from previous year(s).
live_dashboard_2026,State/UT,Himachal Pradesh,2026-01-01,2026-08-24,pending_0_60_days,730,count,https://pgportal.gov.in/darpgdashboard,Official CPGRAMS live dashboard; disposals include carry-forward receipts from previous year(s).
live_dashboard_2026,State/UT,Himachal Pradesh,2026-01-01,2026-08-24,pending_60_180_days,1116,count,https://pgportal.gov.in/darpgdashboard,Official CPGRAMS live dashboard; disposals include carry-forward receipts from previous year(s).
live_dashboard_2026,State/UT,Himachal Pradesh,2026-01-01,2026-08-24,pending_180_365_days,419,count,https://pgportal.gov.in/darpgdashboard,Official CPGRAMS live dashboard; disposals include carry-forward receipts from previous year(s).
live_dashboard_2026,State/UT,Himachal Pradesh,2026-01-01,2026-08-24,pending_more_than_1_year,0,count,https://pgportal.gov.in/darpgdashboard,Official CPGRAMS live dashboard; disposals include carry-forward receipts from previous year(s).
live_dashboard_2026,State/UT,Haryana,2026-01-01,2026-08-24,received,39872,count,https://pgportal.gov.in/darpgdashboard,Official CPGRAMS live dashboard; disposals include carry-forward receipts from previous year(s).
live_dashboard_2026,State/UT,Haryana,2026-01-01,2026-08-24,disposed,27585,count,https://pgportal.gov.in/darpgdashboard,Official CPGRAMS live dashboard; disposals include carry-forward receipts from previous year(s).
live_dashboard_2026,State/UT,Haryana,2026-01-01,2026-08-24,percent_disposed,69.18,percent,https://pgportal.gov.in/darpgdashboard,Official CPGRAMS live dashboard; disposals include carry-forward receipts from previous year(s).
live_dashboard_2026,State/UT,Haryana,2026-01-01,2026-08-24,pending_0_60_days,7139,count,https://pgportal.gov.in/darpgdashboard,Official CPGRAMS live dashboard; disposals include carry-forward receipts from previous year(s).
live_dashboard_2026,State/UT,Haryana,2026-01-01,2026-08-24,pending_60_180_days,4257,count,https://pgportal.gov.in/darpgdashboard,Official CPGRAMS live dashboard; disposals include carry-forward receipts from previous year(s).
live_dashboard_2026,State/UT,Haryana,2026-01-01,2026-08-24,pending_180_365_days,891,count,https://pgportal.gov.in/darpgdashboard,Official CPGRAMS live dashboard; disposals include carry-forward receipts from previous year(s).
live_dashboard_2026,State/UT,Haryana,2026-01-01,2026-08-24,pending_more_than_1_year,0,count,https://pgportal.gov.in/darpgdashboard,Official CPGRAMS live dashboard; disposals include carry-forward receipts from previous year(s).
live_dashboard_2026,State/UT,Jharkhand,2026-01-01,2026-08-24,received,14947,count,https://pgportal.gov.in/darpgdashboard,Official CPGRAMS live dashboard; disposals include carry-forward receipts from previous year(s).
live_dashboard_2026,State/UT,Jharkhand,2026-01-01,2026-08-24,disposed,11097,count,https://pgportal.gov.in/darpgdashboard,Official CPGRAMS live dashboard; disposals include carry-forward receipts from previous year(s).
live_dashboard_2026,State/UT,Jharkhand,2026-01-01,2026-08-24,percent_disposed,74.24,percent,https://pgportal.gov.in/darpgdashboard,Official CPGRAMS live dashboard; disposals include carry-forward receipts from previous year(s).
live_dashboard_2026,State/UT,Jharkhand,2026-01-01,2026-08-24,pending_0_60_days,2356,count,https://pgportal.gov.in/darpgdashboard,Official CPGRAMS live dashboard; disposals include carry-forward receipts from previous year(s).
live_dashboard_2026,State/UT,Jharkhand,2026-01-01,2026-08-24,pending_60_180_days,1134,count,https://pgportal.gov.in/darpgdashboard,Official CPGRAMS live dashboard; disposals include carry-forward receipts from previous year(s).
live_dashboard_2026,State/UT,Jharkhand,2026-01-01,2026-08-24,pending_180_365_days,360,count,https://pgportal.gov.in/darpgdashboard,Official CPGRAMS live dashboard; disposals include carry-forward receipts from previous year(s).
live_dashboard_2026,State/UT,Jharkhand,2026-01-01,2026-08-24,pending_more_than_1_year,0,count,https://pgportal.gov.in/darpgdashboard,Official CPGRAMS live dashboard; disposals include carry-forward receipts from previous year(s).
live_dashboard_2026,State/UT,Union Territory of Jammu and Kashmir,2026-01-01,2026-08-24,received,7071,count,https://pgportal.gov.in/darpgdashboard,Official CPGRAMS live dashboard; disposals include carry-forward receipts from previous year(s).
live_dashboard_2026,State/UT,Union Territory of Jammu and Kashmir,2026-01-01,2026-08-24,disposed,848,count,https://pgportal.gov.in/darpgdashboard,Official CPGRAMS live dashboard; disposals include carry-forward receipts from previous year(s).
live_dashboard_2026,State/UT,Union Territory of Jammu and Kashmir,2026-01-01,2026-08-24,percent_disposed,11.99,percent,https://pgportal.gov.in/darpgdashboard,Official CPGRAMS live dashboard; disposals include carry-forward receipts from previous year(s).
live_dashboard_2026,State/UT,Union Territory of Jammu and Kashmir,2026-01-01,2026-08-24,pending_0_60_days,2008,count,https://pgportal.gov.in/darpgdashboard,Official CPGRAMS live dashboard; disposals include carry-forward receipts from previous year(s).
live_dashboard_2026,State/UT,Union Territory of Jammu and Kashmir,2026-01-01,2026-08-24,pending_60_180_days,3311,count,https://pgportal.gov.in/darpgdashboard,Official CPGRAMS live dashboard; disposals include carry-forward receipts from previous year(s).
live_dashboard_2026,State/UT,Union Territory of Jammu and Kashmir,2026-01-01,2026-08-24,pending_180_365_days,904,count,https://pgportal.gov.in/darpgdashboard,Official CPGRAMS live dashboard; disposals include carry-forward receipts from previous year(s).
live_dashboard_2026,State/UT,Union Territory of Jammu and Kashmir,2026-01-01,2026-08-24,pending_more_than_1_year,0,count,https://pgportal.gov.in/darpgdashboard,Official CPGRAMS live dashboard; disposals include carry-forward receipts from previous year(s).
live_dashboard_2026,State/UT,Kerala,2026-01-01,2026-08-24,received,5608,count,https://pgportal.gov.in/darpgdashboard,Official CPGRAMS live dashboard; disposals include carry-forward receipts from previous year(s).
live_dashboard_2026,State/UT,Kerala,2026-01-01,2026-08-24,disposed,4535,count,https://pgportal.gov.in/darpgdashboard,Official CPGRAMS live dashboard; disposals include carry-forward receipts from previous year(s).
live_dashboard_2026,State/UT,Kerala,2026-01-01,2026-08-24,percent_disposed,80.87,percent,https://pgportal.gov.in/darpgdashboard,Official CPGRAMS live dashboard; disposals include carry-forward receipts from previous year(s).
live_dashboard_2026,State/UT,Kerala,2026-01-01,2026-08-24,pending_0_60_days,658,count,https://pgportal.gov.in/darpgdashboard,Official CPGRAMS live dashboard; disposals include carry-forward receipts from previous year(s).
live_dashboard_2026,State/UT,Kerala,2026-01-01,2026-08-24,pending_60_180_days,376,count,https://pgportal.gov.in/darpgdashboard,Official CPGRAMS live dashboard; disposals include carry-forward receipts from previous year(s).
live_dashboard_2026,State/UT,Kerala,2026-01-01,2026-08-24,pending_180_365_days,39,count,https://pgportal.gov.in/darpgdashboard,Official CPGRAMS live dashboard; disposals include carry-forward receipts from previous year(s).
live_dashboard_2026,State/UT,Kerala,2026-01-01,2026-08-24,pending_more_than_1_year,0,count,https://pgportal.gov.in/darpgdashboard,Official CPGRAMS live dashboard; disposals include carry-forward receipts from previous year(s).
live_dashboard_2026,State/UT,Karnataka,2026-01-01,2026-08-24,received,23722,count,https://pgportal.gov.in/darpgdashboard,Official CPGRAMS live dashboard; disposals include carry-forward receipts from previous year(s).
live_dashboard_2026,State/UT,Karnataka,2026-01-01,2026-08-24,disposed,19130,count,https://pgportal.gov.in/darpgdashboard,Official CPGRAMS live dashboard; disposals include carry-forward receipts from previous year(s).
live_dashboard_2026,State/UT,Karnataka,2026-01-01,2026-08-24,percent_disposed,80.64,percent,https://pgportal.gov.in/darpgdashboard,Official CPGRAMS live dashboard; disposals include carry-forward receipts from previous year(s).
live_dashboard_2026,State/UT,Karnataka,2026-01-01,2026-08-24,pending_0_60_days,2303,count,https://pgportal.gov.in/darpgdashboard,Official CPGRAMS live dashboard; disposals include carry-forward receipts from previous year(s).
live_dashboard_2026,State/UT,Karnataka,2026-01-01,2026-08-24,pending_60_180_days,1801,count,https://pgportal.gov.in/darpgdashboard,Official CPGRAMS live dashboard; disposals include carry-forward receipts from previous year(s).
live_dashboard_2026,State/UT,Karnataka,2026-01-01,2026-08-24,pending_180_365_days,488,count,https://pgportal.gov.in/darpgdashboard,Official CPGRAMS live dashboard; disposals include carry-forward receipts from previous year(s).
live_dashboard_2026,State/UT,Karnataka,2026-01-01,2026-08-24,pending_more_than_1_year,0,count,https://pgportal.gov.in/darpgdashboard,Official CPGRAMS live dashboard; disposals include carry-forward receipts from previous year(s).
live_dashboard_2026,State/UT,Union Territory of Lakshadweep,2026-01-01,2026-08-24,received,77,count,https://pgportal.gov.in/darpgdashboard,Official CPGRAMS live dashboard; disposals include carry-forward receipts from previous year(s).
live_dashboard_2026,State/UT,Union Territory of Lakshadweep,2026-01-01,2026-08-24,disposed,56,count,https://pgportal.gov.in/darpgdashboard,Official CPGRAMS live dashboard; disposals include carry-forward receipts from previous year(s).
live_dashboard_2026,State/UT,Union Territory of Lakshadweep,2026-01-01,2026-08-24,percent_disposed,72.73,percent,https://pgportal.gov.in/darpgdashboard,Official CPGRAMS live dashboard; disposals include carry-forward receipts from previous year(s).
live_dashboard_2026,State/UT,Union Territory of Lakshadweep,2026-01-01,2026-08-24,pending_0_60_days,8,count,https://pgportal.gov.in/darpgdashboard,Official CPGRAMS live dashboard; disposals include carry-forward receipts from previous year(s).
live_dashboard_2026,State/UT,Union Territory of Lakshadweep,2026-01-01,2026-08-24,pending_60_180_days,9,count,https://pgportal.gov.in/darpgdashboard,Official CPGRAMS live dashboard; disposals include carry-forward receipts from previous year(s).
live_dashboard_2026,State/UT,Union Territory of Lakshadweep,2026-01-01,2026-08-24,pending_180_365_days,4,count,https://pgportal.gov.in/darpgdashboard,Official CPGRAMS live dashboard; disposals include carry-forward receipts from previous year(s).
live_dashboard_2026,State/UT,Union Territory of Lakshadweep,2026-01-01,2026-08-24,pending_more_than_1_year,0,count,https://pgportal.gov.in/darpgdashboard,Official CPGRAMS live dashboard; disposals include carry-forward receipts from previous year(s).
live_dashboard_2026,State/UT,Union Territory of Ladakh,2026-01-01,2026-08-24,received,97,count,https://pgportal.gov.in/darpgdashboard,Official CPGRAMS live dashboard; disposals include carry-forward receipts from previous year(s).
live_dashboard_2026,State/UT,Union Territory of Ladakh,2026-01-01,2026-08-24,disposed,18,count,https://pgportal.gov.in/darpgdashboard,Official CPGRAMS live dashboard; disposals include carry-forward receipts from previous year(s).
live_dashboard_2026,State/UT,Union Territory of Ladakh,2026-01-01,2026-08-24,percent_disposed,18.56,percent,https://pgportal.gov.in/darpgdashboard,Official CPGRAMS live dashboard; disposals include carry-forward receipts from previous year(s).
live_dashboard_2026,State/UT,Union Territory of Ladakh,2026-01-01,2026-08-24,pending_0_60_days,28,count,https://pgportal.gov.in/darpgdashboard,Official CPGRAMS live dashboard; disposals include carry-forward receipts from previous year(s).
live_dashboard_2026,State/UT,Union Territory of Ladakh,2026-01-01,2026-08-24,pending_60_180_days,40,count,https://pgportal.gov.in/darpgdashboard,Official CPGRAMS live dashboard; disposals include carry-forward receipts from previous year(s).
live_dashboard_2026,State/UT,Union Territory of Ladakh,2026-01-01,2026-08-24,pending_180_365_days,11,count,https://pgportal.gov.in/darpgdashboard,Official CPGRAMS live dashboard; disposals include carry-forward receipts from previous year(s).
live_dashboard_2026,State/UT,Union Territory of Ladakh,2026-01-01,2026-08-24,pending_more_than_1_year,0,count,https://pgportal.gov.in/darpgdashboard,Official CPGRAMS live dashboard; disposals include carry-forward receipts from previous year(s).
live_dashboard_2026,State/UT,Meghalaya,2026-01-01,2026-08-24,received,218,count,https://pgportal.gov.in/darpgdashboard,Official CPGRAMS live dashboard; disposals include carry-forward receipts from previous year(s).
live_dashboard_2026,State/UT,Meghalaya,2026-01-01,2026-08-24,disposed,39,count,https://pgportal.gov.in/darpgdashboard,Official CPGRAMS live dashboard; disposals include carry-forward receipts from previous year(s).
live_dashboard_2026,State/UT,Meghalaya,2026-01-01,2026-08-24,percent_disposed,17.89,percent,https://pgportal.gov.in/darpgdashboard,Official CPGRAMS live dashboard; disposals include carry-forward receipts from previous year(s).
live_dashboard_2026,State/UT,Meghalaya,2026-01-01,2026-08-24,pending_0_60_days,75,count,https://pgportal.gov.in/darpgdashboard,Official CPGRAMS live dashboard; disposals include carry-forward receipts from previous year(s).
live_dashboard_2026,State/UT,Meghalaya,2026-01-01,2026-08-24,pending_60_180_days,92,count,https://pgportal.gov.in/darpgdashboard,Official CPGRAMS live dashboard; disposals include carry-forward receipts from previous year(s).
live_dashboard_2026,State/UT,Meghalaya,2026-01-01,2026-08-24,pending_180_365_days,12,count,https://pgportal.gov.in/darpgdashboard,Official CPGRAMS live dashboard; disposals include carry-forward receipts from previous year(s).
live_dashboard_2026,State/UT,Meghalaya,2026-01-01,2026-08-24,pending_more_than_1_year,0,count,https://pgportal.gov.in/darpgdashboard,Official CPGRAMS live dashboard; disposals include carry-forward receipts from previous year(s).
live_dashboard_2026,State/UT,Maharashtra,2026-01-01,2026-08-24,received,40598,count,https://pgportal.gov.in/darpgdashboard,Official CPGRAMS live dashboard; disposals include carry-forward receipts from previous year(s).
live_dashboard_2026,State/UT,Maharashtra,2026-01-01,2026-08-24,disposed,20772,count,https://pgportal.gov.in/darpgdashboard,Official CPGRAMS live dashboard; disposals include carry-forward receipts from previous year(s).
live_dashboard_2026,State/UT,Maharashtra,2026-01-01,2026-08-24,percent_disposed,51.17,percent,https://pgportal.gov.in/darpgdashboard,Official CPGRAMS live dashboard; disposals include carry-forward receipts from previous year(s).
live_dashboard_2026,State/UT,Maharashtra,2026-01-01,2026-08-24,pending_0_60_days,9256,count,https://pgportal.gov.in/darpgdashboard,Official CPGRAMS live dashboard; disposals include carry-forward receipts from previous year(s).
live_dashboard_2026,State/UT,Maharashtra,2026-01-01,2026-08-24,pending_60_180_days,8646,count,https://pgportal.gov.in/darpgdashboard,Official CPGRAMS live dashboard; disposals include carry-forward receipts from previous year(s).
live_dashboard_2026,State/UT,Maharashtra,2026-01-01,2026-08-24,pending_180_365_days,1924,count,https://pgportal.gov.in/darpgdashboard,Official CPGRAMS live dashboard; disposals include carry-forward receipts from previous year(s).
live_dashboard_2026,State/UT,Maharashtra,2026-01-01,2026-08-24,pending_more_than_1_year,0,count,https://pgportal.gov.in/darpgdashboard,Official CPGRAMS live dashboard; disposals include carry-forward receipts from previous year(s).
live_dashboard_2026,State/UT,Manipur,2026-01-01,2026-08-24,received,517,count,https://pgportal.gov.in/darpgdashboard,Official CPGRAMS live dashboard; disposals include carry-forward receipts from previous year(s).
live_dashboard_2026,State/UT,Manipur,2026-01-01,2026-08-24,disposed,13,count,https://pgportal.gov.in/darpgdashboard,Official CPGRAMS live dashboard; disposals include carry-forward receipts from previous year(s).
live_dashboard_2026,State/UT,Manipur,2026-01-01,2026-08-24,percent_disposed,2.51,percent,https://pgportal.gov.in/darpgdashboard,Official CPGRAMS live dashboard; disposals include carry-forward receipts from previous year(s).
live_dashboard_2026,State/UT,Manipur,2026-01-01,2026-08-24,pending_0_60_days,226,count,https://pgportal.gov.in/darpgdashboard,Official CPGRAMS live dashboard; disposals include carry-forward receipts from previous year(s).
live_dashboard_2026,State/UT,Manipur,2026-01-01,2026-08-24,pending_60_180_days,197,count,https://pgportal.gov.in/darpgdashboard,Official CPGRAMS live dashboard; disposals include carry-forward receipts from previous year(s).
live_dashboard_2026,State/UT,Manipur,2026-01-01,2026-08-24,pending_180_365_days,81,count,https://pgportal.gov.in/darpgdashboard,Official CPGRAMS live dashboard; disposals include carry-forward receipts from previous year(s).
live_dashboard_2026,State/UT,Manipur,2026-01-01,2026-08-24,pending_more_than_1_year,0,count,https://pgportal.gov.in/darpgdashboard,Official CPGRAMS live dashboard; disposals include carry-forward receipts from previous year(s).
live_dashboard_2026,State/UT,Madhya Pradesh,2026-01-01,2026-08-24,received,35251,count,https://pgportal.gov.in/darpgdashboard,Official CPGRAMS live dashboard; disposals include carry-forward receipts from previous year(s).
live_dashboard_2026,State/UT,Madhya Pradesh,2026-01-01,2026-08-24,disposed,24904,count,https://pgportal.gov.in/darpgdashboard,Official CPGRAMS live dashboard; disposals include carry-forward receipts from previous year(s).
live_dashboard_2026,State/UT,Madhya Pradesh,2026-01-01,2026-08-24,percent_disposed,70.65,percent,https://pgportal.gov.in/darpgdashboard,Official CPGRAMS live dashboard; disposals include carry-forward receipts from previous year(s).
live_dashboard_2026,State/UT,Madhya Pradesh,2026-01-01,2026-08-24,pending_0_60_days,6726,count,https://pgportal.gov.in/darpgdashboard,Official CPGRAMS live dashboard; disposals include carry-forward receipts from previous year(s).
live_dashboard_2026,State/UT,Madhya Pradesh,2026-01-01,2026-08-24,pending_60_180_days,3038,count,https://pgportal.gov.in/darpgdashboard,Official CPGRAMS live dashboard; disposals include carry-forward receipts from previous year(s).
live_dashboard_2026,State/UT,Madhya Pradesh,2026-01-01,2026-08-24,pending_180_365_days,583,count,https://pgportal.gov.in/darpgdashboard,Official CPGRAMS live dashboard; disposals include carry-forward receipts from previous year(s).
live_dashboard_2026,State/UT,Madhya Pradesh,2026-01-01,2026-08-24,pending_more_than_1_year,0,count,https://pgportal.gov.in/darpgdashboard,Official CPGRAMS live dashboard; disposals include carry-forward receipts from previous year(s).
live_dashboard_2026,State/UT,Mizoram,2026-01-01,2026-08-24,received,107,count,https://pgportal.gov.in/darpgdashboard,Official CPGRAMS live dashboard; disposals include carry-forward receipts from previous year(s).
live_dashboard_2026,State/UT,Mizoram,2026-01-01,2026-08-24,disposed,93,count,https://pgportal.gov.in/darpgdashboard,Official CPGRAMS live dashboard; disposals include carry-forward receipts from previous year(s).
live_dashboard_2026,State/UT,Mizoram,2026-01-01,2026-08-24,percent_disposed,86.92,percent,https://pgportal.gov.in/darpgdashboard,Official CPGRAMS live dashboard; disposals include carry-forward receipts from previous year(s).
live_dashboard_2026,State/UT,Mizoram,2026-01-01,2026-08-24,pending_0_60_days,9,count,https://pgportal.gov.in/darpgdashboard,Official CPGRAMS live dashboard; disposals include carry-forward receipts from previous year(s).
live_dashboard_2026,State/UT,Mizoram,2026-01-01,2026-08-24,pending_60_180_days,5,count,https://pgportal.gov.in/darpgdashboard,Official CPGRAMS live dashboard; disposals include carry-forward receipts from previous year(s).
live_dashboard_2026,State/UT,Mizoram,2026-01-01,2026-08-24,pending_180_365_days,0,count,https://pgportal.gov.in/darpgdashboard,Official CPGRAMS live dashboard; disposals include carry-forward receipts from previous year(s).
live_dashboard_2026,State/UT,Mizoram,2026-01-01,2026-08-24,pending_more_than_1_year,0,count,https://pgportal.gov.in/darpgdashboard,Official CPGRAMS live dashboard; disposals include carry-forward receipts from previous year(s).
live_dashboard_2026,State/UT,Nagaland,2026-01-01,2026-08-24,received,114,count,https://pgportal.gov.in/darpgdashboard,Official CPGRAMS live dashboard; disposals include carry-forward receipts from previous year(s).
live_dashboard_2026,State/UT,Nagaland,2026-01-01,2026-08-24,disposed,10,count,https://pgportal.gov.in/darpgdashboard,Official CPGRAMS live dashboard; disposals include carry-forward receipts from previous year(s).
live_dashboard_2026,State/UT,Nagaland,2026-01-01,2026-08-24,percent_disposed,8.77,percent,https://pgportal.gov.in/darpgdashboard,Official CPGRAMS live dashboard; disposals include carry-forward receipts from previous year(s).
live_dashboard_2026,State/UT,Nagaland,2026-01-01,2026-08-24,pending_0_60_days,40,count,https://pgportal.gov.in/darpgdashboard,Official CPGRAMS live dashboard; disposals include carry-forward receipts from previous year(s).
live_dashboard_2026,State/UT,Nagaland,2026-01-01,2026-08-24,pending_60_180_days,54,count,https://pgportal.gov.in/darpgdashboard,Official CPGRAMS live dashboard; disposals include carry-forward receipts from previous year(s).
live_dashboard_2026,State/UT,Nagaland,2026-01-01,2026-08-24,pending_180_365_days,10,count,https://pgportal.gov.in/darpgdashboard,Official CPGRAMS live dashboard; disposals include carry-forward receipts from previous year(s).
live_dashboard_2026,State/UT,Nagaland,2026-01-01,2026-08-24,pending_more_than_1_year,0,count,https://pgportal.gov.in/darpgdashboard,Official CPGRAMS live dashboard; disposals include carry-forward receipts from previous year(s).
live_dashboard_2026,State/UT,Odisha,2026-01-01,2026-08-24,received,12590,count,https://pgportal.gov.in/darpgdashboard,Official CPGRAMS live dashboard; disposals include carry-forward receipts from previous year(s).
live_dashboard_2026,State/UT,Odisha,2026-01-01,2026-08-24,disposed,7692,count,https://pgportal.gov.in/darpgdashboard,Official CPGRAMS live dashboard; disposals include carry-forward receipts from previous year(s).
live_dashboard_2026,State/UT,Odisha,2026-01-01,2026-08-24,percent_disposed,61.1,percent,https://pgportal.gov.in/darpgdashboard,Official CPGRAMS live dashboard; disposals include carry-forward receipts from previous year(s).
live_dashboard_2026,State/UT,Odisha,2026-01-01,2026-08-24,pending_0_60_days,2777,count,https://pgportal.gov.in/darpgdashboard,Official CPGRAMS live dashboard; disposals include carry-forward receipts from previous year(s).
live_dashboard_2026,State/UT,Odisha,2026-01-01,2026-08-24,pending_60_180_days,1592,count,https://pgportal.gov.in/darpgdashboard,Official CPGRAMS live dashboard; disposals include carry-forward receipts from previous year(s).
live_dashboard_2026,State/UT,Odisha,2026-01-01,2026-08-24,pending_180_365_days,529,count,https://pgportal.gov.in/darpgdashboard,Official CPGRAMS live dashboard; disposals include carry-forward receipts from previous year(s).
live_dashboard_2026,State/UT,Odisha,2026-01-01,2026-08-24,pending_more_than_1_year,0,count,https://pgportal.gov.in/darpgdashboard,Official CPGRAMS live dashboard; disposals include carry-forward receipts from previous year(s).
live_dashboard_2026,State/UT,Punjab,2026-01-01,2026-08-24,received,14082,count,https://pgportal.gov.in/darpgdashboard,Official CPGRAMS live dashboard; disposals include carry-forward receipts from previous year(s).
live_dashboard_2026,State/UT,Punjab,2026-01-01,2026-08-24,disposed,8538,count,https://pgportal.gov.in/darpgdashboard,Official CPGRAMS live dashboard; disposals include carry-forward receipts from previous year(s).
live_dashboard_2026,State/UT,Punjab,2026-01-01,2026-08-24,percent_disposed,60.63,percent,https://pgportal.gov.in/darpgdashboard,Official CPGRAMS live dashboard; disposals include carry-forward receipts from previous year(s).
live_dashboard_2026,State/UT,Punjab,2026-01-01,2026-08-24,pending_0_60_days,2417,count,https://pgportal.gov.in/darpgdashboard,Official CPGRAMS live dashboard; disposals include carry-forward receipts from previous year(s).
live_dashboard_2026,State/UT,Punjab,2026-01-01,2026-08-24,pending_60_180_days,2507,count,https://pgportal.gov.in/darpgdashboard,Official CPGRAMS live dashboard; disposals include carry-forward receipts from previous year(s).
live_dashboard_2026,State/UT,Punjab,2026-01-01,2026-08-24,pending_180_365_days,620,count,https://pgportal.gov.in/darpgdashboard,Official CPGRAMS live dashboard; disposals include carry-forward receipts from previous year(s).
live_dashboard_2026,State/UT,Punjab,2026-01-01,2026-08-24,pending_more_than_1_year,0,count,https://pgportal.gov.in/darpgdashboard,Official CPGRAMS live dashboard; disposals include carry-forward receipts from previous year(s).
live_dashboard_2026,State/UT,Union Territory of Puducherry,2026-01-01,2026-08-24,received,1497,count,https://pgportal.gov.in/darpgdashboard,Official CPGRAMS live dashboard; disposals include carry-forward receipts from previous year(s).
live_dashboard_2026,State/UT,Union Territory of Puducherry,2026-01-01,2026-08-24,disposed,1300,count,https://pgportal.gov.in/darpgdashboard,Official CPGRAMS live dashboard; disposals include carry-forward receipts from previous year(s).
live_dashboard_2026,State/UT,Union Territory of Puducherry,2026-01-01,2026-08-24,percent_disposed,86.84,percent,https://pgportal.gov.in/darpgdashboard,Official CPGRAMS live dashboard; disposals include carry-forward receipts from previous year(s).
live_dashboard_2026,State/UT,Union Territory of Puducherry,2026-01-01,2026-08-24,pending_0_60_days,157,count,https://pgportal.gov.in/darpgdashboard,Official CPGRAMS live dashboard; disposals include carry-forward receipts from previous year(s).
live_dashboard_2026,State/UT,Union Territory of Puducherry,2026-01-01,2026-08-24,pending_60_180_days,30,count,https://pgportal.gov.in/darpgdashboard,Official CPGRAMS live dashboard; disposals include carry-forward receipts from previous year(s).
live_dashboard_2026,State/UT,Union Territory of Puducherry,2026-01-01,2026-08-24,pending_180_365_days,10,count,https://pgportal.gov.in/darpgdashboard,Official CPGRAMS live dashboard; disposals include carry-forward receipts from previous year(s).
live_dashboard_2026,State/UT,Union Territory of Puducherry,2026-01-01,2026-08-24,pending_more_than_1_year,0,count,https://pgportal.gov.in/darpgdashboard,Official CPGRAMS live dashboard; disposals include carry-forward receipts from previous year(s).
live_dashboard_2026,State/UT,Rajasthan,2026-01-01,2026-08-24,received,35195,count,https://pgportal.gov.in/darpgdashboard,Official CPGRAMS live dashboard; disposals include carry-forward receipts from previous year(s).
live_dashboard_2026,State/UT,Rajasthan,2026-01-01,2026-08-24,disposed,31832,count,https://pgportal.gov.in/darpgdashboard,Official CPGRAMS live dashboard; disposals include carry-forward receipts from previous year(s).
live_dashboard_2026,State/UT,Rajasthan,2026-01-01,2026-08-24,percent_disposed,90.44,percent,https://pgportal.gov.in/darpgdashboard,Official CPGRAMS live dashboard; disposals include carry-forward receipts from previous year(s).
live_dashboard_2026,State/UT,Rajasthan,2026-01-01,2026-08-24,pending_0_60_days,2933,count,https://pgportal.gov.in/darpgdashboard,Official CPGRAMS live dashboard; disposals include carry-forward receipts from previous year(s).
live_dashboard_2026,State/UT,Rajasthan,2026-01-01,2026-08-24,pending_60_180_days,289,count,https://pgportal.gov.in/darpgdashboard,Official CPGRAMS live dashboard; disposals include carry-forward receipts from previous year(s).
live_dashboard_2026,State/UT,Rajasthan,2026-01-01,2026-08-24,pending_180_365_days,141,count,https://pgportal.gov.in/darpgdashboard,Official CPGRAMS live dashboard; disposals include carry-forward receipts from previous year(s).
live_dashboard_2026,State/UT,Rajasthan,2026-01-01,2026-08-24,pending_more_than_1_year,0,count,https://pgportal.gov.in/darpgdashboard,Official CPGRAMS live dashboard; disposals include carry-forward receipts from previous year(s).
live_dashboard_2026,State/UT,Sikkim,2026-01-01,2026-08-24,received,124,count,https://pgportal.gov.in/darpgdashboard,Official CPGRAMS live dashboard; disposals include carry-forward receipts from previous year(s).
live_dashboard_2026,State/UT,Sikkim,2026-01-01,2026-08-24,disposed,94,count,https://pgportal.gov.in/darpgdashboard,Official CPGRAMS live dashboard; disposals include carry-forward receipts from previous year(s).
live_dashboard_2026,State/UT,Sikkim,2026-01-01,2026-08-24,percent_disposed,75.81,percent,https://pgportal.gov.in/darpgdashboard,Official CPGRAMS live dashboard; disposals include carry-forward receipts from previous year(s).
live_dashboard_2026,State/UT,Sikkim,2026-01-01,2026-08-24,pending_0_60_days,14,count,https://pgportal.gov.in/darpgdashboard,Official CPGRAMS live dashboard; disposals include carry-forward receipts from previous year(s).
live_dashboard_2026,State/UT,Sikkim,2026-01-01,2026-08-24,pending_60_180_days,16,count,https://pgportal.gov.in/darpgdashboard,Official CPGRAMS live dashboard; disposals include carry-forward receipts from previous year(s).
live_dashboard_2026,State/UT,Sikkim,2026-01-01,2026-08-24,pending_180_365_days,0,count,https://pgportal.gov.in/darpgdashboard,Official CPGRAMS live dashboard; disposals include carry-forward receipts from previous year(s).
live_dashboard_2026,State/UT,Sikkim,2026-01-01,2026-08-24,pending_more_than_1_year,0,count,https://pgportal.gov.in/darpgdashboard,Official CPGRAMS live dashboard; disposals include carry-forward receipts from previous year(s).
live_dashboard_2026,State/UT,Telangana,2026-01-01,2026-08-24,received,8439,count,https://pgportal.gov.in/darpgdashboard,Official CPGRAMS live dashboard; disposals include carry-forward receipts from previous year(s).
live_dashboard_2026,State/UT,Telangana,2026-01-01,2026-08-24,disposed,7817,count,https://pgportal.gov.in/darpgdashboard,Official CPGRAMS live dashboard; disposals include carry-forward receipts from previous year(s).
live_dashboard_2026,State/UT,Telangana,2026-01-01,2026-08-24,percent_disposed,92.63,percent,https://pgportal.gov.in/darpgdashboard,Official CPGRAMS live dashboard; disposals include carry-forward receipts from previous year(s).
live_dashboard_2026,State/UT,Telangana,2026-01-01,2026-08-24,pending_0_60_days,607,count,https://pgportal.gov.in/darpgdashboard,Official CPGRAMS live dashboard; disposals include carry-forward receipts from previous year(s).
live_dashboard_2026,State/UT,Telangana,2026-01-01,2026-08-24,pending_60_180_days,12,count,https://pgportal.gov.in/darpgdashboard,Official CPGRAMS live dashboard; disposals include carry-forward receipts from previous year(s).
live_dashboard_2026,State/UT,Telangana,2026-01-01,2026-08-24,pending_180_365_days,3,count,https://pgportal.gov.in/darpgdashboard,Official CPGRAMS live dashboard; disposals include carry-forward receipts from previous year(s).
live_dashboard_2026,State/UT,Telangana,2026-01-01,2026-08-24,pending_more_than_1_year,0,count,https://pgportal.gov.in/darpgdashboard,Official CPGRAMS live dashboard; disposals include carry-forward receipts from previous year(s).
live_dashboard_2026,State/UT,Tamil Nadu,2026-01-01,2026-08-24,received,21958,count,https://pgportal.gov.in/darpgdashboard,Official CPGRAMS live dashboard; disposals include carry-forward receipts from previous year(s).
live_dashboard_2026,State/UT,Tamil Nadu,2026-01-01,2026-08-24,disposed,15047,count,https://pgportal.gov.in/darpgdashboard,Official CPGRAMS live dashboard; disposals include carry-forward receipts from previous year(s).
live_dashboard_2026,State/UT,Tamil Nadu,2026-01-01,2026-08-24,percent_disposed,68.53,percent,https://pgportal.gov.in/darpgdashboard,Official CPGRAMS live dashboard; disposals include carry-forward receipts from previous year(s).
live_dashboard_2026,State/UT,Tamil Nadu,2026-01-01,2026-08-24,pending_0_60_days,3550,count,https://pgportal.gov.in/darpgdashboard,Official CPGRAMS live dashboard; disposals include carry-forward receipts from previous year(s).
live_dashboard_2026,State/UT,Tamil Nadu,2026-01-01,2026-08-24,pending_60_180_days,2605,count,https://pgportal.gov.in/darpgdashboard,Official CPGRAMS live dashboard; disposals include carry-forward receipts from previous year(s).
live_dashboard_2026,State/UT,Tamil Nadu,2026-01-01,2026-08-24,pending_180_365_days,756,count,https://pgportal.gov.in/darpgdashboard,Official CPGRAMS live dashboard; disposals include carry-forward receipts from previous year(s).
live_dashboard_2026,State/UT,Tamil Nadu,2026-01-01,2026-08-24,pending_more_than_1_year,0,count,https://pgportal.gov.in/darpgdashboard,Official CPGRAMS live dashboard; disposals include carry-forward receipts from previous year(s).
live_dashboard_2026,State/UT,Tripura,2026-01-01,2026-08-24,received,1415,count,https://pgportal.gov.in/darpgdashboard,Official CPGRAMS live dashboard; disposals include carry-forward receipts from previous year(s).
live_dashboard_2026,State/UT,Tripura,2026-01-01,2026-08-24,disposed,1108,count,https://pgportal.gov.in/darpgdashboard,Official CPGRAMS live dashboard; disposals include carry-forward receipts from previous year(s).
live_dashboard_2026,State/UT,Tripura,2026-01-01,2026-08-24,percent_disposed,78.3,percent,https://pgportal.gov.in/darpgdashboard,Official CPGRAMS live dashboard; disposals include carry-forward receipts from previous year(s).
live_dashboard_2026,State/UT,Tripura,2026-01-01,2026-08-24,pending_0_60_days,210,count,https://pgportal.gov.in/darpgdashboard,Official CPGRAMS live dashboard; disposals include carry-forward receipts from previous year(s).
live_dashboard_2026,State/UT,Tripura,2026-01-01,2026-08-24,pending_60_180_days,84,count,https://pgportal.gov.in/darpgdashboard,Official CPGRAMS live dashboard; disposals include carry-forward receipts from previous year(s).
live_dashboard_2026,State/UT,Tripura,2026-01-01,2026-08-24,pending_180_365_days,13,count,https://pgportal.gov.in/darpgdashboard,Official CPGRAMS live dashboard; disposals include carry-forward receipts from previous year(s).
live_dashboard_2026,State/UT,Tripura,2026-01-01,2026-08-24,pending_more_than_1_year,0,count,https://pgportal.gov.in/darpgdashboard,Official CPGRAMS live dashboard; disposals include carry-forward receipts from previous year(s).
live_dashboard_2026,State/UT,Uttarakhand,2026-01-01,2026-08-24,received,11396,count,https://pgportal.gov.in/darpgdashboard,Official CPGRAMS live dashboard; disposals include carry-forward receipts from previous year(s).
live_dashboard_2026,State/UT,Uttarakhand,2026-01-01,2026-08-24,disposed,9844,count,https://pgportal.gov.in/darpgdashboard,Official CPGRAMS live dashboard; disposals include carry-forward receipts from previous year(s).
live_dashboard_2026,State/UT,Uttarakhand,2026-01-01,2026-08-24,percent_disposed,86.38,percent,https://pgportal.gov.in/darpgdashboard,Official CPGRAMS live dashboard; disposals include carry-forward receipts from previous year(s).
live_dashboard_2026,State/UT,Uttarakhand,2026-01-01,2026-08-24,pending_0_60_days,1245,count,https://pgportal.gov.in/darpgdashboard,Official CPGRAMS live dashboard; disposals include carry-forward receipts from previous year(s).
live_dashboard_2026,State/UT,Uttarakhand,2026-01-01,2026-08-24,pending_60_180_days,245,count,https://pgportal.gov.in/darpgdashboard,Official CPGRAMS live dashboard; disposals include carry-forward receipts from previous year(s).
live_dashboard_2026,State/UT,Uttarakhand,2026-01-01,2026-08-24,pending_180_365_days,62,count,https://pgportal.gov.in/darpgdashboard,Official CPGRAMS live dashboard; disposals include carry-forward receipts from previous year(s).
live_dashboard_2026,State/UT,Uttarakhand,2026-01-01,2026-08-24,pending_more_than_1_year,0,count,https://pgportal.gov.in/darpgdashboard,Official CPGRAMS live dashboard; disposals include carry-forward receipts from previous year(s).
live_dashboard_2026,State/UT,Uttar Pradesh,2026-01-01,2026-08-24,received,232563,count,https://pgportal.gov.in/darpgdashboard,Official CPGRAMS live dashboard; disposals include carry-forward receipts from previous year(s).
live_dashboard_2026,State/UT,Uttar Pradesh,2026-01-01,2026-08-24,disposed,194686,count,https://pgportal.gov.in/darpgdashboard,Official CPGRAMS live dashboard; disposals include carry-forward receipts from previous year(s).
live_dashboard_2026,State/UT,Uttar Pradesh,2026-01-01,2026-08-24,percent_disposed,83.71,percent,https://pgportal.gov.in/darpgdashboard,Official CPGRAMS live dashboard; disposals include carry-forward receipts from previous year(s).
live_dashboard_2026,State/UT,Uttar Pradesh,2026-01-01,2026-08-24,pending_0_60_days,35981,count,https://pgportal.gov.in/darpgdashboard,Official CPGRAMS live dashboard; disposals include carry-forward receipts from previous year(s).
live_dashboard_2026,State/UT,Uttar Pradesh,2026-01-01,2026-08-24,pending_60_180_days,1550,count,https://pgportal.gov.in/darpgdashboard,Official CPGRAMS live dashboard; disposals include carry-forward receipts from previous year(s).
live_dashboard_2026,State/UT,Uttar Pradesh,2026-01-01,2026-08-24,pending_180_365_days,346,count,https://pgportal.gov.in/darpgdashboard,Official CPGRAMS live dashboard; disposals include carry-forward receipts from previous year(s).
live_dashboard_2026,State/UT,Uttar Pradesh,2026-01-01,2026-08-24,pending_more_than_1_year,0,count,https://pgportal.gov.in/darpgdashboard,Official CPGRAMS live dashboard; disposals include carry-forward receipts from previous year(s).
live_dashboard_2026,State/UT,West Bengal,2026-01-01,2026-08-24,received,18654,count,https://pgportal.gov.in/darpgdashboard,Official CPGRAMS live dashboard; disposals include carry-forward receipts from previous year(s).
live_dashboard_2026,State/UT,West Bengal,2026-01-01,2026-08-24,disposed,3104,count,https://pgportal.gov.in/darpgdashboard,Official CPGRAMS live dashboard; disposals include carry-forward receipts from previous year(s).
live_dashboard_2026,State/UT,West Bengal,2026-01-01,2026-08-24,percent_disposed,16.64,percent,https://pgportal.gov.in/darpgdashboard,Official CPGRAMS live dashboard; disposals include carry-forward receipts from previous year(s).
live_dashboard_2026,State/UT,West Bengal,2026-01-01,2026-08-24,pending_0_60_days,7127,count,https://pgportal.gov.in/darpgdashboard,Official CPGRAMS live dashboard; disposals include carry-forward receipts from previous year(s).
live_dashboard_2026,State/UT,West Bengal,2026-01-01,2026-08-24,pending_60_180_days,8423,count,https://pgportal.gov.in/darpgdashboard,Official CPGRAMS live dashboard; disposals include carry-forward receipts from previous year(s).
live_dashboard_2026,State/UT,West Bengal,2026-01-01,2026-08-24,pending_180_365_days,0,count,https://pgportal.gov.in/darpgdashboard,Official CPGRAMS live dashboard; disposals include carry-forward receipts from previous year(s).
live_dashboard_2026,State/UT,West Bengal,2026-01-01,2026-08-24,pending_more_than_1_year,0,count,https://pgportal.gov.in/darpgdashboard,Official CPGRAMS live dashboard; disposals include carry-forward receipts from previous year(s).
appeal_dashboard_2026-08-25,Department,Central Board of Direct Taxes (Income Tax),,2026-08-25,appeals_received,5854,count,https://pgportal.gov.in/darpgdashboard/AppealDetails,Official CPGRAMS department-wise appeal dashboard snapshot.
appeal_dashboard_2026-08-25,Department,Central Board of Direct Taxes (Income Tax),,2026-08-25,appeals_disposed,5150,count,https://pgportal.gov.in/darpgdashboard/AppealDetails,Official CPGRAMS department-wise appeal dashboard snapshot.
appeal_dashboard_2026-08-25,Department,Central Board of Direct Taxes (Income Tax),,2026-08-25,appeals_percent_disposed,87.97,percent,https://pgportal.gov.in/darpgdashboard/AppealDetails,Official CPGRAMS department-wise appeal dashboard snapshot.
appeal_dashboard_2026-08-25,Department,Central Board of Direct Taxes (Income Tax),,2026-08-25,appeals_pending,704,count,https://pgportal.gov.in/darpgdashboard/AppealDetails,Official CPGRAMS department-wise appeal dashboard snapshot.
appeal_dashboard_2026-08-25,Department,Central Board of Indirect Taxes and Customs,,2026-08-25,appeals_received,1174,count,https://pgportal.gov.in/darpgdashboard/AppealDetails,Official CPGRAMS department-wise appeal dashboard snapshot.
appeal_dashboard_2026-08-25,Department,Central Board of Indirect Taxes and Customs,,2026-08-25,appeals_disposed,1107,count,https://pgportal.gov.in/darpgdashboard/AppealDetails,Official CPGRAMS department-wise appeal dashboard snapshot.
appeal_dashboard_2026-08-25,Department,Central Board of Indirect Taxes and Customs,,2026-08-25,appeals_percent_disposed,94.29,percent,https://pgportal.gov.in/darpgdashboard/AppealDetails,Official CPGRAMS department-wise appeal dashboard snapshot.
appeal_dashboard_2026-08-25,Department,Central Board of Indirect Taxes and Customs,,2026-08-25,appeals_pending,67,count,https://pgportal.gov.in/darpgdashboard/AppealDetails,Official CPGRAMS department-wise appeal dashboard snapshot.
appeal_dashboard_2026-08-25,Department,Department for Promotion of Industry and Internal Trade,,2026-08-25,appeals_received,243,count,https://pgportal.gov.in/darpgdashboard/AppealDetails,Official CPGRAMS department-wise appeal dashboard snapshot.
appeal_dashboard_2026-08-25,Department,Department for Promotion of Industry and Internal Trade,,2026-08-25,appeals_disposed,227,count,https://pgportal.gov.in/darpgdashboard/AppealDetails,Official CPGRAMS department-wise appeal dashboard snapshot.
appeal_dashboard_2026-08-25,Department,Department for Promotion of Industry and Internal Trade,,2026-08-25,appeals_percent_disposed,93.42,percent,https://pgportal.gov.in/darpgdashboard/AppealDetails,Official CPGRAMS department-wise appeal dashboard snapshot.
appeal_dashboard_2026-08-25,Department,Department for Promotion of Industry and Internal Trade,,2026-08-25,appeals_pending,16,count,https://pgportal.gov.in/darpgdashboard/AppealDetails,Official CPGRAMS department-wise appeal dashboard snapshot.
appeal_dashboard_2026-08-25,Department,Department of Agriculture and Farmers Welfare,,2026-08-25,appeals_received,1666,count,https://pgportal.gov.in/darpgdashboard/AppealDetails,Official CPGRAMS department-wise appeal dashboard snapshot.
appeal_dashboard_2026-08-25,Department,Department of Agriculture and Farmers Welfare,,2026-08-25,appeals_disposed,1651,count,https://pgportal.gov.in/darpgdashboard/AppealDetails,Official CPGRAMS department-wise appeal dashboard snapshot.
appeal_dashboard_2026-08-25,Department,Department of Agriculture and Farmers Welfare,,2026-08-25,appeals_percent_disposed,99.1,percent,https://pgportal.gov.in/darpgdashboard/AppealDetails,Official CPGRAMS department-wise appeal dashboard snapshot.
appeal_dashboard_2026-08-25,Department,Department of Agriculture and Farmers Welfare,,2026-08-25,appeals_pending,15,count,https://pgportal.gov.in/darpgdashboard/AppealDetails,Official CPGRAMS department-wise appeal dashboard snapshot.
appeal_dashboard_2026-08-25,Department,Department of Agriculture Research and Education,,2026-08-25,appeals_received,116,count,https://pgportal.gov.in/darpgdashboard/AppealDetails,Official CPGRAMS department-wise appeal dashboard snapshot.
appeal_dashboard_2026-08-25,Department,Department of Agriculture Research and Education,,2026-08-25,appeals_disposed,115,count,https://pgportal.gov.in/darpgdashboard/AppealDetails,Official CPGRAMS department-wise appeal dashboard snapshot.
appeal_dashboard_2026-08-25,Department,Department of Agriculture Research and Education,,2026-08-25,appeals_percent_disposed,99.14,percent,https://pgportal.gov.in/darpgdashboard/AppealDetails,Official CPGRAMS department-wise appeal dashboard snapshot.
appeal_dashboard_2026-08-25,Department,Department of Agriculture Research and Education,,2026-08-25,appeals_pending,1,count,https://pgportal.gov.in/darpgdashboard/AppealDetails,Official CPGRAMS department-wise appeal dashboard snapshot.
appeal_dashboard_2026-08-25,Department,"Department of Animal Husbandry, Dairying",,2026-08-25,appeals_received,167,count,https://pgportal.gov.in/darpgdashboard/AppealDetails,Official CPGRAMS department-wise appeal dashboard snapshot.
appeal_dashboard_2026-08-25,Department,"Department of Animal Husbandry, Dairying",,2026-08-25,appeals_disposed,159,count,https://pgportal.gov.in/darpgdashboard/AppealDetails,Official CPGRAMS department-wise appeal dashboard snapshot.
appeal_dashboard_2026-08-25,Department,"Department of Animal Husbandry, Dairying",,2026-08-25,appeals_percent_disposed,95.21,percent,https://pgportal.gov.in/darpgdashboard/AppealDetails,Official CPGRAMS department-wise appeal dashboard snapshot.
appeal_dashboard_2026-08-25,Department,"Department of Animal Husbandry, Dairying",,2026-08-25,appeals_pending,8,count,https://pgportal.gov.in/darpgdashboard/AppealDetails,Official CPGRAMS department-wise appeal dashboard snapshot.
appeal_dashboard_2026-08-25,Department,Department of Atomic Energy,,2026-08-25,appeals_received,174,count,https://pgportal.gov.in/darpgdashboard/AppealDetails,Official CPGRAMS department-wise appeal dashboard snapshot.
appeal_dashboard_2026-08-25,Department,Department of Atomic Energy,,2026-08-25,appeals_disposed,146,count,https://pgportal.gov.in/darpgdashboard/AppealDetails,Official CPGRAMS department-wise appeal dashboard snapshot.
appeal_dashboard_2026-08-25,Department,Department of Atomic Energy,,2026-08-25,appeals_percent_disposed,83.91,percent,https://pgportal.gov.in/darpgdashboard/AppealDetails,Official CPGRAMS department-wise appeal dashboard snapshot.
appeal_dashboard_2026-08-25,Department,Department of Atomic Energy,,2026-08-25,appeals_pending,28,count,https://pgportal.gov.in/darpgdashboard/AppealDetails,Official CPGRAMS department-wise appeal dashboard snapshot.
appeal_dashboard_2026-08-25,Department,Department of Bio Technology,,2026-08-25,appeals_received,24,count,https://pgportal.gov.in/darpgdashboard/AppealDetails,Official CPGRAMS department-wise appeal dashboard snapshot.
appeal_dashboard_2026-08-25,Department,Department of Bio Technology,,2026-08-25,appeals_disposed,19,count,https://pgportal.gov.in/darpgdashboard/AppealDetails,Official CPGRAMS department-wise appeal dashboard snapshot.
appeal_dashboard_2026-08-25,Department,Department of Bio Technology,,2026-08-25,appeals_percent_disposed,79.17,percent,https://pgportal.gov.in/darpgdashboard/AppealDetails,Official CPGRAMS department-wise appeal dashboard snapshot.
appeal_dashboard_2026-08-25,Department,Department of Bio Technology,,2026-08-25,appeals_pending,5,count,https://pgportal.gov.in/darpgdashboard/AppealDetails,Official CPGRAMS department-wise appeal dashboard snapshot.
appeal_dashboard_2026-08-25,Department,Department of Chemicals and Petrochemicals,,2026-08-25,appeals_received,24,count,https://pgportal.gov.in/darpgdashboard/AppealDetails,Official CPGRAMS department-wise appeal dashboard snapshot.
appeal_dashboard_2026-08-25,Department,Department of Chemicals and Petrochemicals,,2026-08-25,appeals_disposed,22,count,https://pgportal.gov.in/darpgdashboard/AppealDetails,Official CPGRAMS department-wise appeal dashboard snapshot.
appeal_dashboard_2026-08-25,Department,Department of Chemicals and Petrochemicals,,2026-08-25,appeals_percent_disposed,91.67,percent,https://pgportal.gov.in/darpgdashboard/AppealDetails,Official CPGRAMS department-wise appeal dashboard snapshot.
appeal_dashboard_2026-08-25,Department,Department of Chemicals and Petrochemicals,,2026-08-25,appeals_pending,2,count,https://pgportal.gov.in/darpgdashboard/AppealDetails,Official CPGRAMS department-wise appeal dashboard snapshot.
appeal_dashboard_2026-08-25,Department,Department of Commerce,,2026-08-25,appeals_received,213,count,https://pgportal.gov.in/darpgdashboard/AppealDetails,Official CPGRAMS department-wise appeal dashboard snapshot.
appeal_dashboard_2026-08-25,Department,Department of Commerce,,2026-08-25,appeals_disposed,183,count,https://pgportal.gov.in/darpgdashboard/AppealDetails,Official CPGRAMS department-wise appeal dashboard snapshot.
appeal_dashboard_2026-08-25,Department,Department of Commerce,,2026-08-25,appeals_percent_disposed,85.92,percent,https://pgportal.gov.in/darpgdashboard/AppealDetails,Official CPGRAMS department-wise appeal dashboard snapshot.
appeal_dashboard_2026-08-25,Department,Department of Commerce,,2026-08-25,appeals_pending,30,count,https://pgportal.gov.in/darpgdashboard/AppealDetails,Official CPGRAMS department-wise appeal dashboard snapshot.
appeal_dashboard_2026-08-25,Department,Department of Consumer Affairs,,2026-08-25,appeals_received,6250,count,https://pgportal.gov.in/darpgdashboard/AppealDetails,Official CPGRAMS department-wise appeal dashboard snapshot.
appeal_dashboard_2026-08-25,Department,Department of Consumer Affairs,,2026-08-25,appeals_disposed,6225,count,https://pgportal.gov.in/darpgdashboard/AppealDetails,Official CPGRAMS department-wise appeal dashboard snapshot.
appeal_dashboard_2026-08-25,Department,Department of Consumer Affairs,,2026-08-25,appeals_percent_disposed,99.6,percent,https://pgportal.gov.in/darpgdashboard/AppealDetails,Official CPGRAMS department-wise appeal dashboard snapshot.
appeal_dashboard_2026-08-25,Department,Department of Consumer Affairs,,2026-08-25,appeals_pending,25,count,https://pgportal.gov.in/darpgdashboard/AppealDetails,Official CPGRAMS department-wise appeal dashboard snapshot.
appeal_dashboard_2026-08-25,Department,Department of Defence Finance,,2026-08-25,appeals_received,4157,count,https://pgportal.gov.in/darpgdashboard/AppealDetails,Official CPGRAMS department-wise appeal dashboard snapshot.
appeal_dashboard_2026-08-25,Department,Department of Defence Finance,,2026-08-25,appeals_disposed,3669,count,https://pgportal.gov.in/darpgdashboard/AppealDetails,Official CPGRAMS department-wise appeal dashboard snapshot.
appeal_dashboard_2026-08-25,Department,Department of Defence Finance,,2026-08-25,appeals_percent_disposed,88.26,percent,https://pgportal.gov.in/darpgdashboard/AppealDetails,Official CPGRAMS department-wise appeal dashboard snapshot.
appeal_dashboard_2026-08-25,Department,Department of Defence Finance,,2026-08-25,appeals_pending,488,count,https://pgportal.gov.in/darpgdashboard/AppealDetails,Official CPGRAMS department-wise appeal dashboard snapshot.
appeal_dashboard_2026-08-25,Department,Department of Defence Production,,2026-08-25,appeals_received,388,count,https://pgportal.gov.in/darpgdashboard/AppealDetails,Official CPGRAMS department-wise appeal dashboard snapshot.
appeal_dashboard_2026-08-25,Department,Department of Defence Production,,2026-08-25,appeals_disposed,375,count,https://pgportal.gov.in/darpgdashboard/AppealDetails,Official CPGRAMS department-wise appeal dashboard snapshot.
appeal_dashboard_2026-08-25,Department,Department of Defence Production,,2026-08-25,appeals_percent_disposed,96.65,percent,https://pgportal.gov.in/darpgdashboard/AppealDetails,Official CPGRAMS department-wise appeal dashboard snapshot.
appeal_dashboard_2026-08-25,Department,Department of Defence Production,,2026-08-25,appeals_pending,13,count,https://pgportal.gov.in/darpgdashboard/AppealDetails,Official CPGRAMS department-wise appeal dashboard snapshot.
appeal_dashboard_2026-08-25,Department,Department of Defence Research and Development,,2026-08-25,appeals_received,52,count,https://pgportal.gov.in/darpgdashboard/AppealDetails,Official CPGRAMS department-wise appeal dashboard snapshot.
appeal_dashboard_2026-08-25,Department,Department of Defence Research and Development,,2026-08-25,appeals_disposed,52,count,https://pgportal.gov.in/darpgdashboard/AppealDetails,Official CPGRAMS department-wise appeal dashboard snapshot.
appeal_dashboard_2026-08-25,Department,Department of Defence Research and Development,,2026-08-25,appeals_percent_disposed,100.0,percent,https://pgportal.gov.in/darpgdashboard/AppealDetails,Official CPGRAMS department-wise appeal dashboard snapshot.
appeal_dashboard_2026-08-25,Department,Department of Defence Research and Development,,2026-08-25,appeals_pending,0,count,https://pgportal.gov.in/darpgdashboard/AppealDetails,Official CPGRAMS department-wise appeal dashboard snapshot.
appeal_dashboard_2026-08-25,Department,Department of Economic Affairs ACC Division,,2026-08-25,appeals_received,83,count,https://pgportal.gov.in/darpgdashboard/AppealDetails,Official CPGRAMS department-wise appeal dashboard snapshot.
appeal_dashboard_2026-08-25,Department,Department of Economic Affairs ACC Division,,2026-08-25,appeals_disposed,49,count,https://pgportal.gov.in/darpgdashboard/AppealDetails,Official CPGRAMS department-wise appeal dashboard snapshot.
appeal_dashboard_2026-08-25,Department,Department of Economic Affairs ACC Division,,2026-08-25,appeals_percent_disposed,59.04,percent,https://pgportal.gov.in/darpgdashboard/AppealDetails,Official CPGRAMS department-wise appeal dashboard snapshot.
appeal_dashboard_2026-08-25,Department,Department of Economic Affairs ACC Division,,2026-08-25,appeals_pending,34,count,https://pgportal.gov.in/darpgdashboard/AppealDetails,Official CPGRAMS department-wise appeal dashboard snapshot.
appeal_dashboard_2026-08-25,Department,Department of Empowerment of Persons with Disabilities,,2026-08-25,appeals_received,748,count,https://pgportal.gov.in/darpgdashboard/AppealDetails,Official CPGRAMS department-wise appeal dashboard snapshot.
appeal_dashboard_2026-08-25,Department,Department of Empowerment of Persons with Disabilities,,2026-08-25,appeals_disposed,728,count,https://pgportal.gov.in/darpgdashboard/AppealDetails,Official CPGRAMS department-wise appeal dashboard snapshot.
appeal_dashboard_2026-08-25,Department,Department of Empowerment of Persons with Disabilities,,2026-08-25,appeals_percent_disposed,97.33,percent,https://pgportal.gov.in/darpgdashboard/AppealDetails,Official CPGRAMS department-wise appeal dashboard snapshot.
appeal_dashboard_2026-08-25,Department,Department of Empowerment of Persons with Disabilities,,2026-08-25,appeals_pending,20,count,https://pgportal.gov.in/darpgdashboard/AppealDetails,Official CPGRAMS department-wise appeal dashboard snapshot.
appeal_dashboard_2026-08-25,Department,Department of Ex Servicemen Welfare,,2026-08-25,appeals_received,2000,count,https://pgportal.gov.in/darpgdashboard/AppealDetails,Official CPGRAMS department-wise appeal dashboard snapshot.
appeal_dashboard_2026-08-25,Department,Department of Ex Servicemen Welfare,,2026-08-25,appeals_disposed,1931,count,https://pgportal.gov.in/darpgdashboard/AppealDetails,Official CPGRAMS department-wise appeal dashboard snapshot.
appeal_dashboard_2026-08-25,Department,Department of Ex Servicemen Welfare,,2026-08-25,appeals_percent_disposed,96.55,percent,https://pgportal.gov.in/darpgdashboard/AppealDetails,Official CPGRAMS department-wise appeal dashboard snapshot.
appeal_dashboard_2026-08-25,Department,Department of Ex Servicemen Welfare,,2026-08-25,appeals_pending,69,count,https://pgportal.gov.in/darpgdashboard/AppealDetails,Official CPGRAMS department-wise appeal dashboard snapshot.
appeal_dashboard_2026-08-25,Department,Department of Expenditure,,2026-08-25,appeals_received,136,count,https://pgportal.gov.in/darpgdashboard/AppealDetails,Official CPGRAMS department-wise appeal dashboard snapshot.
appeal_dashboard_2026-08-25,Department,Department of Expenditure,,2026-08-25,appeals_disposed,117,count,https://pgportal.gov.in/darpgdashboard/AppealDetails,Official CPGRAMS department-wise appeal dashboard snapshot.
appeal_dashboard_2026-08-25,Department,Department of Expenditure,,2026-08-25,appeals_percent_disposed,86.03,percent,https://pgportal.gov.in/darpgdashboard/AppealDetails,Official CPGRAMS department-wise appeal dashboard snapshot.
appeal_dashboard_2026-08-25,Department,Department of Expenditure,,2026-08-25,appeals_pending,19,count,https://pgportal.gov.in/darpgdashboard/AppealDetails,Official CPGRAMS department-wise appeal dashboard snapshot.
appeal_dashboard_2026-08-25,Department,Department of Fertilizers,,2026-08-25,appeals_received,68,count,https://pgportal.gov.in/darpgdashboard/AppealDetails,Official CPGRAMS department-wise appeal dashboard snapshot.
appeal_dashboard_2026-08-25,Department,Department of Fertilizers,,2026-08-25,appeals_disposed,63,count,https://pgportal.gov.in/darpgdashboard/AppealDetails,Official CPGRAMS department-wise appeal dashboard snapshot.
appeal_dashboard_2026-08-25,Department,Department of Fertilizers,,2026-08-25,appeals_percent_disposed,92.65,percent,https://pgportal.gov.in/darpgdashboard/AppealDetails,Official CPGRAMS department-wise appeal dashboard snapshot.
appeal_dashboard_2026-08-25,Department,Department of Fertilizers,,2026-08-25,appeals_pending,5,count,https://pgportal.gov.in/darpgdashboard/AppealDetails,Official CPGRAMS department-wise appeal dashboard snapshot.
appeal_dashboard_2026-08-25,Department,Department of Financial Services (Banking Division),,2026-08-25,appeals_received,19222,count,https://pgportal.gov.in/darpgdashboard/AppealDetails,Official CPGRAMS department-wise appeal dashboard snapshot.
appeal_dashboard_2026-08-25,Department,Department of Financial Services (Banking Division),,2026-08-25,appeals_disposed,18374,count,https://pgportal.gov.in/darpgdashboard/AppealDetails,Official CPGRAMS department-wise appeal dashboard snapshot.
appeal_dashboard_2026-08-25,Department,Department of Financial Services (Banking Division),,2026-08-25,appeals_percent_disposed,95.59,percent,https://pgportal.gov.in/darpgdashboard/AppealDetails,Official CPGRAMS department-wise appeal dashboard snapshot.
appeal_dashboard_2026-08-25,Department,Department of Financial Services (Banking Division),,2026-08-25,appeals_pending,848,count,https://pgportal.gov.in/darpgdashboard/AppealDetails,Official CPGRAMS department-wise appeal dashboard snapshot.
appeal_dashboard_2026-08-25,Department,Department of Financial Services (Insurance Division),,2026-08-25,appeals_received,5161,count,https://pgportal.gov.in/darpgdashboard/AppealDetails,Official CPGRAMS department-wise appeal dashboard snapshot.
appeal_dashboard_2026-08-25,Department,Department of Financial Services (Insurance Division),,2026-08-25,appeals_disposed,5054,count,https://pgportal.gov.in/darpgdashboard/AppealDetails,Official CPGRAMS department-wise appeal dashboard snapshot.
appeal_dashboard_2026-08-25,Department,Department of Financial Services (Insurance Division),,2026-08-25,appeals_percent_disposed,97.93,percent,https://pgportal.gov.in/darpgdashboard/AppealDetails,Official CPGRAMS department-wise appeal dashboard snapshot.
appeal_dashboard_2026-08-25,Department,Department of Financial Services (Insurance Division),,2026-08-25,appeals_pending,107,count,https://pgportal.gov.in/darpgdashboard/AppealDetails,Official CPGRAMS department-wise appeal dashboard snapshot.
appeal_dashboard_2026-08-25,Department,Department of Financial Services (Pension Reforms),,2026-08-25,appeals_received,373,count,https://pgportal.gov.in/darpgdashboard/AppealDetails,Official CPGRAMS department-wise appeal dashboard snapshot.
appeal_dashboard_2026-08-25,Department,Department of Financial Services (Pension Reforms),,2026-08-25,appeals_disposed,369,count,https://pgportal.gov.in/darpgdashboard/AppealDetails,Official CPGRAMS department-wise appeal dashboard snapshot.
appeal_dashboard_2026-08-25,Department,Department of Financial Services (Pension Reforms),,2026-08-25,appeals_percent_disposed,98.93,percent,https://pgportal.gov.in/darpgdashboard/AppealDetails,Official CPGRAMS department-wise appeal dashboard snapshot.
appeal_dashboard_2026-08-25,Department,Department of Financial Services (Pension Reforms),,2026-08-25,appeals_pending,4,count,https://pgportal.gov.in/darpgdashboard/AppealDetails,Official CPGRAMS department-wise appeal dashboard snapshot.
appeal_dashboard_2026-08-25,Department,Department of Fisheries,,2026-08-25,appeals_received,71,count,https://pgportal.gov.in/darpgdashboard/AppealDetails,Official CPGRAMS department-wise appeal dashboard snapshot.
appeal_dashboard_2026-08-25,Department,Department of Fisheries,,2026-08-25,appeals_disposed,63,count,https://pgportal.gov.in/darpgdashboard/AppealDetails,Official CPGRAMS department-wise appeal dashboard snapshot.
appeal_dashboard_2026-08-25,Department,Department of Fisheries,,2026-08-25,appeals_percent_disposed,88.73,percent,https://pgportal.gov.in/darpgdashboard/AppealDetails,Official CPGRAMS department-wise appeal dashboard snapshot.
appeal_dashboard_2026-08-25,Department,Department of Fisheries,,2026-08-25,appeals_pending,8,count,https://pgportal.gov.in/darpgdashboard/AppealDetails,Official CPGRAMS department-wise appeal dashboard snapshot.
appeal_dashboard_2026-08-25,Department,Department of Food and Public Distribution,,2026-08-25,appeals_received,2910,count,https://pgportal.gov.in/darpgdashboard/AppealDetails,Official CPGRAMS department-wise appeal dashboard snapshot.
appeal_dashboard_2026-08-25,Department,Department of Food and Public Distribution,,2026-08-25,appeals_disposed,2709,count,https://pgportal.gov.in/darpgdashboard/AppealDetails,Official CPGRAMS department-wise appeal dashboard snapshot.
appeal_dashboard_2026-08-25,Department,Department of Food and Public Distribution,,2026-08-25,appeals_percent_disposed,93.09,percent,https://pgportal.gov.in/darpgdashboard/AppealDetails,Official CPGRAMS department-wise appeal dashboard snapshot.
appeal_dashboard_2026-08-25,Department,Department of Food and Public Distribution,,2026-08-25,appeals_pending,201,count,https://pgportal.gov.in/darpgdashboard/AppealDetails,Official CPGRAMS department-wise appeal dashboard snapshot.
appeal_dashboard_2026-08-25,Department,Department of Health & Family Welfare,,2026-08-25,appeals_received,3622,count,https://pgportal.gov.in/darpgdashboard/AppealDetails,Official CPGRAMS department-wise appeal dashboard snapshot.
appeal_dashboard_2026-08-25,Department,Department of Health & Family Welfare,,2026-08-25,appeals_disposed,3227,count,https://pgportal.gov.in/darpgdashboard/AppealDetails,Official CPGRAMS department-wise appeal dashboard snapshot.
appeal_dashboard_2026-08-25,Department,Department of Health & Family Welfare,,2026-08-25,appeals_percent_disposed,89.09,percent,https://pgportal.gov.in/darpgdashboard/AppealDetails,Official CPGRAMS department-wise appeal dashboard snapshot.
appeal_dashboard_2026-08-25,Department,Department of Health & Family Welfare,,2026-08-25,appeals_pending,395,count,https://pgportal.gov.in/darpgdashboard/AppealDetails,Official CPGRAMS department-wise appeal dashboard snapshot.
appeal_dashboard_2026-08-25,Department,Department of Health Research,,2026-08-25,appeals_received,99,count,https://pgportal.gov.in/darpgdashboard/AppealDetails,Official CPGRAMS department-wise appeal dashboard snapshot.
appeal_dashboard_2026-08-25,Department,Department of Health Research,,2026-08-25,appeals_disposed,94,count,https://pgportal.gov.in/darpgdashboard/AppealDetails,Official CPGRAMS department-wise appeal dashboard snapshot.
appeal_dashboard_2026-08-25,Department,Department of Health Research,,2026-08-25,appeals_percent_disposed,94.95,percent,https://pgportal.gov.in/darpgdashboard/AppealDetails,Official CPGRAMS department-wise appeal dashboard snapshot.
appeal_dashboard_2026-08-25,Department,Department of Health Research,,2026-08-25,appeals_pending,5,count,https://pgportal.gov.in/darpgdashboard/AppealDetails,Official CPGRAMS department-wise appeal dashboard snapshot.
appeal_dashboard_2026-08-25,Department,Department of Higher Education,,2026-08-25,appeals_received,4698,count,https://pgportal.gov.in/darpgdashboard/AppealDetails,Official CPGRAMS department-wise appeal dashboard snapshot.
appeal_dashboard_2026-08-25,Department,Department of Higher Education,,2026-08-25,appeals_disposed,3564,count,https://pgportal.gov.in/darpgdashboard/AppealDetails,Official CPGRAMS department-wise appeal dashboard snapshot.
appeal_dashboard_2026-08-25,Department,Department of Higher Education,,2026-08-25,appeals_percent_disposed,75.86,percent,https://pgportal.gov.in/darpgdashboard/AppealDetails,Official CPGRAMS department-wise appeal dashboard snapshot.
appeal_dashboard_2026-08-25,Department,Department of Higher Education,,2026-08-25,appeals_pending,1134,count,https://pgportal.gov.in/darpgdashboard/AppealDetails,Official CPGRAMS department-wise appeal dashboard snapshot.
appeal_dashboard_2026-08-25,Department,Department of Investment & Public Asset Management,,2026-08-25,appeals_received,18,count,https://pgportal.gov.in/darpgdashboard/AppealDetails,Official CPGRAMS department-wise appeal dashboard snapshot. The source displayed a blank disposed value and 0.00% disposed; the blank is preserved.
appeal_dashboard_2026-08-25,Department,Department of Investment & Public Asset Management,,2026-08-25,appeals_percent_disposed,0.0,percent,https://pgportal.gov.in/darpgdashboard/AppealDetails,Official CPGRAMS department-wise appeal dashboard snapshot. The source displayed a blank disposed value and 0.00% disposed; the blank is preserved.
appeal_dashboard_2026-08-25,Department,Department of Investment & Public Asset Management,,2026-08-25,appeals_pending,18,count,https://pgportal.gov.in/darpgdashboard/AppealDetails,Official CPGRAMS department-wise appeal dashboard snapshot. The source displayed a blank disposed value and 0.00% disposed; the blank is preserved.
appeal_dashboard_2026-08-25,Department,Department of Justice,,2026-08-25,appeals_received,815,count,https://pgportal.gov.in/darpgdashboard/AppealDetails,Official CPGRAMS department-wise appeal dashboard snapshot.
appeal_dashboard_2026-08-25,Department,Department of Justice,,2026-08-25,appeals_disposed,647,count,https://pgportal.gov.in/darpgdashboard/AppealDetails,Official CPGRAMS department-wise appeal dashboard snapshot.
appeal_dashboard_2026-08-25,Department,Department of Justice,,2026-08-25,appeals_percent_disposed,79.39,percent,https://pgportal.gov.in/darpgdashboard/AppealDetails,Official CPGRAMS department-wise appeal dashboard snapshot.
appeal_dashboard_2026-08-25,Department,Department of Justice,,2026-08-25,appeals_pending,168,count,https://pgportal.gov.in/darpgdashboard/AppealDetails,Official CPGRAMS department-wise appeal dashboard snapshot.
appeal_dashboard_2026-08-25,Department,Department of Land Resources,,2026-08-25,appeals_received,20,count,https://pgportal.gov.in/darpgdashboard/AppealDetails,Official CPGRAMS department-wise appeal dashboard snapshot.
appeal_dashboard_2026-08-25,Department,Department of Land Resources,,2026-08-25,appeals_disposed,20,count,https://pgportal.gov.in/darpgdashboard/AppealDetails,Official CPGRAMS department-wise appeal dashboard snapshot.
appeal_dashboard_2026-08-25,Department,Department of Land Resources,,2026-08-25,appeals_percent_disposed,100.0,percent,https://pgportal.gov.in/darpgdashboard/AppealDetails,Official CPGRAMS department-wise appeal dashboard snapshot.
appeal_dashboard_2026-08-25,Department,Department of Land Resources,,2026-08-25,appeals_pending,0,count,https://pgportal.gov.in/darpgdashboard/AppealDetails,Official CPGRAMS department-wise appeal dashboard snapshot.
appeal_dashboard_2026-08-25,Department,Department of Military Affairs,,2026-08-25,appeals_received,3940,count,https://pgportal.gov.in/darpgdashboard/AppealDetails,Official CPGRAMS department-wise appeal dashboard snapshot.
appeal_dashboard_2026-08-25,Department,Department of Military Affairs,,2026-08-25,appeals_disposed,3804,count,https://pgportal.gov.in/darpgdashboard/AppealDetails,Official CPGRAMS department-wise appeal dashboard snapshot.
appeal_dashboard_2026-08-25,Department,Department of Military Affairs,,2026-08-25,appeals_percent_disposed,96.55,percent,https://pgportal.gov.in/darpgdashboard/AppealDetails,Official CPGRAMS department-wise appeal dashboard snapshot.
appeal_dashboard_2026-08-25,Department,Department of Military Affairs,,2026-08-25,appeals_pending,136,count,https://pgportal.gov.in/darpgdashboard/AppealDetails,Official CPGRAMS department-wise appeal dashboard snapshot.
appeal_dashboard_2026-08-25,Department,Department of Official Language,,2026-08-25,appeals_received,7,count,https://pgportal.gov.in/darpgdashboard/AppealDetails,Official CPGRAMS department-wise appeal dashboard snapshot.
appeal_dashboard_2026-08-25,Department,Department of Official Language,,2026-08-25,appeals_disposed,7,count,https://pgportal.gov.in/darpgdashboard/AppealDetails,Official CPGRAMS department-wise appeal dashboard snapshot.
appeal_dashboard_2026-08-25,Department,Department of Official Language,,2026-08-25,appeals_percent_disposed,100.0,percent,https://pgportal.gov.in/darpgdashboard/AppealDetails,Official CPGRAMS department-wise appeal dashboard snapshot.
appeal_dashboard_2026-08-25,Department,Department of Official Language,,2026-08-25,appeals_pending,0,count,https://pgportal.gov.in/darpgdashboard/AppealDetails,Official CPGRAMS department-wise appeal dashboard snapshot.
appeal_dashboard_2026-08-25,Department,Department of Pension and Pensioners Welfare,,2026-08-25,appeals_received,482,count,https://pgportal.gov.in/darpgdashboard/AppealDetails,Official CPGRAMS department-wise appeal dashboard snapshot.
appeal_dashboard_2026-08-25,Department,Department of Pension and Pensioners Welfare,,2026-08-25,appeals_disposed,466,count,https://pgportal.gov.in/darpgdashboard/AppealDetails,Official CPGRAMS department-wise appeal dashboard snapshot.
appeal_dashboard_2026-08-25,Department,Department of Pension and Pensioners Welfare,,2026-08-25,appeals_percent_disposed,96.68,percent,https://pgportal.gov.in/darpgdashboard/AppealDetails,Official CPGRAMS department-wise appeal dashboard snapshot.
appeal_dashboard_2026-08-25,Department,Department of Pension and Pensioners Welfare,,2026-08-25,appeals_pending,16,count,https://pgportal.gov.in/darpgdashboard/AppealDetails,Official CPGRAMS department-wise appeal dashboard snapshot.
appeal_dashboard_2026-08-25,Department,Department of Personnel and Training,,2026-08-25,appeals_received,629,count,https://pgportal.gov.in/darpgdashboard/AppealDetails,Official CPGRAMS department-wise appeal dashboard snapshot.
appeal_dashboard_2026-08-25,Department,Department of Personnel and Training,,2026-08-25,appeals_disposed,564,count,https://pgportal.gov.in/darpgdashboard/AppealDetails,Official CPGRAMS department-wise appeal dashboard snapshot.
appeal_dashboard_2026-08-25,Department,Department of Personnel and Training,,2026-08-25,appeals_percent_disposed,89.67,percent,https://pgportal.gov.in/darpgdashboard/AppealDetails,Official CPGRAMS department-wise appeal dashboard snapshot.
appeal_dashboard_2026-08-25,Department,Department of Personnel and Training,,2026-08-25,appeals_pending,65,count,https://pgportal.gov.in/darpgdashboard/AppealDetails,Official CPGRAMS department-wise appeal dashboard snapshot.
appeal_dashboard_2026-08-25,Department,Department of Pharmaceuticals,,2026-08-25,appeals_received,211,count,https://pgportal.gov.in/darpgdashboard/AppealDetails,Official CPGRAMS department-wise appeal dashboard snapshot.
appeal_dashboard_2026-08-25,Department,Department of Pharmaceuticals,,2026-08-25,appeals_disposed,179,count,https://pgportal.gov.in/darpgdashboard/AppealDetails,Official CPGRAMS department-wise appeal dashboard snapshot.
appeal_dashboard_2026-08-25,Department,Department of Pharmaceuticals,,2026-08-25,appeals_percent_disposed,84.83,percent,https://pgportal.gov.in/darpgdashboard/AppealDetails,Official CPGRAMS department-wise appeal dashboard snapshot.
appeal_dashboard_2026-08-25,Department,Department of Pharmaceuticals,,2026-08-25,appeals_pending,32,count,https://pgportal.gov.in/darpgdashboard/AppealDetails,Official CPGRAMS department-wise appeal dashboard snapshot.
appeal_dashboard_2026-08-25,Department,Department of Posts,,2026-08-25,appeals_received,11625,count,https://pgportal.gov.in/darpgdashboard/AppealDetails,Official CPGRAMS department-wise appeal dashboard snapshot.
appeal_dashboard_2026-08-25,Department,Department of Posts,,2026-08-25,appeals_disposed,11410,count,https://pgportal.gov.in/darpgdashboard/AppealDetails,Official CPGRAMS department-wise appeal dashboard snapshot.
appeal_dashboard_2026-08-25,Department,Department of Posts,,2026-08-25,appeals_percent_disposed,98.15,percent,https://pgportal.gov.in/darpgdashboard/AppealDetails,Official CPGRAMS department-wise appeal dashboard snapshot.
appeal_dashboard_2026-08-25,Department,Department of Posts,,2026-08-25,appeals_pending,215,count,https://pgportal.gov.in/darpgdashboard/AppealDetails,Official CPGRAMS department-wise appeal dashboard snapshot.
appeal_dashboard_2026-08-25,Department,Department of Revenue,,2026-08-25,appeals_received,249,count,https://pgportal.gov.in/darpgdashboard/AppealDetails,Official CPGRAMS department-wise appeal dashboard snapshot.
appeal_dashboard_2026-08-25,Department,Department of Revenue,,2026-08-25,appeals_disposed,249,count,https://pgportal.gov.in/darpgdashboard/AppealDetails,Official CPGRAMS department-wise appeal dashboard snapshot.
appeal_dashboard_2026-08-25,Department,Department of Revenue,,2026-08-25,appeals_percent_disposed,100.0,percent,https://pgportal.gov.in/darpgdashboard/AppealDetails,Official CPGRAMS department-wise appeal dashboard snapshot.
appeal_dashboard_2026-08-25,Department,Department of Revenue,,2026-08-25,appeals_pending,0,count,https://pgportal.gov.in/darpgdashboard/AppealDetails,Official CPGRAMS department-wise appeal dashboard snapshot.
appeal_dashboard_2026-08-25,Department,Department of Rural Development,,2026-08-25,appeals_received,2726,count,https://pgportal.gov.in/darpgdashboard/AppealDetails,Official CPGRAMS department-wise appeal dashboard snapshot.
appeal_dashboard_2026-08-25,Department,Department of Rural Development,,2026-08-25,appeals_disposed,2558,count,https://pgportal.gov.in/darpgdashboard/AppealDetails,Official CPGRAMS department-wise appeal dashboard snapshot.
appeal_dashboard_2026-08-25,Department,Department of Rural Development,,2026-08-25,appeals_percent_disposed,93.84,percent,https://pgportal.gov.in/darpgdashboard/AppealDetails,Official CPGRAMS department-wise appeal dashboard snapshot.
appeal_dashboard_2026-08-25,Department,Department of Rural Development,,2026-08-25,appeals_pending,168,count,https://pgportal.gov.in/darpgdashboard/AppealDetails,Official CPGRAMS department-wise appeal dashboard snapshot.
appeal_dashboard_2026-08-25,Department,Department of School Education and Literacy,,2026-08-25,appeals_received,4473,count,https://pgportal.gov.in/darpgdashboard/AppealDetails,Official CPGRAMS department-wise appeal dashboard snapshot.
appeal_dashboard_2026-08-25,Department,Department of School Education and Literacy,,2026-08-25,appeals_disposed,4088,count,https://pgportal.gov.in/darpgdashboard/AppealDetails,Official CPGRAMS department-wise appeal dashboard snapshot.
appeal_dashboard_2026-08-25,Department,Department of School Education and Literacy,,2026-08-25,appeals_percent_disposed,91.39,percent,https://pgportal.gov.in/darpgdashboard/AppealDetails,Official CPGRAMS department-wise appeal dashboard snapshot.
appeal_dashboard_2026-08-25,Department,Department of School Education and Literacy,,2026-08-25,appeals_pending,385,count,https://pgportal.gov.in/darpgdashboard/AppealDetails,Official CPGRAMS department-wise appeal dashboard snapshot.
appeal_dashboard_2026-08-25,Department,Department of Science and Technology,,2026-08-25,appeals_received,129,count,https://pgportal.gov.in/darpgdashboard/AppealDetails,Official CPGRAMS department-wise appeal dashboard snapshot.
appeal_dashboard_2026-08-25,Department,Department of Science and Technology,,2026-08-25,appeals_disposed,105,count,https://pgportal.gov.in/darpgdashboard/AppealDetails,Official CPGRAMS department-wise appeal dashboard snapshot.
appeal_dashboard_2026-08-25,Department,Department of Science and Technology,,2026-08-25,appeals_percent_disposed,81.4,percent,https://pgportal.gov.in/darpgdashboard/AppealDetails,Official CPGRAMS department-wise appeal dashboard snapshot.
appeal_dashboard_2026-08-25,Department,Department of Science and Technology,,2026-08-25,appeals_pending,24,count,https://pgportal.gov.in/darpgdashboard/AppealDetails,Official CPGRAMS department-wise appeal dashboard snapshot.
appeal_dashboard_2026-08-25,Department,Department of Scientific & Industrial Research,,2026-08-25,appeals_received,136,count,https://pgportal.gov.in/darpgdashboard/AppealDetails,Official CPGRAMS department-wise appeal dashboard snapshot.
appeal_dashboard_2026-08-25,Department,Department of Scientific & Industrial Research,,2026-08-25,appeals_disposed,126,count,https://pgportal.gov.in/darpgdashboard/AppealDetails,Official CPGRAMS department-wise appeal dashboard snapshot.
appeal_dashboard_2026-08-25,Department,Department of Scientific & Industrial Research,,2026-08-25,appeals_percent_disposed,92.65,percent,https://pgportal.gov.in/darpgdashboard/AppealDetails,Official CPGRAMS department-wise appeal dashboard snapshot.
appeal_dashboard_2026-08-25,Department,Department of Scientific & Industrial Research,,2026-08-25,appeals_pending,10,count,https://pgportal.gov.in/darpgdashboard/AppealDetails,Official CPGRAMS department-wise appeal dashboard snapshot.
appeal_dashboard_2026-08-25,Department,Department of Social Justice and Empowerment,,2026-08-25,appeals_received,1334,count,https://pgportal.gov.in/darpgdashboard/AppealDetails,Official CPGRAMS department-wise appeal dashboard snapshot.
appeal_dashboard_2026-08-25,Department,Department of Social Justice and Empowerment,,2026-08-25,appeals_disposed,1270,count,https://pgportal.gov.in/darpgdashboard/AppealDetails,Official CPGRAMS department-wise appeal dashboard snapshot.
appeal_dashboard_2026-08-25,Department,Department of Social Justice and Empowerment,,2026-08-25,appeals_percent_disposed,95.2,percent,https://pgportal.gov.in/darpgdashboard/AppealDetails,Official CPGRAMS department-wise appeal dashboard snapshot.
appeal_dashboard_2026-08-25,Department,Department of Social Justice and Empowerment,,2026-08-25,appeals_pending,64,count,https://pgportal.gov.in/darpgdashboard/AppealDetails,Official CPGRAMS department-wise appeal dashboard snapshot.
appeal_dashboard_2026-08-25,Department,Department of Space,,2026-08-25,appeals_received,72,count,https://pgportal.gov.in/darpgdashboard/AppealDetails,Official CPGRAMS department-wise appeal dashboard snapshot.
appeal_dashboard_2026-08-25,Department,Department of Space,,2026-08-25,appeals_disposed,58,count,https://pgportal.gov.in/darpgdashboard/AppealDetails,Official CPGRAMS department-wise appeal dashboard snapshot.
appeal_dashboard_2026-08-25,Department,Department of Space,,2026-08-25,appeals_percent_disposed,80.56,percent,https://pgportal.gov.in/darpgdashboard/AppealDetails,Official CPGRAMS department-wise appeal dashboard snapshot.
appeal_dashboard_2026-08-25,Department,Department of Space,,2026-08-25,appeals_pending,14,count,https://pgportal.gov.in/darpgdashboard/AppealDetails,Official CPGRAMS department-wise appeal dashboard snapshot.
appeal_dashboard_2026-08-25,Department,Department of Sports,,2026-08-25,appeals_received,249,count,https://pgportal.gov.in/darpgdashboard/AppealDetails,Official CPGRAMS department-wise appeal dashboard snapshot.
appeal_dashboard_2026-08-25,Department,Department of Sports,,2026-08-25,appeals_disposed,221,count,https://pgportal.gov.in/darpgdashboard/AppealDetails,Official CPGRAMS department-wise appeal dashboard snapshot.
appeal_dashboard_2026-08-25,Department,Department of Sports,,2026-08-25,appeals_percent_disposed,88.76,percent,https://pgportal.gov.in/darpgdashboard/AppealDetails,Official CPGRAMS department-wise appeal dashboard snapshot.
appeal_dashboard_2026-08-25,Department,Department of Sports,,2026-08-25,appeals_pending,28,count,https://pgportal.gov.in/darpgdashboard/AppealDetails,Official CPGRAMS department-wise appeal dashboard snapshot.
appeal_dashboard_2026-08-25,Department,Department of Telecommunications,,2026-08-25,appeals_received,18067,count,https://pgportal.gov.in/darpgdashboard/AppealDetails,Official CPGRAMS department-wise appeal dashboard snapshot.
appeal_dashboard_2026-08-25,Department,Department of Telecommunications,,2026-08-25,appeals_disposed,17575,count,https://pgportal.gov.in/darpgdashboard/AppealDetails,Official CPGRAMS department-wise appeal dashboard snapshot.
appeal_dashboard_2026-08-25,Department,Department of Telecommunications,,2026-08-25,appeals_percent_disposed,97.28,percent,https://pgportal.gov.in/darpgdashboard/AppealDetails,Official CPGRAMS department-wise appeal dashboard snapshot.
appeal_dashboard_2026-08-25,Department,Department of Telecommunications,,2026-08-25,appeals_pending,492,count,https://pgportal.gov.in/darpgdashboard/AppealDetails,Official CPGRAMS department-wise appeal dashboard snapshot.
appeal_dashboard_2026-08-25,Department,Department of Youth Affairs,,2026-08-25,appeals_received,81,count,https://pgportal.gov.in/darpgdashboard/AppealDetails,Official CPGRAMS department-wise appeal dashboard snapshot.
appeal_dashboard_2026-08-25,Department,Department of Youth Affairs,,2026-08-25,appeals_disposed,75,count,https://pgportal.gov.in/darpgdashboard/AppealDetails,Official CPGRAMS department-wise appeal dashboard snapshot.
appeal_dashboard_2026-08-25,Department,Department of Youth Affairs,,2026-08-25,appeals_percent_disposed,92.59,percent,https://pgportal.gov.in/darpgdashboard/AppealDetails,Official CPGRAMS department-wise appeal dashboard snapshot.
appeal_dashboard_2026-08-25,Department,Department of Youth Affairs,,2026-08-25,appeals_pending,6,count,https://pgportal.gov.in/darpgdashboard/AppealDetails,Official CPGRAMS department-wise appeal dashboard snapshot.
appeal_dashboard_2026-08-25,Department,Legislative Department,,2026-08-25,appeals_received,92,count,https://pgportal.gov.in/darpgdashboard/AppealDetails,Official CPGRAMS department-wise appeal dashboard snapshot.
appeal_dashboard_2026-08-25,Department,Legislative Department,,2026-08-25,appeals_disposed,10,count,https://pgportal.gov.in/darpgdashboard/AppealDetails,Official CPGRAMS department-wise appeal dashboard snapshot.
appeal_dashboard_2026-08-25,Department,Legislative Department,,2026-08-25,appeals_percent_disposed,10.87,percent,https://pgportal.gov.in/darpgdashboard/AppealDetails,Official CPGRAMS department-wise appeal dashboard snapshot.
appeal_dashboard_2026-08-25,Department,Legislative Department,,2026-08-25,appeals_pending,82,count,https://pgportal.gov.in/darpgdashboard/AppealDetails,Official CPGRAMS department-wise appeal dashboard snapshot.
appeal_dashboard_2026-08-25,Department,Ministry of Ayush,,2026-08-25,appeals_received,353,count,https://pgportal.gov.in/darpgdashboard/AppealDetails,Official CPGRAMS department-wise appeal dashboard snapshot.
appeal_dashboard_2026-08-25,Department,Ministry of Ayush,,2026-08-25,appeals_disposed,339,count,https://pgportal.gov.in/darpgdashboard/AppealDetails,Official CPGRAMS department-wise appeal dashboard snapshot.
appeal_dashboard_2026-08-25,Department,Ministry of Ayush,,2026-08-25,appeals_percent_disposed,96.03,percent,https://pgportal.gov.in/darpgdashboard/AppealDetails,Official CPGRAMS department-wise appeal dashboard snapshot.
appeal_dashboard_2026-08-25,Department,Ministry of Ayush,,2026-08-25,appeals_pending,14,count,https://pgportal.gov.in/darpgdashboard/AppealDetails,Official CPGRAMS department-wise appeal dashboard snapshot.
appeal_dashboard_2026-08-25,Department,Ministry of Civil Aviation,,2026-08-25,appeals_received,1576,count,https://pgportal.gov.in/darpgdashboard/AppealDetails,Official CPGRAMS department-wise appeal dashboard snapshot.
appeal_dashboard_2026-08-25,Department,Ministry of Civil Aviation,,2026-08-25,appeals_disposed,1479,count,https://pgportal.gov.in/darpgdashboard/AppealDetails,Official CPGRAMS department-wise appeal dashboard snapshot.
appeal_dashboard_2026-08-25,Department,Ministry of Civil Aviation,,2026-08-25,appeals_percent_disposed,93.85,percent,https://pgportal.gov.in/darpgdashboard/AppealDetails,Official CPGRAMS department-wise appeal dashboard snapshot.
appeal_dashboard_2026-08-25,Department,Ministry of Civil Aviation,,2026-08-25,appeals_pending,97,count,https://pgportal.gov.in/darpgdashboard/AppealDetails,Official CPGRAMS department-wise appeal dashboard snapshot.
appeal_dashboard_2026-08-25,Department,Ministry of Cooperation,,2026-08-25,appeals_received,2119,count,https://pgportal.gov.in/darpgdashboard/AppealDetails,Official CPGRAMS department-wise appeal dashboard snapshot.
appeal_dashboard_2026-08-25,Department,Ministry of Cooperation,,2026-08-25,appeals_disposed,2113,count,https://pgportal.gov.in/darpgdashboard/AppealDetails,Official CPGRAMS department-wise appeal dashboard snapshot.
appeal_dashboard_2026-08-25,Department,Ministry of Cooperation,,2026-08-25,appeals_percent_disposed,99.72,percent,https://pgportal.gov.in/darpgdashboard/AppealDetails,Official CPGRAMS department-wise appeal dashboard snapshot.
appeal_dashboard_2026-08-25,Department,Ministry of Cooperation,,2026-08-25,appeals_pending,6,count,https://pgportal.gov.in/darpgdashboard/AppealDetails,Official CPGRAMS department-wise appeal dashboard snapshot.
appeal_dashboard_2026-08-25,Department,Ministry of Corporate Affairs,,2026-08-25,appeals_received,3449,count,https://pgportal.gov.in/darpgdashboard/AppealDetails,Official CPGRAMS department-wise appeal dashboard snapshot.
appeal_dashboard_2026-08-25,Department,Ministry of Corporate Affairs,,2026-08-25,appeals_disposed,2986,count,https://pgportal.gov.in/darpgdashboard/AppealDetails,Official CPGRAMS department-wise appeal dashboard snapshot.
appeal_dashboard_2026-08-25,Department,Ministry of Corporate Affairs,,2026-08-25,appeals_percent_disposed,86.58,percent,https://pgportal.gov.in/darpgdashboard/AppealDetails,Official CPGRAMS department-wise appeal dashboard snapshot.
appeal_dashboard_2026-08-25,Department,Ministry of Corporate Affairs,,2026-08-25,appeals_pending,463,count,https://pgportal.gov.in/darpgdashboard/AppealDetails,Official CPGRAMS department-wise appeal dashboard snapshot.
appeal_dashboard_2026-08-25,Department,Ministry of Culture,,2026-08-25,appeals_received,596,count,https://pgportal.gov.in/darpgdashboard/AppealDetails,Official CPGRAMS department-wise appeal dashboard snapshot.
appeal_dashboard_2026-08-25,Department,Ministry of Culture,,2026-08-25,appeals_disposed,575,count,https://pgportal.gov.in/darpgdashboard/AppealDetails,Official CPGRAMS department-wise appeal dashboard snapshot.
appeal_dashboard_2026-08-25,Department,Ministry of Culture,,2026-08-25,appeals_percent_disposed,96.48,percent,https://pgportal.gov.in/darpgdashboard/AppealDetails,Official CPGRAMS department-wise appeal dashboard snapshot.
appeal_dashboard_2026-08-25,Department,Ministry of Culture,,2026-08-25,appeals_pending,21,count,https://pgportal.gov.in/darpgdashboard/AppealDetails,Official CPGRAMS department-wise appeal dashboard snapshot.
appeal_dashboard_2026-08-25,Department,Ministry of Development of North Eastern Region,,2026-08-25,appeals_received,12,count,https://pgportal.gov.in/darpgdashboard/AppealDetails,Official CPGRAMS department-wise appeal dashboard snapshot.
appeal_dashboard_2026-08-25,Department,Ministry of Development of North Eastern Region,,2026-08-25,appeals_disposed,12,count,https://pgportal.gov.in/darpgdashboard/AppealDetails,Official CPGRAMS department-wise appeal dashboard snapshot.
appeal_dashboard_2026-08-25,Department,Ministry of Development of North Eastern Region,,2026-08-25,appeals_percent_disposed,100.0,percent,https://pgportal.gov.in/darpgdashboard/AppealDetails,Official CPGRAMS department-wise appeal dashboard snapshot.
appeal_dashboard_2026-08-25,Department,Ministry of Development of North Eastern Region,,2026-08-25,appeals_pending,0,count,https://pgportal.gov.in/darpgdashboard/AppealDetails,Official CPGRAMS department-wise appeal dashboard snapshot.
appeal_dashboard_2026-08-25,Department,Ministry of Drinking Water and Sanitation,,2026-08-25,appeals_received,2273,count,https://pgportal.gov.in/darpgdashboard/AppealDetails,Official CPGRAMS department-wise appeal dashboard snapshot.
appeal_dashboard_2026-08-25,Department,Ministry of Drinking Water and Sanitation,,2026-08-25,appeals_disposed,2239,count,https://pgportal.gov.in/darpgdashboard/AppealDetails,Official CPGRAMS department-wise appeal dashboard snapshot.
appeal_dashboard_2026-08-25,Department,Ministry of Drinking Water and Sanitation,,2026-08-25,appeals_percent_disposed,98.5,percent,https://pgportal.gov.in/darpgdashboard/AppealDetails,Official CPGRAMS department-wise appeal dashboard snapshot.
appeal_dashboard_2026-08-25,Department,Ministry of Drinking Water and Sanitation,,2026-08-25,appeals_pending,34,count,https://pgportal.gov.in/darpgdashboard/AppealDetails,Official CPGRAMS department-wise appeal dashboard snapshot.
appeal_dashboard_2026-08-25,Department,Ministry of Earth Sciences,,2026-08-25,appeals_received,19,count,https://pgportal.gov.in/darpgdashboard/AppealDetails,Official CPGRAMS department-wise appeal dashboard snapshot.
appeal_dashboard_2026-08-25,Department,Ministry of Earth Sciences,,2026-08-25,appeals_disposed,19,count,https://pgportal.gov.in/darpgdashboard/AppealDetails,Official CPGRAMS department-wise appeal dashboard snapshot.
appeal_dashboard_2026-08-25,Department,Ministry of Earth Sciences,,2026-08-25,appeals_percent_disposed,100.0,percent,https://pgportal.gov.in/darpgdashboard/AppealDetails,Official CPGRAMS department-wise appeal dashboard snapshot.
appeal_dashboard_2026-08-25,Department,Ministry of Earth Sciences,,2026-08-25,appeals_pending,0,count,https://pgportal.gov.in/darpgdashboard/AppealDetails,Official CPGRAMS department-wise appeal dashboard snapshot.
appeal_dashboard_2026-08-25,Department,Ministry of Electronics & Information Technology,,2026-08-25,appeals_received,1766,count,https://pgportal.gov.in/darpgdashboard/AppealDetails,Official CPGRAMS department-wise appeal dashboard snapshot.
appeal_dashboard_2026-08-25,Department,Ministry of Electronics & Information Technology,,2026-08-25,appeals_disposed,1638,count,https://pgportal.gov.in/darpgdashboard/AppealDetails,Official CPGRAMS department-wise appeal dashboard snapshot.
appeal_dashboard_2026-08-25,Department,Ministry of Electronics & Information Technology,,2026-08-25,appeals_percent_disposed,92.75,percent,https://pgportal.gov.in/darpgdashboard/AppealDetails,Official CPGRAMS department-wise appeal dashboard snapshot.
appeal_dashboard_2026-08-25,Department,Ministry of Electronics & Information Technology,,2026-08-25,appeals_pending,128,count,https://pgportal.gov.in/darpgdashboard/AppealDetails,Official CPGRAMS department-wise appeal dashboard snapshot.
appeal_dashboard_2026-08-25,Department,"Ministry of Environment, Forest and Climate Change",,2026-08-25,appeals_received,997,count,https://pgportal.gov.in/darpgdashboard/AppealDetails,Official CPGRAMS department-wise appeal dashboard snapshot.
appeal_dashboard_2026-08-25,Department,"Ministry of Environment, Forest and Climate Change",,2026-08-25,appeals_disposed,946,count,https://pgportal.gov.in/darpgdashboard/AppealDetails,Official CPGRAMS department-wise appeal dashboard snapshot.
appeal_dashboard_2026-08-25,Department,"Ministry of Environment, Forest and Climate Change",,2026-08-25,appeals_percent_disposed,94.88,percent,https://pgportal.gov.in/darpgdashboard/AppealDetails,Official CPGRAMS department-wise appeal dashboard snapshot.
appeal_dashboard_2026-08-25,Department,"Ministry of Environment, Forest and Climate Change",,2026-08-25,appeals_pending,51,count,https://pgportal.gov.in/darpgdashboard/AppealDetails,Official CPGRAMS department-wise appeal dashboard snapshot.
appeal_dashboard_2026-08-25,Department,Ministry of External Affairs,,2026-08-25,appeals_received,3474,count,https://pgportal.gov.in/darpgdashboard/AppealDetails,Official CPGRAMS department-wise appeal dashboard snapshot.
appeal_dashboard_2026-08-25,Department,Ministry of External Affairs,,2026-08-25,appeals_disposed,3153,count,https://pgportal.gov.in/darpgdashboard/AppealDetails,Official CPGRAMS department-wise appeal dashboard snapshot.
appeal_dashboard_2026-08-25,Department,Ministry of External Affairs,,2026-08-25,appeals_percent_disposed,90.76,percent,https://pgportal.gov.in/darpgdashboard/AppealDetails,Official CPGRAMS department-wise appeal dashboard snapshot.
appeal_dashboard_2026-08-25,Department,Ministry of External Affairs,,2026-08-25,appeals_pending,321,count,https://pgportal.gov.in/darpgdashboard/AppealDetails,Official CPGRAMS department-wise appeal dashboard snapshot.
appeal_dashboard_2026-08-25,Department,Ministry of Food Processing Industries,,2026-08-25,appeals_received,29,count,https://pgportal.gov.in/darpgdashboard/AppealDetails,Official CPGRAMS department-wise appeal dashboard snapshot.
appeal_dashboard_2026-08-25,Department,Ministry of Food Processing Industries,,2026-08-25,appeals_disposed,26,count,https://pgportal.gov.in/darpgdashboard/AppealDetails,Official CPGRAMS department-wise appeal dashboard snapshot.
appeal_dashboard_2026-08-25,Department,Ministry of Food Processing Industries,,2026-08-25,appeals_percent_disposed,89.66,percent,https://pgportal.gov.in/darpgdashboard/AppealDetails,Official CPGRAMS department-wise appeal dashboard snapshot.
appeal_dashboard_2026-08-25,Department,Ministry of Food Processing Industries,,2026-08-25,appeals_pending,3,count,https://pgportal.gov.in/darpgdashboard/AppealDetails,Official CPGRAMS department-wise appeal dashboard snapshot.
appeal_dashboard_2026-08-25,Department,Ministry of Heavy Industries,,2026-08-25,appeals_received,217,count,https://pgportal.gov.in/darpgdashboard/AppealDetails,Official CPGRAMS department-wise appeal dashboard snapshot.
appeal_dashboard_2026-08-25,Department,Ministry of Heavy Industries,,2026-08-25,appeals_disposed,207,count,https://pgportal.gov.in/darpgdashboard/AppealDetails,Official CPGRAMS department-wise appeal dashboard snapshot.
appeal_dashboard_2026-08-25,Department,Ministry of Heavy Industries,,2026-08-25,appeals_percent_disposed,95.39,percent,https://pgportal.gov.in/darpgdashboard/AppealDetails,Official CPGRAMS department-wise appeal dashboard snapshot.
appeal_dashboard_2026-08-25,Department,Ministry of Heavy Industries,,2026-08-25,appeals_pending,10,count,https://pgportal.gov.in/darpgdashboard/AppealDetails,Official CPGRAMS department-wise appeal dashboard snapshot.
appeal_dashboard_2026-08-25,Department,Ministry of Home Affairs,,2026-08-25,appeals_received,8002,count,https://pgportal.gov.in/darpgdashboard/AppealDetails,Official CPGRAMS department-wise appeal dashboard snapshot.
appeal_dashboard_2026-08-25,Department,Ministry of Home Affairs,,2026-08-25,appeals_disposed,7660,count,https://pgportal.gov.in/darpgdashboard/AppealDetails,Official CPGRAMS department-wise appeal dashboard snapshot.
appeal_dashboard_2026-08-25,Department,Ministry of Home Affairs,,2026-08-25,appeals_percent_disposed,95.73,percent,https://pgportal.gov.in/darpgdashboard/AppealDetails,Official CPGRAMS department-wise appeal dashboard snapshot.
appeal_dashboard_2026-08-25,Department,Ministry of Home Affairs,,2026-08-25,appeals_pending,342,count,https://pgportal.gov.in/darpgdashboard/AppealDetails,Official CPGRAMS department-wise appeal dashboard snapshot.
appeal_dashboard_2026-08-25,Department,Ministry of Housing and Urban Affairs,,2026-08-25,appeals_received,3646,count,https://pgportal.gov.in/darpgdashboard/AppealDetails,Official CPGRAMS department-wise appeal dashboard snapshot.
appeal_dashboard_2026-08-25,Department,Ministry of Housing and Urban Affairs,,2026-08-25,appeals_disposed,3234,count,https://pgportal.gov.in/darpgdashboard/AppealDetails,Official CPGRAMS department-wise appeal dashboard snapshot.
appeal_dashboard_2026-08-25,Department,Ministry of Housing and Urban Affairs,,2026-08-25,appeals_percent_disposed,88.7,percent,https://pgportal.gov.in/darpgdashboard/AppealDetails,Official CPGRAMS department-wise appeal dashboard snapshot.
appeal_dashboard_2026-08-25,Department,Ministry of Housing and Urban Affairs,,2026-08-25,appeals_pending,412,count,https://pgportal.gov.in/darpgdashboard/AppealDetails,Official CPGRAMS department-wise appeal dashboard snapshot.
appeal_dashboard_2026-08-25,Department,Ministry of Information and Broadcasting,,2026-08-25,appeals_received,609,count,https://pgportal.gov.in/darpgdashboard/AppealDetails,Official CPGRAMS department-wise appeal dashboard snapshot.
appeal_dashboard_2026-08-25,Department,Ministry of Information and Broadcasting,,2026-08-25,appeals_disposed,581,count,https://pgportal.gov.in/darpgdashboard/AppealDetails,Official CPGRAMS department-wise appeal dashboard snapshot.
appeal_dashboard_2026-08-25,Department,Ministry of Information and Broadcasting,,2026-08-25,appeals_percent_disposed,95.4,percent,https://pgportal.gov.in/darpgdashboard/AppealDetails,Official CPGRAMS department-wise appeal dashboard snapshot.
appeal_dashboard_2026-08-25,Department,Ministry of Information and Broadcasting,,2026-08-25,appeals_pending,28,count,https://pgportal.gov.in/darpgdashboard/AppealDetails,Official CPGRAMS department-wise appeal dashboard snapshot.
appeal_dashboard_2026-08-25,Department,Ministry of Labour and Employment,,2026-08-25,appeals_received,52829,count,https://pgportal.gov.in/darpgdashboard/AppealDetails,Official CPGRAMS department-wise appeal dashboard snapshot.
appeal_dashboard_2026-08-25,Department,Ministry of Labour and Employment,,2026-08-25,appeals_disposed,50259,count,https://pgportal.gov.in/darpgdashboard/AppealDetails,Official CPGRAMS department-wise appeal dashboard snapshot.
appeal_dashboard_2026-08-25,Department,Ministry of Labour and Employment,,2026-08-25,appeals_percent_disposed,95.14,percent,https://pgportal.gov.in/darpgdashboard/AppealDetails,Official CPGRAMS department-wise appeal dashboard snapshot.
appeal_dashboard_2026-08-25,Department,Ministry of Labour and Employment,,2026-08-25,appeals_pending,2570,count,https://pgportal.gov.in/darpgdashboard/AppealDetails,Official CPGRAMS department-wise appeal dashboard snapshot.
appeal_dashboard_2026-08-25,Department,Ministry of Micro Small and Medium Enterprises,,2026-08-25,appeals_received,3901,count,https://pgportal.gov.in/darpgdashboard/AppealDetails,Official CPGRAMS department-wise appeal dashboard snapshot.
appeal_dashboard_2026-08-25,Department,Ministry of Micro Small and Medium Enterprises,,2026-08-25,appeals_disposed,3706,count,https://pgportal.gov.in/darpgdashboard/AppealDetails,Official CPGRAMS department-wise appeal dashboard snapshot.
appeal_dashboard_2026-08-25,Department,Ministry of Micro Small and Medium Enterprises,,2026-08-25,appeals_percent_disposed,95.0,percent,https://pgportal.gov.in/darpgdashboard/AppealDetails,Official CPGRAMS department-wise appeal dashboard snapshot.
appeal_dashboard_2026-08-25,Department,Ministry of Micro Small and Medium Enterprises,,2026-08-25,appeals_pending,195,count,https://pgportal.gov.in/darpgdashboard/AppealDetails,Official CPGRAMS department-wise appeal dashboard snapshot.
appeal_dashboard_2026-08-25,Department,Ministry of Mines,,2026-08-25,appeals_received,98,count,https://pgportal.gov.in/darpgdashboard/AppealDetails,Official CPGRAMS department-wise appeal dashboard snapshot.
appeal_dashboard_2026-08-25,Department,Ministry of Mines,,2026-08-25,appeals_disposed,93,count,https://pgportal.gov.in/darpgdashboard/AppealDetails,Official CPGRAMS department-wise appeal dashboard snapshot.
appeal_dashboard_2026-08-25,Department,Ministry of Mines,,2026-08-25,appeals_percent_disposed,94.9,percent,https://pgportal.gov.in/darpgdashboard/AppealDetails,Official CPGRAMS department-wise appeal dashboard snapshot.
appeal_dashboard_2026-08-25,Department,Ministry of Mines,,2026-08-25,appeals_pending,5,count,https://pgportal.gov.in/darpgdashboard/AppealDetails,Official CPGRAMS department-wise appeal dashboard snapshot.
appeal_dashboard_2026-08-25,Department,Ministry of Minority Affairs,,2026-08-25,appeals_received,412,count,https://pgportal.gov.in/darpgdashboard/AppealDetails,Official CPGRAMS department-wise appeal dashboard snapshot.
appeal_dashboard_2026-08-25,Department,Ministry of Minority Affairs,,2026-08-25,appeals_disposed,382,count,https://pgportal.gov.in/darpgdashboard/AppealDetails,Official CPGRAMS department-wise appeal dashboard snapshot.
appeal_dashboard_2026-08-25,Department,Ministry of Minority Affairs,,2026-08-25,appeals_percent_disposed,92.72,percent,https://pgportal.gov.in/darpgdashboard/AppealDetails,Official CPGRAMS department-wise appeal dashboard snapshot.
appeal_dashboard_2026-08-25,Department,Ministry of Minority Affairs,,2026-08-25,appeals_pending,30,count,https://pgportal.gov.in/darpgdashboard/AppealDetails,Official CPGRAMS department-wise appeal dashboard snapshot.
appeal_dashboard_2026-08-25,Department,Ministry of New and Renewable Energy,,2026-08-25,appeals_received,302,count,https://pgportal.gov.in/darpgdashboard/AppealDetails,Official CPGRAMS department-wise appeal dashboard snapshot.
appeal_dashboard_2026-08-25,Department,Ministry of New and Renewable Energy,,2026-08-25,appeals_disposed,274,count,https://pgportal.gov.in/darpgdashboard/AppealDetails,Official CPGRAMS department-wise appeal dashboard snapshot.
appeal_dashboard_2026-08-25,Department,Ministry of New and Renewable Energy,,2026-08-25,appeals_percent_disposed,90.73,percent,https://pgportal.gov.in/darpgdashboard/AppealDetails,Official CPGRAMS department-wise appeal dashboard snapshot.
appeal_dashboard_2026-08-25,Department,Ministry of New and Renewable Energy,,2026-08-25,appeals_pending,28,count,https://pgportal.gov.in/darpgdashboard/AppealDetails,Official CPGRAMS department-wise appeal dashboard snapshot.
appeal_dashboard_2026-08-25,Department,Ministry of Panchayati Raj,,2026-08-25,appeals_received,3114,count,https://pgportal.gov.in/darpgdashboard/AppealDetails,Official CPGRAMS department-wise appeal dashboard snapshot.
appeal_dashboard_2026-08-25,Department,Ministry of Panchayati Raj,,2026-08-25,appeals_disposed,2891,count,https://pgportal.gov.in/darpgdashboard/AppealDetails,Official CPGRAMS department-wise appeal dashboard snapshot.
appeal_dashboard_2026-08-25,Department,Ministry of Panchayati Raj,,2026-08-25,appeals_percent_disposed,92.84,percent,https://pgportal.gov.in/darpgdashboard/AppealDetails,Official CPGRAMS department-wise appeal dashboard snapshot.
appeal_dashboard_2026-08-25,Department,Ministry of Panchayati Raj,,2026-08-25,appeals_pending,223,count,https://pgportal.gov.in/darpgdashboard/AppealDetails,Official CPGRAMS department-wise appeal dashboard snapshot.
appeal_dashboard_2026-08-25,Department,Ministry of Parliamentary Affairs,,2026-08-25,appeals_received,9,count,https://pgportal.gov.in/darpgdashboard/AppealDetails,Official CPGRAMS department-wise appeal dashboard snapshot.
appeal_dashboard_2026-08-25,Department,Ministry of Parliamentary Affairs,,2026-08-25,appeals_disposed,9,count,https://pgportal.gov.in/darpgdashboard/AppealDetails,Official CPGRAMS department-wise appeal dashboard snapshot.
appeal_dashboard_2026-08-25,Department,Ministry of Parliamentary Affairs,,2026-08-25,appeals_percent_disposed,100.0,percent,https://pgportal.gov.in/darpgdashboard/AppealDetails,Official CPGRAMS department-wise appeal dashboard snapshot.
appeal_dashboard_2026-08-25,Department,Ministry of Parliamentary Affairs,,2026-08-25,appeals_pending,0,count,https://pgportal.gov.in/darpgdashboard/AppealDetails,Official CPGRAMS department-wise appeal dashboard snapshot.
appeal_dashboard_2026-08-25,Department,Ministry of Petroleum and Natural Gas,,2026-08-25,appeals_received,6122,count,https://pgportal.gov.in/darpgdashboard/AppealDetails,Official CPGRAMS department-wise appeal dashboard snapshot.
appeal_dashboard_2026-08-25,Department,Ministry of Petroleum and Natural Gas,,2026-08-25,appeals_disposed,3048,count,https://pgportal.gov.in/darpgdashboard/AppealDetails,Official CPGRAMS department-wise appeal dashboard snapshot.
appeal_dashboard_2026-08-25,Department,Ministry of Petroleum and Natural Gas,,2026-08-25,appeals_percent_disposed,49.79,percent,https://pgportal.gov.in/darpgdashboard/AppealDetails,Official CPGRAMS department-wise appeal dashboard snapshot.
appeal_dashboard_2026-08-25,Department,Ministry of Petroleum and Natural Gas,,2026-08-25,appeals_pending,3074,count,https://pgportal.gov.in/darpgdashboard/AppealDetails,Official CPGRAMS department-wise appeal dashboard snapshot.
appeal_dashboard_2026-08-25,Department,Ministry of Power,,2026-08-25,appeals_received,227,count,https://pgportal.gov.in/darpgdashboard/AppealDetails,Official CPGRAMS department-wise appeal dashboard snapshot.
appeal_dashboard_2026-08-25,Department,Ministry of Power,,2026-08-25,appeals_disposed,213,count,https://pgportal.gov.in/darpgdashboard/AppealDetails,Official CPGRAMS department-wise appeal dashboard snapshot.
appeal_dashboard_2026-08-25,Department,Ministry of Power,,2026-08-25,appeals_percent_disposed,93.83,percent,https://pgportal.gov.in/darpgdashboard/AppealDetails,Official CPGRAMS department-wise appeal dashboard snapshot.
appeal_dashboard_2026-08-25,Department,Ministry of Power,,2026-08-25,appeals_pending,14,count,https://pgportal.gov.in/darpgdashboard/AppealDetails,Official CPGRAMS department-wise appeal dashboard snapshot.
appeal_dashboard_2026-08-25,Department,Ministry of Railways ( Railway Board),,2026-08-25,appeals_received,11995,count,https://pgportal.gov.in/darpgdashboard/AppealDetails,Official CPGRAMS department-wise appeal dashboard snapshot.
appeal_dashboard_2026-08-25,Department,Ministry of Railways ( Railway Board),,2026-08-25,appeals_disposed,11060,count,https://pgportal.gov.in/darpgdashboard/AppealDetails,Official CPGRAMS department-wise appeal dashboard snapshot.
appeal_dashboard_2026-08-25,Department,Ministry of Railways ( Railway Board),,2026-08-25,appeals_percent_disposed,92.21,percent,https://pgportal.gov.in/darpgdashboard/AppealDetails,Official CPGRAMS department-wise appeal dashboard snapshot.
appeal_dashboard_2026-08-25,Department,Ministry of Railways ( Railway Board),,2026-08-25,appeals_pending,935,count,https://pgportal.gov.in/darpgdashboard/AppealDetails,Official CPGRAMS department-wise appeal dashboard snapshot.
appeal_dashboard_2026-08-25,Department,Ministry of Road Transport and Highways,,2026-08-25,appeals_received,5087,count,https://pgportal.gov.in/darpgdashboard/AppealDetails,Official CPGRAMS department-wise appeal dashboard snapshot.
appeal_dashboard_2026-08-25,Department,Ministry of Road Transport and Highways,,2026-08-25,appeals_disposed,4867,count,https://pgportal.gov.in/darpgdashboard/AppealDetails,Official CPGRAMS department-wise appeal dashboard snapshot.
appeal_dashboard_2026-08-25,Department,Ministry of Road Transport and Highways,,2026-08-25,appeals_percent_disposed,95.68,percent,https://pgportal.gov.in/darpgdashboard/AppealDetails,Official CPGRAMS department-wise appeal dashboard snapshot.
appeal_dashboard_2026-08-25,Department,Ministry of Road Transport and Highways,,2026-08-25,appeals_pending,220,count,https://pgportal.gov.in/darpgdashboard/AppealDetails,Official CPGRAMS department-wise appeal dashboard snapshot.
appeal_dashboard_2026-08-25,Department,Ministry of Shipping,,2026-08-25,appeals_received,217,count,https://pgportal.gov.in/darpgdashboard/AppealDetails,Official CPGRAMS department-wise appeal dashboard snapshot.
appeal_dashboard_2026-08-25,Department,Ministry of Shipping,,2026-08-25,appeals_disposed,209,count,https://pgportal.gov.in/darpgdashboard/AppealDetails,Official CPGRAMS department-wise appeal dashboard snapshot.
appeal_dashboard_2026-08-25,Department,Ministry of Shipping,,2026-08-25,appeals_percent_disposed,96.31,percent,https://pgportal.gov.in/darpgdashboard/AppealDetails,Official CPGRAMS department-wise appeal dashboard snapshot.
appeal_dashboard_2026-08-25,Department,Ministry of Shipping,,2026-08-25,appeals_pending,8,count,https://pgportal.gov.in/darpgdashboard/AppealDetails,Official CPGRAMS department-wise appeal dashboard snapshot.
appeal_dashboard_2026-08-25,Department,Ministry of Skill Development and Entrepreneurship,,2026-08-25,appeals_received,266,count,https://pgportal.gov.in/darpgdashboard/AppealDetails,Official CPGRAMS department-wise appeal dashboard snapshot.
appeal_dashboard_2026-08-25,Department,Ministry of Skill Development and Entrepreneurship,,2026-08-25,appeals_disposed,199,count,https://pgportal.gov.in/darpgdashboard/AppealDetails,Official CPGRAMS department-wise appeal dashboard snapshot.
appeal_dashboard_2026-08-25,Department,Ministry of Skill Development and Entrepreneurship,,2026-08-25,appeals_percent_disposed,74.81,percent,https://pgportal.gov.in/darpgdashboard/AppealDetails,Official CPGRAMS department-wise appeal dashboard snapshot.
appeal_dashboard_2026-08-25,Department,Ministry of Skill Development and Entrepreneurship,,2026-08-25,appeals_pending,67,count,https://pgportal.gov.in/darpgdashboard/AppealDetails,Official CPGRAMS department-wise appeal dashboard snapshot.
appeal_dashboard_2026-08-25,Department,Ministry of Statistics and Programme Implementation,,2026-08-25,appeals_received,71,count,https://pgportal.gov.in/darpgdashboard/AppealDetails,Official CPGRAMS department-wise appeal dashboard snapshot.
appeal_dashboard_2026-08-25,Department,Ministry of Statistics and Programme Implementation,,2026-08-25,appeals_disposed,64,count,https://pgportal.gov.in/darpgdashboard/AppealDetails,Official CPGRAMS department-wise appeal dashboard snapshot.
appeal_dashboard_2026-08-25,Department,Ministry of Statistics and Programme Implementation,,2026-08-25,appeals_percent_disposed,90.14,percent,https://pgportal.gov.in/darpgdashboard/AppealDetails,Official CPGRAMS department-wise appeal dashboard snapshot.
appeal_dashboard_2026-08-25,Department,Ministry of Statistics and Programme Implementation,,2026-08-25,appeals_pending,7,count,https://pgportal.gov.in/darpgdashboard/AppealDetails,Official CPGRAMS department-wise appeal dashboard snapshot.
appeal_dashboard_2026-08-25,Department,Ministry of Steel,,2026-08-25,appeals_received,144,count,https://pgportal.gov.in/darpgdashboard/AppealDetails,Official CPGRAMS department-wise appeal dashboard snapshot.
appeal_dashboard_2026-08-25,Department,Ministry of Steel,,2026-08-25,appeals_disposed,136,count,https://pgportal.gov.in/darpgdashboard/AppealDetails,Official CPGRAMS department-wise appeal dashboard snapshot.
appeal_dashboard_2026-08-25,Department,Ministry of Steel,,2026-08-25,appeals_percent_disposed,94.44,percent,https://pgportal.gov.in/darpgdashboard/AppealDetails,Official CPGRAMS department-wise appeal dashboard snapshot.
appeal_dashboard_2026-08-25,Department,Ministry of Steel,,2026-08-25,appeals_pending,8,count,https://pgportal.gov.in/darpgdashboard/AppealDetails,Official CPGRAMS department-wise appeal dashboard snapshot.
appeal_dashboard_2026-08-25,Department,Ministry of Textiles,,2026-08-25,appeals_received,115,count,https://pgportal.gov.in/darpgdashboard/AppealDetails,Official CPGRAMS department-wise appeal dashboard snapshot.
appeal_dashboard_2026-08-25,Department,Ministry of Textiles,,2026-08-25,appeals_disposed,113,count,https://pgportal.gov.in/darpgdashboard/AppealDetails,Official CPGRAMS department-wise appeal dashboard snapshot.
appeal_dashboard_2026-08-25,Department,Ministry of Textiles,,2026-08-25,appeals_percent_disposed,98.26,percent,https://pgportal.gov.in/darpgdashboard/AppealDetails,Official CPGRAMS department-wise appeal dashboard snapshot.
appeal_dashboard_2026-08-25,Department,Ministry of Textiles,,2026-08-25,appeals_pending,2,count,https://pgportal.gov.in/darpgdashboard/AppealDetails,Official CPGRAMS department-wise appeal dashboard snapshot.
appeal_dashboard_2026-08-25,Department,Ministry of Tourism,,2026-08-25,appeals_received,293,count,https://pgportal.gov.in/darpgdashboard/AppealDetails,Official CPGRAMS department-wise appeal dashboard snapshot.
appeal_dashboard_2026-08-25,Department,Ministry of Tourism,,2026-08-25,appeals_disposed,288,count,https://pgportal.gov.in/darpgdashboard/AppealDetails,Official CPGRAMS department-wise appeal dashboard snapshot.
appeal_dashboard_2026-08-25,Department,Ministry of Tourism,,2026-08-25,appeals_percent_disposed,98.29,percent,https://pgportal.gov.in/darpgdashboard/AppealDetails,Official CPGRAMS department-wise appeal dashboard snapshot.
appeal_dashboard_2026-08-25,Department,Ministry of Tourism,,2026-08-25,appeals_pending,5,count,https://pgportal.gov.in/darpgdashboard/AppealDetails,Official CPGRAMS department-wise appeal dashboard snapshot.
appeal_dashboard_2026-08-25,Department,Ministry of Tribal Affairs,,2026-08-25,appeals_received,251,count,https://pgportal.gov.in/darpgdashboard/AppealDetails,Official CPGRAMS department-wise appeal dashboard snapshot.
appeal_dashboard_2026-08-25,Department,Ministry of Tribal Affairs,,2026-08-25,appeals_disposed,248,count,https://pgportal.gov.in/darpgdashboard/AppealDetails,Official CPGRAMS department-wise appeal dashboard snapshot.
appeal_dashboard_2026-08-25,Department,Ministry of Tribal Affairs,,2026-08-25,appeals_percent_disposed,98.8,percent,https://pgportal.gov.in/darpgdashboard/AppealDetails,Official CPGRAMS department-wise appeal dashboard snapshot.
appeal_dashboard_2026-08-25,Department,Ministry of Tribal Affairs,,2026-08-25,appeals_pending,3,count,https://pgportal.gov.in/darpgdashboard/AppealDetails,Official CPGRAMS department-wise appeal dashboard snapshot.
appeal_dashboard_2026-08-25,Department,"Ministry of Water Resources, River Development & Ganga Rejuvenation",,2026-08-25,appeals_received,290,count,https://pgportal.gov.in/darpgdashboard/AppealDetails,Official CPGRAMS department-wise appeal dashboard snapshot.
appeal_dashboard_2026-08-25,Department,"Ministry of Water Resources, River Development & Ganga Rejuvenation",,2026-08-25,appeals_disposed,260,count,https://pgportal.gov.in/darpgdashboard/AppealDetails,Official CPGRAMS department-wise appeal dashboard snapshot.
appeal_dashboard_2026-08-25,Department,"Ministry of Water Resources, River Development & Ganga Rejuvenation",,2026-08-25,appeals_percent_disposed,89.66,percent,https://pgportal.gov.in/darpgdashboard/AppealDetails,Official CPGRAMS department-wise appeal dashboard snapshot.
appeal_dashboard_2026-08-25,Department,"Ministry of Water Resources, River Development & Ganga Rejuvenation",,2026-08-25,appeals_pending,30,count,https://pgportal.gov.in/darpgdashboard/AppealDetails,Official CPGRAMS department-wise appeal dashboard snapshot.
appeal_dashboard_2026-08-25,Department,Ministry of Women and Child Development,,2026-08-25,appeals_received,1420,count,https://pgportal.gov.in/darpgdashboard/AppealDetails,Official CPGRAMS department-wise appeal dashboard snapshot.
appeal_dashboard_2026-08-25,Department,Ministry of Women and Child Development,,2026-08-25,appeals_disposed,1397,count,https://pgportal.gov.in/darpgdashboard/AppealDetails,Official CPGRAMS department-wise appeal dashboard snapshot.
appeal_dashboard_2026-08-25,Department,Ministry of Women and Child Development,,2026-08-25,appeals_percent_disposed,98.38,percent,https://pgportal.gov.in/darpgdashboard/AppealDetails,Official CPGRAMS department-wise appeal dashboard snapshot.
appeal_dashboard_2026-08-25,Department,Ministry of Women and Child Development,,2026-08-25,appeals_pending,23,count,https://pgportal.gov.in/darpgdashboard/AppealDetails,Official CPGRAMS department-wise appeal dashboard snapshot.
appeal_dashboard_2026-08-25,Department,NITI Aayog,,2026-08-25,appeals_received,30,count,https://pgportal.gov.in/darpgdashboard/AppealDetails,Official CPGRAMS department-wise appeal dashboard snapshot.
appeal_dashboard_2026-08-25,Department,NITI Aayog,,2026-08-25,appeals_disposed,30,count,https://pgportal.gov.in/darpgdashboard/AppealDetails,Official CPGRAMS department-wise appeal dashboard snapshot.
appeal_dashboard_2026-08-25,Department,NITI Aayog,,2026-08-25,appeals_percent_disposed,100.0,percent,https://pgportal.gov.in/darpgdashboard/AppealDetails,Official CPGRAMS department-wise appeal dashboard snapshot.
appeal_dashboard_2026-08-25,Department,NITI Aayog,,2026-08-25,appeals_pending,0,count,https://pgportal.gov.in/darpgdashboard/AppealDetails,Official CPGRAMS department-wise appeal dashboard snapshot.
appeal_dashboard_2026-08-25,Department,O/o the Comptroller & Auditor General of India,,2026-08-25,appeals_received,162,count,https://pgportal.gov.in/darpgdashboard/AppealDetails,Official CPGRAMS department-wise appeal dashboard snapshot.
appeal_dashboard_2026-08-25,Department,O/o the Comptroller & Auditor General of India,,2026-08-25,appeals_disposed,150,count,https://pgportal.gov.in/darpgdashboard/AppealDetails,Official CPGRAMS department-wise appeal dashboard snapshot.
appeal_dashboard_2026-08-25,Department,O/o the Comptroller & Auditor General of India,,2026-08-25,appeals_percent_disposed,92.59,percent,https://pgportal.gov.in/darpgdashboard/AppealDetails,Official CPGRAMS department-wise appeal dashboard snapshot.
appeal_dashboard_2026-08-25,Department,O/o the Comptroller & Auditor General of India,,2026-08-25,appeals_pending,12,count,https://pgportal.gov.in/darpgdashboard/AppealDetails,Official CPGRAMS department-wise appeal dashboard snapshot.
appeal_dashboard_2026-08-25,Department,Securities and Exchange Board of India,,2026-08-25,appeals_received,633,count,https://pgportal.gov.in/darpgdashboard/AppealDetails,Official CPGRAMS department-wise appeal dashboard snapshot.
appeal_dashboard_2026-08-25,Department,Securities and Exchange Board of India,,2026-08-25,appeals_disposed,413,count,https://pgportal.gov.in/darpgdashboard/AppealDetails,Official CPGRAMS department-wise appeal dashboard snapshot.
appeal_dashboard_2026-08-25,Department,Securities and Exchange Board of India,,2026-08-25,appeals_percent_disposed,65.24,percent,https://pgportal.gov.in/darpgdashboard/AppealDetails,Official CPGRAMS department-wise appeal dashboard snapshot.
appeal_dashboard_2026-08-25,Department,Securities and Exchange Board of India,,2026-08-25,appeals_pending,220,count,https://pgportal.gov.in/darpgdashboard/AppealDetails,Official CPGRAMS department-wise appeal dashboard snapshot.
appeal_dashboard_2026-08-25,Department,Staff Selection Commission,,2026-08-25,appeals_received,735,count,https://pgportal.gov.in/darpgdashboard/AppealDetails,Official CPGRAMS department-wise appeal dashboard snapshot.
appeal_dashboard_2026-08-25,Department,Staff Selection Commission,,2026-08-25,appeals_disposed,673,count,https://pgportal.gov.in/darpgdashboard/AppealDetails,Official CPGRAMS department-wise appeal dashboard snapshot.
appeal_dashboard_2026-08-25,Department,Staff Selection Commission,,2026-08-25,appeals_percent_disposed,91.56,percent,https://pgportal.gov.in/darpgdashboard/AppealDetails,Official CPGRAMS department-wise appeal dashboard snapshot.
appeal_dashboard_2026-08-25,Department,Staff Selection Commission,,2026-08-25,appeals_pending,62,count,https://pgportal.gov.in/darpgdashboard/AppealDetails,Official CPGRAMS department-wise appeal dashboard snapshot.
appeal_dashboard_2026-08-25,Department,Unique Identification Authority of India,,2026-08-25,appeals_received,7694,count,https://pgportal.gov.in/darpgdashboard/AppealDetails,Official CPGRAMS department-wise appeal dashboard snapshot.
appeal_dashboard_2026-08-25,Department,Unique Identification Authority of India,,2026-08-25,appeals_disposed,7438,count,https://pgportal.gov.in/darpgdashboard/AppealDetails,Official CPGRAMS department-wise appeal dashboard snapshot.
appeal_dashboard_2026-08-25,Department,Unique Identification Authority of India,,2026-08-25,appeals_percent_disposed,96.67,percent,https://pgportal.gov.in/darpgdashboard/AppealDetails,Official CPGRAMS department-wise appeal dashboard snapshot.
appeal_dashboard_2026-08-25,Department,Unique Identification Authority of India,,2026-08-25,appeals_pending,256,count,https://pgportal.gov.in/darpgdashboard/AppealDetails,Official CPGRAMS department-wise appeal dashboard snapshot.
department_history_2016_2026-02-28,Department,Central Board of Direct Taxes (Income Tax),2016-01-01,2026-02-28,brought_forward,8135,count,https://www.pib.gov.in/PressReleasePage.aspx?PRID=2247914&lang=1&reg=1,PIB / Lok Sabha annexure: Ministry/Department-wise CPGRAMS statistics.
department_history_2016_2026-02-28,Department,Central Board of Direct Taxes (Income Tax),2016-01-01,2026-02-28,receipts,510278,count,https://www.pib.gov.in/PressReleasePage.aspx?PRID=2247914&lang=1&reg=1,PIB / Lok Sabha annexure: Ministry/Department-wise CPGRAMS statistics.
department_history_2016_2026-02-28,Department,Central Board of Direct Taxes (Income Tax),2016-01-01,2026-02-28,disposed,512330,count,https://www.pib.gov.in/PressReleasePage.aspx?PRID=2247914&lang=1&reg=1,PIB / Lok Sabha annexure: Ministry/Department-wise CPGRAMS statistics.
department_history_2016_2026-02-28,Department,Central Board of Direct Taxes (Income Tax),2016-01-01,2026-02-28,pending,6083,count,https://www.pib.gov.in/PressReleasePage.aspx?PRID=2247914&lang=1&reg=1,PIB / Lok Sabha annexure: Ministry/Department-wise CPGRAMS statistics.
department_history_2016_2026-02-28,Department,Central Board of Indirect Taxes and Customs,2016-01-01,2026-02-28,brought_forward,940,count,https://www.pib.gov.in/PressReleasePage.aspx?PRID=2247914&lang=1&reg=1,PIB / Lok Sabha annexure: Ministry/Department-wise CPGRAMS statistics.
department_history_2016_2026-02-28,Department,Central Board of Indirect Taxes and Customs,2016-01-01,2026-02-28,receipts,155166,count,https://www.pib.gov.in/PressReleasePage.aspx?PRID=2247914&lang=1&reg=1,PIB / Lok Sabha annexure: Ministry/Department-wise CPGRAMS statistics.
department_history_2016_2026-02-28,Department,Central Board of Indirect Taxes and Customs,2016-01-01,2026-02-28,disposed,155900,count,https://www.pib.gov.in/PressReleasePage.aspx?PRID=2247914&lang=1&reg=1,PIB / Lok Sabha annexure: Ministry/Department-wise CPGRAMS statistics.
department_history_2016_2026-02-28,Department,Central Board of Indirect Taxes and Customs,2016-01-01,2026-02-28,pending,206,count,https://www.pib.gov.in/PressReleasePage.aspx?PRID=2247914&lang=1&reg=1,PIB / Lok Sabha annexure: Ministry/Department-wise CPGRAMS statistics.
department_history_2016_2026-02-28,Department,Department for Promotion of Industry and Internal Trade,2016-01-01,2026-02-28,brought_forward,145,count,https://www.pib.gov.in/PressReleasePage.aspx?PRID=2247914&lang=1&reg=1,PIB / Lok Sabha annexure: Ministry/Department-wise CPGRAMS statistics.
department_history_2016_2026-02-28,Department,Department for Promotion of Industry and Internal Trade,2016-01-01,2026-02-28,receipts,23307,count,https://www.pib.gov.in/PressReleasePage.aspx?PRID=2247914&lang=1&reg=1,PIB / Lok Sabha annexure: Ministry/Department-wise CPGRAMS statistics.
department_history_2016_2026-02-28,Department,Department for Promotion of Industry and Internal Trade,2016-01-01,2026-02-28,disposed,23327,count,https://www.pib.gov.in/PressReleasePage.aspx?PRID=2247914&lang=1&reg=1,PIB / Lok Sabha annexure: Ministry/Department-wise CPGRAMS statistics.
department_history_2016_2026-02-28,Department,Department for Promotion of Industry and Internal Trade,2016-01-01,2026-02-28,pending,125,count,https://www.pib.gov.in/PressReleasePage.aspx?PRID=2247914&lang=1&reg=1,PIB / Lok Sabha annexure: Ministry/Department-wise CPGRAMS statistics.
department_history_2016_2026-02-28,Department,Department of Administrative Reforms and Public Grievances - PG Division,2016-01-01,2026-02-28,brought_forward,22,count,https://www.pib.gov.in/PressReleasePage.aspx?PRID=2247914&lang=1&reg=1,PIB / Lok Sabha annexure: Ministry/Department-wise CPGRAMS statistics.
department_history_2016_2026-02-28,Department,Department of Administrative Reforms and Public Grievances - PG Division,2016-01-01,2026-02-28,receipts,23910,count,https://www.pib.gov.in/PressReleasePage.aspx?PRID=2247914&lang=1&reg=1,PIB / Lok Sabha annexure: Ministry/Department-wise CPGRAMS statistics.
department_history_2016_2026-02-28,Department,Department of Administrative Reforms and Public Grievances - PG Division,2016-01-01,2026-02-28,disposed,23872,count,https://www.pib.gov.in/PressReleasePage.aspx?PRID=2247914&lang=1&reg=1,PIB / Lok Sabha annexure: Ministry/Department-wise CPGRAMS statistics.
department_history_2016_2026-02-28,Department,Department of Administrative Reforms and Public Grievances - PG Division,2016-01-01,2026-02-28,pending,60,count,https://www.pib.gov.in/PressReleasePage.aspx?PRID=2247914&lang=1&reg=1,PIB / Lok Sabha annexure: Ministry/Department-wise CPGRAMS statistics.
department_history_2016_2026-02-28,Department,Department of Agriculture and Farmers Welfare,2016-01-01,2026-02-28,brought_forward,1149,count,https://www.pib.gov.in/PressReleasePage.aspx?PRID=2247914&lang=1&reg=1,PIB / Lok Sabha annexure: Ministry/Department-wise CPGRAMS statistics.
department_history_2016_2026-02-28,Department,Department of Agriculture and Farmers Welfare,2016-01-01,2026-02-28,receipts,469979,count,https://www.pib.gov.in/PressReleasePage.aspx?PRID=2247914&lang=1&reg=1,PIB / Lok Sabha annexure: Ministry/Department-wise CPGRAMS statistics.
department_history_2016_2026-02-28,Department,Department of Agriculture and Farmers Welfare,2016-01-01,2026-02-28,disposed,468008,count,https://www.pib.gov.in/PressReleasePage.aspx?PRID=2247914&lang=1&reg=1,PIB / Lok Sabha annexure: Ministry/Department-wise CPGRAMS statistics.
department_history_2016_2026-02-28,Department,Department of Agriculture and Farmers Welfare,2016-01-01,2026-02-28,pending,3120,count,https://www.pib.gov.in/PressReleasePage.aspx?PRID=2247914&lang=1&reg=1,PIB / Lok Sabha annexure: Ministry/Department-wise CPGRAMS statistics.
department_history_2016_2026-02-28,Department,Department of Agriculture Research and Education,2016-01-01,2026-02-28,brought_forward,580,count,https://www.pib.gov.in/PressReleasePage.aspx?PRID=2247914&lang=1&reg=1,PIB / Lok Sabha annexure: Ministry/Department-wise CPGRAMS statistics.
department_history_2016_2026-02-28,Department,Department of Agriculture Research and Education,2016-01-01,2026-02-28,receipts,18956,count,https://www.pib.gov.in/PressReleasePage.aspx?PRID=2247914&lang=1&reg=1,PIB / Lok Sabha annexure: Ministry/Department-wise CPGRAMS statistics.
department_history_2016_2026-02-28,Department,Department of Agriculture Research and Education,2016-01-01,2026-02-28,disposed,19445,count,https://www.pib.gov.in/PressReleasePage.aspx?PRID=2247914&lang=1&reg=1,PIB / Lok Sabha annexure: Ministry/Department-wise CPGRAMS statistics.
department_history_2016_2026-02-28,Department,Department of Agriculture Research and Education,2016-01-01,2026-02-28,pending,91,count,https://www.pib.gov.in/PressReleasePage.aspx?PRID=2247914&lang=1&reg=1,PIB / Lok Sabha annexure: Ministry/Department-wise CPGRAMS statistics.
department_history_2016_2026-02-28,Department,"Department of Animal Husbandry, Dairying",2016-01-01,2026-02-28,brought_forward,264,count,https://www.pib.gov.in/PressReleasePage.aspx?PRID=2247914&lang=1&reg=1,PIB / Lok Sabha annexure: Ministry/Department-wise CPGRAMS statistics.
department_history_2016_2026-02-28,Department,"Department of Animal Husbandry, Dairying",2016-01-01,2026-02-28,receipts,17644,count,https://www.pib.gov.in/PressReleasePage.aspx?PRID=2247914&lang=1&reg=1,PIB / Lok Sabha annexure: Ministry/Department-wise CPGRAMS statistics.
department_history_2016_2026-02-28,Department,"Department of Animal Husbandry, Dairying",2016-01-01,2026-02-28,disposed,17814,count,https://www.pib.gov.in/PressReleasePage.aspx?PRID=2247914&lang=1&reg=1,PIB / Lok Sabha annexure: Ministry/Department-wise CPGRAMS statistics.
department_history_2016_2026-02-28,Department,"Department of Animal Husbandry, Dairying",2016-01-01,2026-02-28,pending,94,count,https://www.pib.gov.in/PressReleasePage.aspx?PRID=2247914&lang=1&reg=1,PIB / Lok Sabha annexure: Ministry/Department-wise CPGRAMS statistics.
department_history_2016_2026-02-28,Department,Department of Atomic Energy,2016-01-01,2026-02-28,brought_forward,219,count,https://www.pib.gov.in/PressReleasePage.aspx?PRID=2247914&lang=1&reg=1,PIB / Lok Sabha annexure: Ministry/Department-wise CPGRAMS statistics.
department_history_2016_2026-02-28,Department,Department of Atomic Energy,2016-01-01,2026-02-28,receipts,15695,count,https://www.pib.gov.in/PressReleasePage.aspx?PRID=2247914&lang=1&reg=1,PIB / Lok Sabha annexure: Ministry/Department-wise CPGRAMS statistics.
department_history_2016_2026-02-28,Department,Department of Atomic Energy,2016-01-01,2026-02-28,disposed,15856,count,https://www.pib.gov.in/PressReleasePage.aspx?PRID=2247914&lang=1&reg=1,PIB / Lok Sabha annexure: Ministry/Department-wise CPGRAMS statistics.
department_history_2016_2026-02-28,Department,Department of Atomic Energy,2016-01-01,2026-02-28,pending,58,count,https://www.pib.gov.in/PressReleasePage.aspx?PRID=2247914&lang=1&reg=1,PIB / Lok Sabha annexure: Ministry/Department-wise CPGRAMS statistics.
department_history_2016_2026-02-28,Department,Department of Bio Technology,2016-01-01,2026-02-28,brought_forward,177,count,https://www.pib.gov.in/PressReleasePage.aspx?PRID=2247914&lang=1&reg=1,PIB / Lok Sabha annexure: Ministry/Department-wise CPGRAMS statistics.
department_history_2016_2026-02-28,Department,Department of Bio Technology,2016-01-01,2026-02-28,receipts,3549,count,https://www.pib.gov.in/PressReleasePage.aspx?PRID=2247914&lang=1&reg=1,PIB / Lok Sabha annexure: Ministry/Department-wise CPGRAMS statistics.
department_history_2016_2026-02-28,Department,Department of Bio Technology,2016-01-01,2026-02-28,disposed,3717,count,https://www.pib.gov.in/PressReleasePage.aspx?PRID=2247914&lang=1&reg=1,PIB / Lok Sabha annexure: Ministry/Department-wise CPGRAMS statistics.
department_history_2016_2026-02-28,Department,Department of Bio Technology,2016-01-01,2026-02-28,pending,9,count,https://www.pib.gov.in/PressReleasePage.aspx?PRID=2247914&lang=1&reg=1,PIB / Lok Sabha annexure: Ministry/Department-wise CPGRAMS statistics.
department_history_2016_2026-02-28,Department,Department of Chemicals and Petrochemicals,2016-01-01,2026-02-28,brought_forward,38,count,https://www.pib.gov.in/PressReleasePage.aspx?PRID=2247914&lang=1&reg=1,PIB / Lok Sabha annexure: Ministry/Department-wise CPGRAMS statistics.
department_history_2016_2026-02-28,Department,Department of Chemicals and Petrochemicals,2016-01-01,2026-02-28,receipts,5918,count,https://www.pib.gov.in/PressReleasePage.aspx?PRID=2247914&lang=1&reg=1,PIB / Lok Sabha annexure: Ministry/Department-wise CPGRAMS statistics.
department_history_2016_2026-02-28,Department,Department of Chemicals and Petrochemicals,2016-01-01,2026-02-28,disposed,5947,count,https://www.pib.gov.in/PressReleasePage.aspx?PRID=2247914&lang=1&reg=1,PIB / Lok Sabha annexure: Ministry/Department-wise CPGRAMS statistics.
department_history_2016_2026-02-28,Department,Department of Chemicals and Petrochemicals,2016-01-01,2026-02-28,pending,9,count,https://www.pib.gov.in/PressReleasePage.aspx?PRID=2247914&lang=1&reg=1,PIB / Lok Sabha annexure: Ministry/Department-wise CPGRAMS statistics.
department_history_2016_2026-02-28,Department,Department of Commerce,2016-01-01,2026-02-28,brought_forward,608,count,https://www.pib.gov.in/PressReleasePage.aspx?PRID=2247914&lang=1&reg=1,PIB / Lok Sabha annexure: Ministry/Department-wise CPGRAMS statistics.
department_history_2016_2026-02-28,Department,Department of Commerce,2016-01-01,2026-02-28,receipts,48519,count,https://www.pib.gov.in/PressReleasePage.aspx?PRID=2247914&lang=1&reg=1,PIB / Lok Sabha annexure: Ministry/Department-wise CPGRAMS statistics.
department_history_2016_2026-02-28,Department,Department of Commerce,2016-01-01,2026-02-28,disposed,48626,count,https://www.pib.gov.in/PressReleasePage.aspx?PRID=2247914&lang=1&reg=1,PIB / Lok Sabha annexure: Ministry/Department-wise CPGRAMS statistics.
department_history_2016_2026-02-28,Department,Department of Commerce,2016-01-01,2026-02-28,pending,501,count,https://www.pib.gov.in/PressReleasePage.aspx?PRID=2247914&lang=1&reg=1,PIB / Lok Sabha annexure: Ministry/Department-wise CPGRAMS statistics.
department_history_2016_2026-02-28,Department,Department of Consumer Affairs,2016-01-01,2026-02-28,brought_forward,995,count,https://www.pib.gov.in/PressReleasePage.aspx?PRID=2247914&lang=1&reg=1,PIB / Lok Sabha annexure: Ministry/Department-wise CPGRAMS statistics.
department_history_2016_2026-02-28,Department,Department of Consumer Affairs,2016-01-01,2026-02-28,receipts,143236,count,https://www.pib.gov.in/PressReleasePage.aspx?PRID=2247914&lang=1&reg=1,PIB / Lok Sabha annexure: Ministry/Department-wise CPGRAMS statistics.
department_history_2016_2026-02-28,Department,Department of Consumer Affairs,2016-01-01,2026-02-28,disposed,143954,count,https://www.pib.gov.in/PressReleasePage.aspx?PRID=2247914&lang=1&reg=1,PIB / Lok Sabha annexure: Ministry/Department-wise CPGRAMS statistics.
department_history_2016_2026-02-28,Department,Department of Consumer Affairs,2016-01-01,2026-02-28,pending,277,count,https://www.pib.gov.in/PressReleasePage.aspx?PRID=2247914&lang=1&reg=1,PIB / Lok Sabha annexure: Ministry/Department-wise CPGRAMS statistics.
department_history_2016_2026-02-28,Department,Department of Defence,2016-01-01,2026-02-28,brought_forward,5468,count,https://www.pib.gov.in/PressReleasePage.aspx?PRID=2247914&lang=1&reg=1,PIB / Lok Sabha annexure: Ministry/Department-wise CPGRAMS statistics.
department_history_2016_2026-02-28,Department,Department of Defence,2016-01-01,2026-02-28,receipts,153515,count,https://www.pib.gov.in/PressReleasePage.aspx?PRID=2247914&lang=1&reg=1,PIB / Lok Sabha annexure: Ministry/Department-wise CPGRAMS statistics.
department_history_2016_2026-02-28,Department,Department of Defence,2016-01-01,2026-02-28,disposed,158643,count,https://www.pib.gov.in/PressReleasePage.aspx?PRID=2247914&lang=1&reg=1,PIB / Lok Sabha annexure: Ministry/Department-wise CPGRAMS statistics.
department_history_2016_2026-02-28,Department,Department of Defence,2016-01-01,2026-02-28,pending,340,count,https://www.pib.gov.in/PressReleasePage.aspx?PRID=2247914&lang=1&reg=1,PIB / Lok Sabha annexure: Ministry/Department-wise CPGRAMS statistics.
department_history_2016_2026-02-28,Department,Department of Defence Finance,2016-01-01,2026-02-28,brought_forward,399,count,https://www.pib.gov.in/PressReleasePage.aspx?PRID=2247914&lang=1&reg=1,PIB / Lok Sabha annexure: Ministry/Department-wise CPGRAMS statistics.
department_history_2016_2026-02-28,Department,Department of Defence Finance,2016-01-01,2026-02-28,receipts,177338,count,https://www.pib.gov.in/PressReleasePage.aspx?PRID=2247914&lang=1&reg=1,PIB / Lok Sabha annexure: Ministry/Department-wise CPGRAMS statistics.
department_history_2016_2026-02-28,Department,Department of Defence Finance,2016-01-01,2026-02-28,disposed,174654,count,https://www.pib.gov.in/PressReleasePage.aspx?PRID=2247914&lang=1&reg=1,PIB / Lok Sabha annexure: Ministry/Department-wise CPGRAMS statistics.
department_history_2016_2026-02-28,Department,Department of Defence Finance,2016-01-01,2026-02-28,pending,3083,count,https://www.pib.gov.in/PressReleasePage.aspx?PRID=2247914&lang=1&reg=1,PIB / Lok Sabha annexure: Ministry/Department-wise CPGRAMS statistics.
department_history_2016_2026-02-28,Department,Department of Defence Production,2016-01-01,2026-02-28,brought_forward,308,count,https://www.pib.gov.in/PressReleasePage.aspx?PRID=2247914&lang=1&reg=1,PIB / Lok Sabha annexure: Ministry/Department-wise CPGRAMS statistics.
department_history_2016_2026-02-28,Department,Department of Defence Production,2016-01-01,2026-02-28,receipts,24785,count,https://www.pib.gov.in/PressReleasePage.aspx?PRID=2247914&lang=1&reg=1,PIB / Lok Sabha annexure: Ministry/Department-wise CPGRAMS statistics.
department_history_2016_2026-02-28,Department,Department of Defence Production,2016-01-01,2026-02-28,disposed,24952,count,https://www.pib.gov.in/PressReleasePage.aspx?PRID=2247914&lang=1&reg=1,PIB / Lok Sabha annexure: Ministry/Department-wise CPGRAMS statistics.
department_history_2016_2026-02-28,Department,Department of Defence Production,2016-01-01,2026-02-28,pending,141,count,https://www.pib.gov.in/PressReleasePage.aspx?PRID=2247914&lang=1&reg=1,PIB / Lok Sabha annexure: Ministry/Department-wise CPGRAMS statistics.
department_history_2016_2026-02-28,Department,Department of Defence Research and Development,2016-01-01,2026-02-28,brought_forward,39,count,https://www.pib.gov.in/PressReleasePage.aspx?PRID=2247914&lang=1&reg=1,PIB / Lok Sabha annexure: Ministry/Department-wise CPGRAMS statistics.
department_history_2016_2026-02-28,Department,Department of Defence Research and Development,2016-01-01,2026-02-28,receipts,10427,count,https://www.pib.gov.in/PressReleasePage.aspx?PRID=2247914&lang=1&reg=1,PIB / Lok Sabha annexure: Ministry/Department-wise CPGRAMS statistics.
department_history_2016_2026-02-28,Department,Department of Defence Research and Development,2016-01-01,2026-02-28,disposed,10325,count,https://www.pib.gov.in/PressReleasePage.aspx?PRID=2247914&lang=1&reg=1,PIB / Lok Sabha annexure: Ministry/Department-wise CPGRAMS statistics.
department_history_2016_2026-02-28,Department,Department of Defence Research and Development,2016-01-01,2026-02-28,pending,141,count,https://www.pib.gov.in/PressReleasePage.aspx?PRID=2247914&lang=1&reg=1,PIB / Lok Sabha annexure: Ministry/Department-wise CPGRAMS statistics.
department_history_2016_2026-02-28,Department,Department of Economic Affairs ACC Division,2016-01-01,2026-02-28,brought_forward,754,count,https://www.pib.gov.in/PressReleasePage.aspx?PRID=2247914&lang=1&reg=1,PIB / Lok Sabha annexure: Ministry/Department-wise CPGRAMS statistics.
department_history_2016_2026-02-28,Department,Department of Economic Affairs ACC Division,2016-01-01,2026-02-28,receipts,45244,count,https://www.pib.gov.in/PressReleasePage.aspx?PRID=2247914&lang=1&reg=1,PIB / Lok Sabha annexure: Ministry/Department-wise CPGRAMS statistics.
department_history_2016_2026-02-28,Department,Department of Economic Affairs ACC Division,2016-01-01,2026-02-28,disposed,45538,count,https://www.pib.gov.in/PressReleasePage.aspx?PRID=2247914&lang=1&reg=1,PIB / Lok Sabha annexure: Ministry/Department-wise CPGRAMS statistics.
department_history_2016_2026-02-28,Department,Department of Economic Affairs ACC Division,2016-01-01,2026-02-28,pending,460,count,https://www.pib.gov.in/PressReleasePage.aspx?PRID=2247914&lang=1&reg=1,PIB / Lok Sabha annexure: Ministry/Department-wise CPGRAMS statistics.
department_history_2016_2026-02-28,Department,Department of Empowerment of Persons with Disabilities,2016-01-01,2026-02-28,brought_forward,62,count,https://www.pib.gov.in/PressReleasePage.aspx?PRID=2247914&lang=1&reg=1,PIB / Lok Sabha annexure: Ministry/Department-wise CPGRAMS statistics.
department_history_2016_2026-02-28,Department,Department of Empowerment of Persons with Disabilities,2016-01-01,2026-02-28,receipts,29337,count,https://www.pib.gov.in/PressReleasePage.aspx?PRID=2247914&lang=1&reg=1,PIB / Lok Sabha annexure: Ministry/Department-wise CPGRAMS statistics.
department_history_2016_2026-02-28,Department,Department of Empowerment of Persons with Disabilities,2016-01-01,2026-02-28,disposed,29272,count,https://www.pib.gov.in/PressReleasePage.aspx?PRID=2247914&lang=1&reg=1,PIB / Lok Sabha annexure: Ministry/Department-wise CPGRAMS statistics.
department_history_2016_2026-02-28,Department,Department of Empowerment of Persons with Disabilities,2016-01-01,2026-02-28,pending,127,count,https://www.pib.gov.in/PressReleasePage.aspx?PRID=2247914&lang=1&reg=1,PIB / Lok Sabha annexure: Ministry/Department-wise CPGRAMS statistics.
department_history_2016_2026-02-28,Department,Department of Ex Servicemen Welfare,2016-01-01,2026-02-28,brought_forward,1065,count,https://www.pib.gov.in/PressReleasePage.aspx?PRID=2247914&lang=1&reg=1,PIB / Lok Sabha annexure: Ministry/Department-wise CPGRAMS statistics.
department_history_2016_2026-02-28,Department,Department of Ex Servicemen Welfare,2016-01-01,2026-02-28,receipts,182106,count,https://www.pib.gov.in/PressReleasePage.aspx?PRID=2247914&lang=1&reg=1,PIB / Lok Sabha annexure: Ministry/Department-wise CPGRAMS statistics.
department_history_2016_2026-02-28,Department,Department of Ex Servicemen Welfare,2016-01-01,2026-02-28,disposed,182155,count,https://www.pib.gov.in/PressReleasePage.aspx?PRID=2247914&lang=1&reg=1,PIB / Lok Sabha annexure: Ministry/Department-wise CPGRAMS statistics.
department_history_2016_2026-02-28,Department,Department of Ex Servicemen Welfare,2016-01-01,2026-02-28,pending,1016,count,https://www.pib.gov.in/PressReleasePage.aspx?PRID=2247914&lang=1&reg=1,PIB / Lok Sabha annexure: Ministry/Department-wise CPGRAMS statistics.
department_history_2016_2026-02-28,Department,Department of Expenditure,2016-01-01,2026-02-28,brought_forward,315,count,https://www.pib.gov.in/PressReleasePage.aspx?PRID=2247914&lang=1&reg=1,PIB / Lok Sabha annexure: Ministry/Department-wise CPGRAMS statistics.
department_history_2016_2026-02-28,Department,Department of Expenditure,2016-01-01,2026-02-28,receipts,42241,count,https://www.pib.gov.in/PressReleasePage.aspx?PRID=2247914&lang=1&reg=1,PIB / Lok Sabha annexure: Ministry/Department-wise CPGRAMS statistics.
department_history_2016_2026-02-28,Department,Department of Expenditure,2016-01-01,2026-02-28,disposed,42343,count,https://www.pib.gov.in/PressReleasePage.aspx?PRID=2247914&lang=1&reg=1,PIB / Lok Sabha annexure: Ministry/Department-wise CPGRAMS statistics.
department_history_2016_2026-02-28,Department,Department of Expenditure,2016-01-01,2026-02-28,pending,213,count,https://www.pib.gov.in/PressReleasePage.aspx?PRID=2247914&lang=1&reg=1,PIB / Lok Sabha annexure: Ministry/Department-wise CPGRAMS statistics.
department_history_2016_2026-02-28,Department,Department of Fertilizers,2016-01-01,2026-02-28,brought_forward,248,count,https://www.pib.gov.in/PressReleasePage.aspx?PRID=2247914&lang=1&reg=1,PIB / Lok Sabha annexure: Ministry/Department-wise CPGRAMS statistics.
department_history_2016_2026-02-28,Department,Department of Fertilizers,2016-01-01,2026-02-28,receipts,6729,count,https://www.pib.gov.in/PressReleasePage.aspx?PRID=2247914&lang=1&reg=1,PIB / Lok Sabha annexure: Ministry/Department-wise CPGRAMS statistics.
department_history_2016_2026-02-28,Department,Department of Fertilizers,2016-01-01,2026-02-28,disposed,6955,count,https://www.pib.gov.in/PressReleasePage.aspx?PRID=2247914&lang=1&reg=1,PIB / Lok Sabha annexure: Ministry/Department-wise CPGRAMS statistics.
department_history_2016_2026-02-28,Department,Department of Fertilizers,2016-01-01,2026-02-28,pending,22,count,https://www.pib.gov.in/PressReleasePage.aspx?PRID=2247914&lang=1&reg=1,PIB / Lok Sabha annexure: Ministry/Department-wise CPGRAMS statistics.
department_history_2016_2026-02-28,Department,Department of Financial Services (Banking Division),2016-01-01,2026-02-28,brought_forward,5106,count,https://www.pib.gov.in/PressReleasePage.aspx?PRID=2247914&lang=1&reg=1,PIB / Lok Sabha annexure: Ministry/Department-wise CPGRAMS statistics.
department_history_2016_2026-02-28,Department,Department of Financial Services (Banking Division),2016-01-01,2026-02-28,receipts,1505438,count,https://www.pib.gov.in/PressReleasePage.aspx?PRID=2247914&lang=1&reg=1,PIB / Lok Sabha annexure: Ministry/Department-wise CPGRAMS statistics.
department_history_2016_2026-02-28,Department,Department of Financial Services (Banking Division),2016-01-01,2026-02-28,disposed,1507252,count,https://www.pib.gov.in/PressReleasePage.aspx?PRID=2247914&lang=1&reg=1,PIB / Lok Sabha annexure: Ministry/Department-wise CPGRAMS statistics.
department_history_2016_2026-02-28,Department,Department of Financial Services (Banking Division),2016-01-01,2026-02-28,pending,3292,count,https://www.pib.gov.in/PressReleasePage.aspx?PRID=2247914&lang=1&reg=1,PIB / Lok Sabha annexure: Ministry/Department-wise CPGRAMS statistics.
department_history_2016_2026-02-28,Department,Department of Financial Services (Insurance Division),2016-01-01,2026-02-28,brought_forward,675,count,https://www.pib.gov.in/PressReleasePage.aspx?PRID=2247914&lang=1&reg=1,PIB / Lok Sabha annexure: Ministry/Department-wise CPGRAMS statistics.
department_history_2016_2026-02-28,Department,Department of Financial Services (Insurance Division),2016-01-01,2026-02-28,receipts,225633,count,https://www.pib.gov.in/PressReleasePage.aspx?PRID=2247914&lang=1&reg=1,PIB / Lok Sabha annexure: Ministry/Department-wise CPGRAMS statistics.
department_history_2016_2026-02-28,Department,Department of Financial Services (Insurance Division),2016-01-01,2026-02-28,disposed,225973,count,https://www.pib.gov.in/PressReleasePage.aspx?PRID=2247914&lang=1&reg=1,PIB / Lok Sabha annexure: Ministry/Department-wise CPGRAMS statistics.
department_history_2016_2026-02-28,Department,Department of Financial Services (Insurance Division),2016-01-01,2026-02-28,pending,335,count,https://www.pib.gov.in/PressReleasePage.aspx?PRID=2247914&lang=1&reg=1,PIB / Lok Sabha annexure: Ministry/Department-wise CPGRAMS statistics.
department_history_2016_2026-02-28,Department,Department of Financial Services (Pension Reforms),2016-01-01,2026-02-28,brought_forward,0,count,https://www.pib.gov.in/PressReleasePage.aspx?PRID=2247914&lang=1&reg=1,PIB / Lok Sabha annexure: Ministry/Department-wise CPGRAMS statistics.
department_history_2016_2026-02-28,Department,Department of Financial Services (Pension Reforms),2016-01-01,2026-02-28,receipts,23777,count,https://www.pib.gov.in/PressReleasePage.aspx?PRID=2247914&lang=1&reg=1,PIB / Lok Sabha annexure: Ministry/Department-wise CPGRAMS statistics.
department_history_2016_2026-02-28,Department,Department of Financial Services (Pension Reforms),2016-01-01,2026-02-28,disposed,23722,count,https://www.pib.gov.in/PressReleasePage.aspx?PRID=2247914&lang=1&reg=1,PIB / Lok Sabha annexure: Ministry/Department-wise CPGRAMS statistics.
department_history_2016_2026-02-28,Department,Department of Financial Services (Pension Reforms),2016-01-01,2026-02-28,pending,55,count,https://www.pib.gov.in/PressReleasePage.aspx?PRID=2247914&lang=1&reg=1,PIB / Lok Sabha annexure: Ministry/Department-wise CPGRAMS statistics.
department_history_2016_2026-02-28,Department,Department of Fisheries,2016-01-01,2026-02-28,brought_forward,0,count,https://www.pib.gov.in/PressReleasePage.aspx?PRID=2247914&lang=1&reg=1,PIB / Lok Sabha annexure: Ministry/Department-wise CPGRAMS statistics.
department_history_2016_2026-02-28,Department,Department of Fisheries,2016-01-01,2026-02-28,receipts,2729,count,https://www.pib.gov.in/PressReleasePage.aspx?PRID=2247914&lang=1&reg=1,PIB / Lok Sabha annexure: Ministry/Department-wise CPGRAMS statistics.
department_history_2016_2026-02-28,Department,Department of Fisheries,2016-01-01,2026-02-28,disposed,2702,count,https://www.pib.gov.in/PressReleasePage.aspx?PRID=2247914&lang=1&reg=1,PIB / Lok Sabha annexure: Ministry/Department-wise CPGRAMS statistics.
department_history_2016_2026-02-28,Department,Department of Fisheries,2016-01-01,2026-02-28,pending,27,count,https://www.pib.gov.in/PressReleasePage.aspx?PRID=2247914&lang=1&reg=1,PIB / Lok Sabha annexure: Ministry/Department-wise CPGRAMS statistics.
department_history_2016_2026-02-28,Department,Department of Food and Public Distribution,2016-01-01,2026-02-28,brought_forward,181,count,https://www.pib.gov.in/PressReleasePage.aspx?PRID=2247914&lang=1&reg=1,PIB / Lok Sabha annexure: Ministry/Department-wise CPGRAMS statistics.
department_history_2016_2026-02-28,Department,Department of Food and Public Distribution,2016-01-01,2026-02-28,receipts,67701,count,https://www.pib.gov.in/PressReleasePage.aspx?PRID=2247914&lang=1&reg=1,PIB / Lok Sabha annexure: Ministry/Department-wise CPGRAMS statistics.
department_history_2016_2026-02-28,Department,Department of Food and Public Distribution,2016-01-01,2026-02-28,disposed,65495,count,https://www.pib.gov.in/PressReleasePage.aspx?PRID=2247914&lang=1&reg=1,PIB / Lok Sabha annexure: Ministry/Department-wise CPGRAMS statistics.
department_history_2016_2026-02-28,Department,Department of Food and Public Distribution,2016-01-01,2026-02-28,pending,2387,count,https://www.pib.gov.in/PressReleasePage.aspx?PRID=2247914&lang=1&reg=1,PIB / Lok Sabha annexure: Ministry/Department-wise CPGRAMS statistics.
department_history_2016_2026-02-28,Department,Department of Health & Family Welfare,2016-01-01,2026-02-28,brought_forward,3163,count,https://www.pib.gov.in/PressReleasePage.aspx?PRID=2247914&lang=1&reg=1,PIB / Lok Sabha annexure: Ministry/Department-wise CPGRAMS statistics.
department_history_2016_2026-02-28,Department,Department of Health & Family Welfare,2016-01-01,2026-02-28,receipts,317372,count,https://www.pib.gov.in/PressReleasePage.aspx?PRID=2247914&lang=1&reg=1,PIB / Lok Sabha annexure: Ministry/Department-wise CPGRAMS statistics.
department_history_2016_2026-02-28,Department,Department of Health & Family Welfare,2016-01-01,2026-02-28,disposed,318462,count,https://www.pib.gov.in/PressReleasePage.aspx?PRID=2247914&lang=1&reg=1,PIB / Lok Sabha annexure: Ministry/Department-wise CPGRAMS statistics.
department_history_2016_2026-02-28,Department,Department of Health & Family Welfare,2016-01-01,2026-02-28,pending,2073,count,https://www.pib.gov.in/PressReleasePage.aspx?PRID=2247914&lang=1&reg=1,PIB / Lok Sabha annexure: Ministry/Department-wise CPGRAMS statistics.
department_history_2016_2026-02-28,Department,Department of Health Research,2016-01-01,2026-02-28,brought_forward,110,count,https://www.pib.gov.in/PressReleasePage.aspx?PRID=2247914&lang=1&reg=1,PIB / Lok Sabha annexure: Ministry/Department-wise CPGRAMS statistics.
department_history_2016_2026-02-28,Department,Department of Health Research,2016-01-01,2026-02-28,receipts,16193,count,https://www.pib.gov.in/PressReleasePage.aspx?PRID=2247914&lang=1&reg=1,PIB / Lok Sabha annexure: Ministry/Department-wise CPGRAMS statistics.
department_history_2016_2026-02-28,Department,Department of Health Research,2016-01-01,2026-02-28,disposed,16255,count,https://www.pib.gov.in/PressReleasePage.aspx?PRID=2247914&lang=1&reg=1,PIB / Lok Sabha annexure: Ministry/Department-wise CPGRAMS statistics.
department_history_2016_2026-02-28,Department,Department of Health Research,2016-01-01,2026-02-28,pending,48,count,https://www.pib.gov.in/PressReleasePage.aspx?PRID=2247914&lang=1&reg=1,PIB / Lok Sabha annexure: Ministry/Department-wise CPGRAMS statistics.
department_history_2016_2026-02-28,Department,Department of Higher Education,2016-01-01,2026-02-28,brought_forward,6543,count,https://www.pib.gov.in/PressReleasePage.aspx?PRID=2247914&lang=1&reg=1,PIB / Lok Sabha annexure: Ministry/Department-wise CPGRAMS statistics.
department_history_2016_2026-02-28,Department,Department of Higher Education,2016-01-01,2026-02-28,receipts,232352,count,https://www.pib.gov.in/PressReleasePage.aspx?PRID=2247914&lang=1&reg=1,PIB / Lok Sabha annexure: Ministry/Department-wise CPGRAMS statistics.
department_history_2016_2026-02-28,Department,Department of Higher Education,2016-01-01,2026-02-28,disposed,237648,count,https://www.pib.gov.in/PressReleasePage.aspx?PRID=2247914&lang=1&reg=1,PIB / Lok Sabha annexure: Ministry/Department-wise CPGRAMS statistics.
department_history_2016_2026-02-28,Department,Department of Higher Education,2016-01-01,2026-02-28,pending,1247,count,https://www.pib.gov.in/PressReleasePage.aspx?PRID=2247914&lang=1&reg=1,PIB / Lok Sabha annexure: Ministry/Department-wise CPGRAMS statistics.
department_history_2016_2026-02-28,Department,Department of Investment & Public Asset Management,2016-01-01,2026-02-28,brought_forward,3,count,https://www.pib.gov.in/PressReleasePage.aspx?PRID=2247914&lang=1&reg=1,PIB / Lok Sabha annexure: Ministry/Department-wise CPGRAMS statistics.
department_history_2016_2026-02-28,Department,Department of Investment & Public Asset Management,2016-01-01,2026-02-28,receipts,7760,count,https://www.pib.gov.in/PressReleasePage.aspx?PRID=2247914&lang=1&reg=1,PIB / Lok Sabha annexure: Ministry/Department-wise CPGRAMS statistics.
department_history_2016_2026-02-28,Department,Department of Investment & Public Asset Management,2016-01-01,2026-02-28,disposed,7717,count,https://www.pib.gov.in/PressReleasePage.aspx?PRID=2247914&lang=1&reg=1,PIB / Lok Sabha annexure: Ministry/Department-wise CPGRAMS statistics.
department_history_2016_2026-02-28,Department,Department of Investment & Public Asset Management,2016-01-01,2026-02-28,pending,46,count,https://www.pib.gov.in/PressReleasePage.aspx?PRID=2247914&lang=1&reg=1,PIB / Lok Sabha annexure: Ministry/Department-wise CPGRAMS statistics.
department_history_2016_2026-02-28,Department,Department of Justice,2016-01-01,2026-02-28,brought_forward,226,count,https://www.pib.gov.in/PressReleasePage.aspx?PRID=2247914&lang=1&reg=1,PIB / Lok Sabha annexure: Ministry/Department-wise CPGRAMS statistics.
department_history_2016_2026-02-28,Department,Department of Justice,2016-01-01,2026-02-28,receipts,112980,count,https://www.pib.gov.in/PressReleasePage.aspx?PRID=2247914&lang=1&reg=1,PIB / Lok Sabha annexure: Ministry/Department-wise CPGRAMS statistics.
department_history_2016_2026-02-28,Department,Department of Justice,2016-01-01,2026-02-28,disposed,113118,count,https://www.pib.gov.in/PressReleasePage.aspx?PRID=2247914&lang=1&reg=1,PIB / Lok Sabha annexure: Ministry/Department-wise CPGRAMS statistics.
department_history_2016_2026-02-28,Department,Department of Justice,2016-01-01,2026-02-28,pending,88,count,https://www.pib.gov.in/PressReleasePage.aspx?PRID=2247914&lang=1&reg=1,PIB / Lok Sabha annexure: Ministry/Department-wise CPGRAMS statistics.
department_history_2016_2026-02-28,Department,Department of Land Resources,2016-01-01,2026-02-28,brought_forward,63,count,https://www.pib.gov.in/PressReleasePage.aspx?PRID=2247914&lang=1&reg=1,PIB / Lok Sabha annexure: Ministry/Department-wise CPGRAMS statistics.
department_history_2016_2026-02-28,Department,Department of Land Resources,2016-01-01,2026-02-28,receipts,22663,count,https://www.pib.gov.in/PressReleasePage.aspx?PRID=2247914&lang=1&reg=1,PIB / Lok Sabha annexure: Ministry/Department-wise CPGRAMS statistics.
department_history_2016_2026-02-28,Department,Department of Land Resources,2016-01-01,2026-02-28,disposed,22649,count,https://www.pib.gov.in/PressReleasePage.aspx?PRID=2247914&lang=1&reg=1,PIB / Lok Sabha annexure: Ministry/Department-wise CPGRAMS statistics.
department_history_2016_2026-02-28,Department,Department of Land Resources,2016-01-01,2026-02-28,pending,77,count,https://www.pib.gov.in/PressReleasePage.aspx?PRID=2247914&lang=1&reg=1,PIB / Lok Sabha annexure: Ministry/Department-wise CPGRAMS statistics.
department_history_2016_2026-02-28,Department,Department of Legal Affairs,2016-01-01,2026-02-28,brought_forward,661,count,https://www.pib.gov.in/PressReleasePage.aspx?PRID=2247914&lang=1&reg=1,PIB / Lok Sabha annexure: Ministry/Department-wise CPGRAMS statistics.
department_history_2016_2026-02-28,Department,Department of Legal Affairs,2016-01-01,2026-02-28,receipts,37120,count,https://www.pib.gov.in/PressReleasePage.aspx?PRID=2247914&lang=1&reg=1,PIB / Lok Sabha annexure: Ministry/Department-wise CPGRAMS statistics.
department_history_2016_2026-02-28,Department,Department of Legal Affairs,2016-01-01,2026-02-28,disposed,37624,count,https://www.pib.gov.in/PressReleasePage.aspx?PRID=2247914&lang=1&reg=1,PIB / Lok Sabha annexure: Ministry/Department-wise CPGRAMS statistics.
department_history_2016_2026-02-28,Department,Department of Legal Affairs,2016-01-01,2026-02-28,pending,157,count,https://www.pib.gov.in/PressReleasePage.aspx?PRID=2247914&lang=1&reg=1,PIB / Lok Sabha annexure: Ministry/Department-wise CPGRAMS statistics.
department_history_2016_2026-02-28,Department,Department of Military Affairs,2016-01-01,2026-02-28,brought_forward,0,count,https://www.pib.gov.in/PressReleasePage.aspx?PRID=2247914&lang=1&reg=1,PIB / Lok Sabha annexure: Ministry/Department-wise CPGRAMS statistics.
department_history_2016_2026-02-28,Department,Department of Military Affairs,2016-01-01,2026-02-28,receipts,40414,count,https://www.pib.gov.in/PressReleasePage.aspx?PRID=2247914&lang=1&reg=1,PIB / Lok Sabha annexure: Ministry/Department-wise CPGRAMS statistics.
department_history_2016_2026-02-28,Department,Department of Military Affairs,2016-01-01,2026-02-28,disposed,39128,count,https://www.pib.gov.in/PressReleasePage.aspx?PRID=2247914&lang=1&reg=1,PIB / Lok Sabha annexure: Ministry/Department-wise CPGRAMS statistics.
department_history_2016_2026-02-28,Department,Department of Military Affairs,2016-01-01,2026-02-28,pending,1286,count,https://www.pib.gov.in/PressReleasePage.aspx?PRID=2247914&lang=1&reg=1,PIB / Lok Sabha annexure: Ministry/Department-wise CPGRAMS statistics.
department_history_2016_2026-02-28,Department,Department of Official Language,2016-01-01,2026-02-28,brought_forward,39,count,https://www.pib.gov.in/PressReleasePage.aspx?PRID=2247914&lang=1&reg=1,PIB / Lok Sabha annexure: Ministry/Department-wise CPGRAMS statistics.
department_history_2016_2026-02-28,Department,Department of Official Language,2016-01-01,2026-02-28,receipts,3262,count,https://www.pib.gov.in/PressReleasePage.aspx?PRID=2247914&lang=1&reg=1,PIB / Lok Sabha annexure: Ministry/Department-wise CPGRAMS statistics.
department_history_2016_2026-02-28,Department,Department of Official Language,2016-01-01,2026-02-28,disposed,3297,count,https://www.pib.gov.in/PressReleasePage.aspx?PRID=2247914&lang=1&reg=1,PIB / Lok Sabha annexure: Ministry/Department-wise CPGRAMS statistics.
department_history_2016_2026-02-28,Department,Department of Official Language,2016-01-01,2026-02-28,pending,4,count,https://www.pib.gov.in/PressReleasePage.aspx?PRID=2247914&lang=1&reg=1,PIB / Lok Sabha annexure: Ministry/Department-wise CPGRAMS statistics.
department_history_2016_2026-02-28,Department,Department of Personnel and Training,2016-01-01,2026-02-28,brought_forward,1230,count,https://www.pib.gov.in/PressReleasePage.aspx?PRID=2247914&lang=1&reg=1,PIB / Lok Sabha annexure: Ministry/Department-wise CPGRAMS statistics.
department_history_2016_2026-02-28,Department,Department of Personnel and Training,2016-01-01,2026-02-28,receipts,269475,count,https://www.pib.gov.in/PressReleasePage.aspx?PRID=2247914&lang=1&reg=1,PIB / Lok Sabha annexure: Ministry/Department-wise CPGRAMS statistics.
department_history_2016_2026-02-28,Department,Department of Personnel and Training,2016-01-01,2026-02-28,disposed,269693,count,https://www.pib.gov.in/PressReleasePage.aspx?PRID=2247914&lang=1&reg=1,PIB / Lok Sabha annexure: Ministry/Department-wise CPGRAMS statistics.
department_history_2016_2026-02-28,Department,Department of Personnel and Training,2016-01-01,2026-02-28,pending,1012,count,https://www.pib.gov.in/PressReleasePage.aspx?PRID=2247914&lang=1&reg=1,PIB / Lok Sabha annexure: Ministry/Department-wise CPGRAMS statistics.
department_history_2016_2026-02-28,Department,Department of Pharmaceuticals,2016-01-01,2026-02-28,brought_forward,391,count,https://www.pib.gov.in/PressReleasePage.aspx?PRID=2247914&lang=1&reg=1,PIB / Lok Sabha annexure: Ministry/Department-wise CPGRAMS statistics.
department_history_2016_2026-02-28,Department,Department of Pharmaceuticals,2016-01-01,2026-02-28,receipts,15450,count,https://www.pib.gov.in/PressReleasePage.aspx?PRID=2247914&lang=1&reg=1,PIB / Lok Sabha annexure: Ministry/Department-wise CPGRAMS statistics.
department_history_2016_2026-02-28,Department,Department of Pharmaceuticals,2016-01-01,2026-02-28,disposed,15796,count,https://www.pib.gov.in/PressReleasePage.aspx?PRID=2247914&lang=1&reg=1,PIB / Lok Sabha annexure: Ministry/Department-wise CPGRAMS statistics.
department_history_2016_2026-02-28,Department,Department of Pharmaceuticals,2016-01-01,2026-02-28,pending,45,count,https://www.pib.gov.in/PressReleasePage.aspx?PRID=2247914&lang=1&reg=1,PIB / Lok Sabha annexure: Ministry/Department-wise CPGRAMS statistics.
department_history_2016_2026-02-28,Department,Department of Posts,2016-01-01,2026-02-28,brought_forward,864,count,https://www.pib.gov.in/PressReleasePage.aspx?PRID=2247914&lang=1&reg=1,PIB / Lok Sabha annexure: Ministry/Department-wise CPGRAMS statistics.
department_history_2016_2026-02-28,Department,Department of Posts,2016-01-01,2026-02-28,receipts,524549,count,https://www.pib.gov.in/PressReleasePage.aspx?PRID=2247914&lang=1&reg=1,PIB / Lok Sabha annexure: Ministry/Department-wise CPGRAMS statistics.
department_history_2016_2026-02-28,Department,Department of Posts,2016-01-01,2026-02-28,disposed,523925,count,https://www.pib.gov.in/PressReleasePage.aspx?PRID=2247914&lang=1&reg=1,PIB / Lok Sabha annexure: Ministry/Department-wise CPGRAMS statistics.
department_history_2016_2026-02-28,Department,Department of Posts,2016-01-01,2026-02-28,pending,1488,count,https://www.pib.gov.in/PressReleasePage.aspx?PRID=2247914&lang=1&reg=1,PIB / Lok Sabha annexure: Ministry/Department-wise CPGRAMS statistics.
department_history_2016_2026-02-28,Department,Department of Public Enterprises,2016-01-01,2026-02-28,brought_forward,3,count,https://www.pib.gov.in/PressReleasePage.aspx?PRID=2247914&lang=1&reg=1,PIB / Lok Sabha annexure: Ministry/Department-wise CPGRAMS statistics.
department_history_2016_2026-02-28,Department,Department of Public Enterprises,2016-01-01,2026-02-28,receipts,8128,count,https://www.pib.gov.in/PressReleasePage.aspx?PRID=2247914&lang=1&reg=1,PIB / Lok Sabha annexure: Ministry/Department-wise CPGRAMS statistics.
department_history_2016_2026-02-28,Department,Department of Public Enterprises,2016-01-01,2026-02-28,disposed,8091,count,https://www.pib.gov.in/PressReleasePage.aspx?PRID=2247914&lang=1&reg=1,PIB / Lok Sabha annexure: Ministry/Department-wise CPGRAMS statistics.
department_history_2016_2026-02-28,Department,Department of Public Enterprises,2016-01-01,2026-02-28,pending,40,count,https://www.pib.gov.in/PressReleasePage.aspx?PRID=2247914&lang=1&reg=1,PIB / Lok Sabha annexure: Ministry/Department-wise CPGRAMS statistics.
department_history_2016_2026-02-28,Department,Department of Revenue,2016-01-01,2026-02-28,brought_forward,5213,count,https://www.pib.gov.in/PressReleasePage.aspx?PRID=2247914&lang=1&reg=1,PIB / Lok Sabha annexure: Ministry/Department-wise CPGRAMS statistics.
department_history_2016_2026-02-28,Department,Department of Revenue,2016-01-01,2026-02-28,receipts,179894,count,https://www.pib.gov.in/PressReleasePage.aspx?PRID=2247914&lang=1&reg=1,PIB / Lok Sabha annexure: Ministry/Department-wise CPGRAMS statistics.
department_history_2016_2026-02-28,Department,Department of Revenue,2016-01-01,2026-02-28,disposed,184762,count,https://www.pib.gov.in/PressReleasePage.aspx?PRID=2247914&lang=1&reg=1,PIB / Lok Sabha annexure: Ministry/Department-wise CPGRAMS statistics.
department_history_2016_2026-02-28,Department,Department of Revenue,2016-01-01,2026-02-28,pending,345,count,https://www.pib.gov.in/PressReleasePage.aspx?PRID=2247914&lang=1&reg=1,PIB / Lok Sabha annexure: Ministry/Department-wise CPGRAMS statistics.
department_history_2016_2026-02-28,Department,Department of Rural Development,2016-01-01,2026-02-28,brought_forward,1007,count,https://www.pib.gov.in/PressReleasePage.aspx?PRID=2247914&lang=1&reg=1,PIB / Lok Sabha annexure: Ministry/Department-wise CPGRAMS statistics.
department_history_2016_2026-02-28,Department,Department of Rural Development,2016-01-01,2026-02-28,receipts,810606,count,https://www.pib.gov.in/PressReleasePage.aspx?PRID=2247914&lang=1&reg=1,PIB / Lok Sabha annexure: Ministry/Department-wise CPGRAMS statistics.
department_history_2016_2026-02-28,Department,Department of Rural Development,2016-01-01,2026-02-28,disposed,810501,count,https://www.pib.gov.in/PressReleasePage.aspx?PRID=2247914&lang=1&reg=1,PIB / Lok Sabha annexure: Ministry/Department-wise CPGRAMS statistics.
department_history_2016_2026-02-28,Department,Department of Rural Development,2016-01-01,2026-02-28,pending,1112,count,https://www.pib.gov.in/PressReleasePage.aspx?PRID=2247914&lang=1&reg=1,PIB / Lok Sabha annexure: Ministry/Department-wise CPGRAMS statistics.
department_history_2016_2026-02-28,Department,Department of School Education and Literacy,2016-01-01,2026-02-28,brought_forward,5574,count,https://www.pib.gov.in/PressReleasePage.aspx?PRID=2247914&lang=1&reg=1,PIB / Lok Sabha annexure: Ministry/Department-wise CPGRAMS statistics.
department_history_2016_2026-02-28,Department,Department of School Education and Literacy,2016-01-01,2026-02-28,receipts,193402,count,https://www.pib.gov.in/PressReleasePage.aspx?PRID=2247914&lang=1&reg=1,PIB / Lok Sabha annexure: Ministry/Department-wise CPGRAMS statistics.
department_history_2016_2026-02-28,Department,Department of School Education and Literacy,2016-01-01,2026-02-28,disposed,197589,count,https://www.pib.gov.in/PressReleasePage.aspx?PRID=2247914&lang=1&reg=1,PIB / Lok Sabha annexure: Ministry/Department-wise CPGRAMS statistics.
department_history_2016_2026-02-28,Department,Department of School Education and Literacy,2016-01-01,2026-02-28,pending,1387,count,https://www.pib.gov.in/PressReleasePage.aspx?PRID=2247914&lang=1&reg=1,PIB / Lok Sabha annexure: Ministry/Department-wise CPGRAMS statistics.
department_history_2016_2026-02-28,Department,Department of Science and Technology,2016-01-01,2026-02-28,brought_forward,1362,count,https://www.pib.gov.in/PressReleasePage.aspx?PRID=2247914&lang=1&reg=1,PIB / Lok Sabha annexure: Ministry/Department-wise CPGRAMS statistics.
department_history_2016_2026-02-28,Department,Department of Science and Technology,2016-01-01,2026-02-28,receipts,24890,count,https://www.pib.gov.in/PressReleasePage.aspx?PRID=2247914&lang=1&reg=1,PIB / Lok Sabha annexure: Ministry/Department-wise CPGRAMS statistics.
department_history_2016_2026-02-28,Department,Department of Science and Technology,2016-01-01,2026-02-28,disposed,26188,count,https://www.pib.gov.in/PressReleasePage.aspx?PRID=2247914&lang=1&reg=1,PIB / Lok Sabha annexure: Ministry/Department-wise CPGRAMS statistics.
department_history_2016_2026-02-28,Department,Department of Science and Technology,2016-01-01,2026-02-28,pending,64,count,https://www.pib.gov.in/PressReleasePage.aspx?PRID=2247914&lang=1&reg=1,PIB / Lok Sabha annexure: Ministry/Department-wise CPGRAMS statistics.
department_history_2016_2026-02-28,Department,Department of Scientific & Industrial Research,2016-01-01,2026-02-28,brought_forward,141,count,https://www.pib.gov.in/PressReleasePage.aspx?PRID=2247914&lang=1&reg=1,PIB / Lok Sabha annexure: Ministry/Department-wise CPGRAMS statistics.
department_history_2016_2026-02-28,Department,Department of Scientific & Industrial Research,2016-01-01,2026-02-28,receipts,12388,count,https://www.pib.gov.in/PressReleasePage.aspx?PRID=2247914&lang=1&reg=1,PIB / Lok Sabha annexure: Ministry/Department-wise CPGRAMS statistics.
department_history_2016_2026-02-28,Department,Department of Scientific & Industrial Research,2016-01-01,2026-02-28,disposed,12497,count,https://www.pib.gov.in/PressReleasePage.aspx?PRID=2247914&lang=1&reg=1,PIB / Lok Sabha annexure: Ministry/Department-wise CPGRAMS statistics.
department_history_2016_2026-02-28,Department,Department of Scientific & Industrial Research,2016-01-01,2026-02-28,pending,32,count,https://www.pib.gov.in/PressReleasePage.aspx?PRID=2247914&lang=1&reg=1,PIB / Lok Sabha annexure: Ministry/Department-wise CPGRAMS statistics.
department_history_2016_2026-02-28,Department,Department of Social Justice and Empowerment,2016-01-01,2026-02-28,brought_forward,442,count,https://www.pib.gov.in/PressReleasePage.aspx?PRID=2247914&lang=1&reg=1,PIB / Lok Sabha annexure: Ministry/Department-wise CPGRAMS statistics.
department_history_2016_2026-02-28,Department,Department of Social Justice and Empowerment,2016-01-01,2026-02-28,receipts,65521,count,https://www.pib.gov.in/PressReleasePage.aspx?PRID=2247914&lang=1&reg=1,PIB / Lok Sabha annexure: Ministry/Department-wise CPGRAMS statistics.
department_history_2016_2026-02-28,Department,Department of Social Justice and Empowerment,2016-01-01,2026-02-28,disposed,65757,count,https://www.pib.gov.in/PressReleasePage.aspx?PRID=2247914&lang=1&reg=1,PIB / Lok Sabha annexure: Ministry/Department-wise CPGRAMS statistics.
department_history_2016_2026-02-28,Department,Department of Social Justice and Empowerment,2016-01-01,2026-02-28,pending,206,count,https://www.pib.gov.in/PressReleasePage.aspx?PRID=2247914&lang=1&reg=1,PIB / Lok Sabha annexure: Ministry/Department-wise CPGRAMS statistics.
department_history_2016_2026-02-28,Department,Department of Space,2016-01-01,2026-02-28,brought_forward,110,count,https://www.pib.gov.in/PressReleasePage.aspx?PRID=2247914&lang=1&reg=1,PIB / Lok Sabha annexure: Ministry/Department-wise CPGRAMS statistics.
department_history_2016_2026-02-28,Department,Department of Space,2016-01-01,2026-02-28,receipts,5640,count,https://www.pib.gov.in/PressReleasePage.aspx?PRID=2247914&lang=1&reg=1,PIB / Lok Sabha annexure: Ministry/Department-wise CPGRAMS statistics.
department_history_2016_2026-02-28,Department,Department of Space,2016-01-01,2026-02-28,disposed,5719,count,https://www.pib.gov.in/PressReleasePage.aspx?PRID=2247914&lang=1&reg=1,PIB / Lok Sabha annexure: Ministry/Department-wise CPGRAMS statistics.
department_history_2016_2026-02-28,Department,Department of Space,2016-01-01,2026-02-28,pending,31,count,https://www.pib.gov.in/PressReleasePage.aspx?PRID=2247914&lang=1&reg=1,PIB / Lok Sabha annexure: Ministry/Department-wise CPGRAMS statistics.
department_history_2016_2026-02-28,Department,Department of Sports,2016-01-01,2026-02-28,brought_forward,1183,count,https://www.pib.gov.in/PressReleasePage.aspx?PRID=2247914&lang=1&reg=1,PIB / Lok Sabha annexure: Ministry/Department-wise CPGRAMS statistics.
department_history_2016_2026-02-28,Department,Department of Sports,2016-01-01,2026-02-28,receipts,15038,count,https://www.pib.gov.in/PressReleasePage.aspx?PRID=2247914&lang=1&reg=1,PIB / Lok Sabha annexure: Ministry/Department-wise CPGRAMS statistics.
department_history_2016_2026-02-28,Department,Department of Sports,2016-01-01,2026-02-28,disposed,16131,count,https://www.pib.gov.in/PressReleasePage.aspx?PRID=2247914&lang=1&reg=1,PIB / Lok Sabha annexure: Ministry/Department-wise CPGRAMS statistics.
department_history_2016_2026-02-28,Department,Department of Sports,2016-01-01,2026-02-28,pending,90,count,https://www.pib.gov.in/PressReleasePage.aspx?PRID=2247914&lang=1&reg=1,PIB / Lok Sabha annexure: Ministry/Department-wise CPGRAMS statistics.
department_history_2016_2026-02-28,Department,Department of Telecommunications,2016-01-01,2026-02-28,brought_forward,4672,count,https://www.pib.gov.in/PressReleasePage.aspx?PRID=2247914&lang=1&reg=1,PIB / Lok Sabha annexure: Ministry/Department-wise CPGRAMS statistics.
department_history_2016_2026-02-28,Department,Department of Telecommunications,2016-01-01,2026-02-28,receipts,680130,count,https://www.pib.gov.in/PressReleasePage.aspx?PRID=2247914&lang=1&reg=1,PIB / Lok Sabha annexure: Ministry/Department-wise CPGRAMS statistics.
department_history_2016_2026-02-28,Department,Department of Telecommunications,2016-01-01,2026-02-28,disposed,684068,count,https://www.pib.gov.in/PressReleasePage.aspx?PRID=2247914&lang=1&reg=1,PIB / Lok Sabha annexure: Ministry/Department-wise CPGRAMS statistics.
department_history_2016_2026-02-28,Department,Department of Telecommunications,2016-01-01,2026-02-28,pending,734,count,https://www.pib.gov.in/PressReleasePage.aspx?PRID=2247914&lang=1&reg=1,PIB / Lok Sabha annexure: Ministry/Department-wise CPGRAMS statistics.
department_history_2016_2026-02-28,Department,Department of Youth Affairs,2016-01-01,2026-02-28,brought_forward,53,count,https://www.pib.gov.in/PressReleasePage.aspx?PRID=2247914&lang=1&reg=1,PIB / Lok Sabha annexure: Ministry/Department-wise CPGRAMS statistics.
department_history_2016_2026-02-28,Department,Department of Youth Affairs,2016-01-01,2026-02-28,receipts,9032,count,https://www.pib.gov.in/PressReleasePage.aspx?PRID=2247914&lang=1&reg=1,PIB / Lok Sabha annexure: Ministry/Department-wise CPGRAMS statistics.
department_history_2016_2026-02-28,Department,Department of Youth Affairs,2016-01-01,2026-02-28,disposed,9045,count,https://www.pib.gov.in/PressReleasePage.aspx?PRID=2247914&lang=1&reg=1,PIB / Lok Sabha annexure: Ministry/Department-wise CPGRAMS statistics.
department_history_2016_2026-02-28,Department,Department of Youth Affairs,2016-01-01,2026-02-28,pending,40,count,https://www.pib.gov.in/PressReleasePage.aspx?PRID=2247914&lang=1&reg=1,PIB / Lok Sabha annexure: Ministry/Department-wise CPGRAMS statistics.
department_history_2016_2026-02-28,Department,Legislative Department,2016-01-01,2026-02-28,brought_forward,267,count,https://www.pib.gov.in/PressReleasePage.aspx?PRID=2247914&lang=1&reg=1,PIB / Lok Sabha annexure: Ministry/Department-wise CPGRAMS statistics.
department_history_2016_2026-02-28,Department,Legislative Department,2016-01-01,2026-02-28,receipts,11028,count,https://www.pib.gov.in/PressReleasePage.aspx?PRID=2247914&lang=1&reg=1,PIB / Lok Sabha annexure: Ministry/Department-wise CPGRAMS statistics.
department_history_2016_2026-02-28,Department,Legislative Department,2016-01-01,2026-02-28,disposed,11257,count,https://www.pib.gov.in/PressReleasePage.aspx?PRID=2247914&lang=1&reg=1,PIB / Lok Sabha annexure: Ministry/Department-wise CPGRAMS statistics.
department_history_2016_2026-02-28,Department,Legislative Department,2016-01-01,2026-02-28,pending,38,count,https://www.pib.gov.in/PressReleasePage.aspx?PRID=2247914&lang=1&reg=1,PIB / Lok Sabha annexure: Ministry/Department-wise CPGRAMS statistics.
department_history_2016_2026-02-28,Department,Ministry of Coal,2016-01-01,2026-02-28,brought_forward,723,count,https://www.pib.gov.in/PressReleasePage.aspx?PRID=2247914&lang=1&reg=1,PIB / Lok Sabha annexure: Ministry/Department-wise CPGRAMS statistics.
department_history_2016_2026-02-28,Department,Ministry of Coal,2016-01-01,2026-02-28,receipts,45182,count,https://www.pib.gov.in/PressReleasePage.aspx?PRID=2247914&lang=1&reg=1,PIB / Lok Sabha annexure: Ministry/Department-wise CPGRAMS statistics.
department_history_2016_2026-02-28,Department,Ministry of Coal,2016-01-01,2026-02-28,disposed,45768,count,https://www.pib.gov.in/PressReleasePage.aspx?PRID=2247914&lang=1&reg=1,PIB / Lok Sabha annexure: Ministry/Department-wise CPGRAMS statistics.
department_history_2016_2026-02-28,Department,Ministry of Coal,2016-01-01,2026-02-28,pending,137,count,https://www.pib.gov.in/PressReleasePage.aspx?PRID=2247914&lang=1&reg=1,PIB / Lok Sabha annexure: Ministry/Department-wise CPGRAMS statistics.
department_history_2016_2026-02-28,Department,Ministry of Ayush,2016-01-01,2026-02-28,brought_forward,370,count,https://www.pib.gov.in/PressReleasePage.aspx?PRID=2247914&lang=1&reg=1,PIB / Lok Sabha annexure: Ministry/Department-wise CPGRAMS statistics.
department_history_2016_2026-02-28,Department,Ministry of Ayush,2016-01-01,2026-02-28,receipts,31080,count,https://www.pib.gov.in/PressReleasePage.aspx?PRID=2247914&lang=1&reg=1,PIB / Lok Sabha annexure: Ministry/Department-wise CPGRAMS statistics.
department_history_2016_2026-02-28,Department,Ministry of Ayush,2016-01-01,2026-02-28,disposed,31343,count,https://www.pib.gov.in/PressReleasePage.aspx?PRID=2247914&lang=1&reg=1,PIB / Lok Sabha annexure: Ministry/Department-wise CPGRAMS statistics.
department_history_2016_2026-02-28,Department,Ministry of Ayush,2016-01-01,2026-02-28,pending,107,count,https://www.pib.gov.in/PressReleasePage.aspx?PRID=2247914&lang=1&reg=1,PIB / Lok Sabha annexure: Ministry/Department-wise CPGRAMS statistics.
department_history_2016_2026-02-28,Department,Ministry of Civil Aviation,2016-01-01,2026-02-28,brought_forward,1371,count,https://www.pib.gov.in/PressReleasePage.aspx?PRID=2247914&lang=1&reg=1,PIB / Lok Sabha annexure: Ministry/Department-wise CPGRAMS statistics.
department_history_2016_2026-02-28,Department,Ministry of Civil Aviation,2016-01-01,2026-02-28,receipts,94967,count,https://www.pib.gov.in/PressReleasePage.aspx?PRID=2247914&lang=1&reg=1,PIB / Lok Sabha annexure: Ministry/Department-wise CPGRAMS statistics.
department_history_2016_2026-02-28,Department,Ministry of Civil Aviation,2016-01-01,2026-02-28,disposed,95929,count,https://www.pib.gov.in/PressReleasePage.aspx?PRID=2247914&lang=1&reg=1,PIB / Lok Sabha annexure: Ministry/Department-wise CPGRAMS statistics.
department_history_2016_2026-02-28,Department,Ministry of Civil Aviation,2016-01-01,2026-02-28,pending,409,count,https://www.pib.gov.in/PressReleasePage.aspx?PRID=2247914&lang=1&reg=1,PIB / Lok Sabha annexure: Ministry/Department-wise CPGRAMS statistics.
department_history_2016_2026-02-28,Department,Ministry of Cooperation,2016-01-01,2026-02-28,brought_forward,0,count,https://www.pib.gov.in/PressReleasePage.aspx?PRID=2247914&lang=1&reg=1,PIB / Lok Sabha annexure: Ministry/Department-wise CPGRAMS statistics.
department_history_2016_2026-02-28,Department,Ministry of Cooperation,2016-01-01,2026-02-28,receipts,81955,count,https://www.pib.gov.in/PressReleasePage.aspx?PRID=2247914&lang=1&reg=1,PIB / Lok Sabha annexure: Ministry/Department-wise CPGRAMS statistics.
department_history_2016_2026-02-28,Department,Ministry of Cooperation,2016-01-01,2026-02-28,disposed,81477,count,https://www.pib.gov.in/PressReleasePage.aspx?PRID=2247914&lang=1&reg=1,PIB / Lok Sabha annexure: Ministry/Department-wise CPGRAMS statistics.
department_history_2016_2026-02-28,Department,Ministry of Cooperation,2016-01-01,2026-02-28,pending,478,count,https://www.pib.gov.in/PressReleasePage.aspx?PRID=2247914&lang=1&reg=1,PIB / Lok Sabha annexure: Ministry/Department-wise CPGRAMS statistics.
department_history_2016_2026-02-28,Department,Ministry of Corporate Affairs,2016-01-01,2026-02-28,brought_forward,1742,count,https://www.pib.gov.in/PressReleasePage.aspx?PRID=2247914&lang=1&reg=1,PIB / Lok Sabha annexure: Ministry/Department-wise CPGRAMS statistics.
department_history_2016_2026-02-28,Department,Ministry of Corporate Affairs,2016-01-01,2026-02-28,receipts,151377,count,https://www.pib.gov.in/PressReleasePage.aspx?PRID=2247914&lang=1&reg=1,PIB / Lok Sabha annexure: Ministry/Department-wise CPGRAMS statistics.
department_history_2016_2026-02-28,Department,Ministry of Corporate Affairs,2016-01-01,2026-02-28,disposed,152502,count,https://www.pib.gov.in/PressReleasePage.aspx?PRID=2247914&lang=1&reg=1,PIB / Lok Sabha annexure: Ministry/Department-wise CPGRAMS statistics.
department_history_2016_2026-02-28,Department,Ministry of Corporate Affairs,2016-01-01,2026-02-28,pending,617,count,https://www.pib.gov.in/PressReleasePage.aspx?PRID=2247914&lang=1&reg=1,PIB / Lok Sabha annexure: Ministry/Department-wise CPGRAMS statistics.
department_history_2016_2026-02-28,Department,Ministry of Culture,2016-01-01,2026-02-28,brought_forward,376,count,https://www.pib.gov.in/PressReleasePage.aspx?PRID=2247914&lang=1&reg=1,PIB / Lok Sabha annexure: Ministry/Department-wise CPGRAMS statistics.
department_history_2016_2026-02-28,Department,Ministry of Culture,2016-01-01,2026-02-28,receipts,25913,count,https://www.pib.gov.in/PressReleasePage.aspx?PRID=2247914&lang=1&reg=1,PIB / Lok Sabha annexure: Ministry/Department-wise CPGRAMS statistics.
department_history_2016_2026-02-28,Department,Ministry of Culture,2016-01-01,2026-02-28,disposed,26233,count,https://www.pib.gov.in/PressReleasePage.aspx?PRID=2247914&lang=1&reg=1,PIB / Lok Sabha annexure: Ministry/Department-wise CPGRAMS statistics.
department_history_2016_2026-02-28,Department,Ministry of Culture,2016-01-01,2026-02-28,pending,56,count,https://www.pib.gov.in/PressReleasePage.aspx?PRID=2247914&lang=1&reg=1,PIB / Lok Sabha annexure: Ministry/Department-wise CPGRAMS statistics.
department_history_2016_2026-02-28,Department,Ministry of Development of North Eastern Region,2016-01-01,2026-02-28,brought_forward,81,count,https://www.pib.gov.in/PressReleasePage.aspx?PRID=2247914&lang=1&reg=1,PIB / Lok Sabha annexure: Ministry/Department-wise CPGRAMS statistics.
department_history_2016_2026-02-28,Department,Ministry of Development of North Eastern Region,2016-01-01,2026-02-28,receipts,2585,count,https://www.pib.gov.in/PressReleasePage.aspx?PRID=2247914&lang=1&reg=1,PIB / Lok Sabha annexure: Ministry/Department-wise CPGRAMS statistics.
department_history_2016_2026-02-28,Department,Ministry of Development of North Eastern Region,2016-01-01,2026-02-28,disposed,2666,count,https://www.pib.gov.in/PressReleasePage.aspx?PRID=2247914&lang=1&reg=1,PIB / Lok Sabha annexure: Ministry/Department-wise CPGRAMS statistics.
department_history_2016_2026-02-28,Department,Ministry of Development of North Eastern Region,2016-01-01,2026-02-28,pending,0,count,https://www.pib.gov.in/PressReleasePage.aspx?PRID=2247914&lang=1&reg=1,PIB / Lok Sabha annexure: Ministry/Department-wise CPGRAMS statistics.
department_history_2016_2026-02-28,Department,Ministry of Drinking Water and Sanitation,2016-01-01,2026-02-28,brought_forward,293,count,https://www.pib.gov.in/PressReleasePage.aspx?PRID=2247914&lang=1&reg=1,PIB / Lok Sabha annexure: Ministry/Department-wise CPGRAMS statistics.
department_history_2016_2026-02-28,Department,Ministry of Drinking Water and Sanitation,2016-01-01,2026-02-28,receipts,48885,count,https://www.pib.gov.in/PressReleasePage.aspx?PRID=2247914&lang=1&reg=1,PIB / Lok Sabha annexure: Ministry/Department-wise CPGRAMS statistics.
department_history_2016_2026-02-28,Department,Ministry of Drinking Water and Sanitation,2016-01-01,2026-02-28,disposed,48564,count,https://www.pib.gov.in/PressReleasePage.aspx?PRID=2247914&lang=1&reg=1,PIB / Lok Sabha annexure: Ministry/Department-wise CPGRAMS statistics.
department_history_2016_2026-02-28,Department,Ministry of Drinking Water and Sanitation,2016-01-01,2026-02-28,pending,614,count,https://www.pib.gov.in/PressReleasePage.aspx?PRID=2247914&lang=1&reg=1,PIB / Lok Sabha annexure: Ministry/Department-wise CPGRAMS statistics.
department_history_2016_2026-02-28,Department,Ministry of Earth Sciences,2016-01-01,2026-02-28,brought_forward,73,count,https://www.pib.gov.in/PressReleasePage.aspx?PRID=2247914&lang=1&reg=1,PIB / Lok Sabha annexure: Ministry/Department-wise CPGRAMS statistics.
department_history_2016_2026-02-28,Department,Ministry of Earth Sciences,2016-01-01,2026-02-28,receipts,4875,count,https://www.pib.gov.in/PressReleasePage.aspx?PRID=2247914&lang=1&reg=1,PIB / Lok Sabha annexure: Ministry/Department-wise CPGRAMS statistics.
department_history_2016_2026-02-28,Department,Ministry of Earth Sciences,2016-01-01,2026-02-28,disposed,4941,count,https://www.pib.gov.in/PressReleasePage.aspx?PRID=2247914&lang=1&reg=1,PIB / Lok Sabha annexure: Ministry/Department-wise CPGRAMS statistics.
department_history_2016_2026-02-28,Department,Ministry of Earth Sciences,2016-01-01,2026-02-28,pending,7,count,https://www.pib.gov.in/PressReleasePage.aspx?PRID=2247914&lang=1&reg=1,PIB / Lok Sabha annexure: Ministry/Department-wise CPGRAMS statistics.
department_history_2016_2026-02-28,Department,Ministry of Electronics & Information Technology,2016-01-01,2026-02-28,brought_forward,268,count,https://www.pib.gov.in/PressReleasePage.aspx?PRID=2247914&lang=1&reg=1,PIB / Lok Sabha annexure: Ministry/Department-wise CPGRAMS statistics.
department_history_2016_2026-02-28,Department,Ministry of Electronics & Information Technology,2016-01-01,2026-02-28,receipts,90246,count,https://www.pib.gov.in/PressReleasePage.aspx?PRID=2247914&lang=1&reg=1,PIB / Lok Sabha annexure: Ministry/Department-wise CPGRAMS statistics.
department_history_2016_2026-02-28,Department,Ministry of Electronics & Information Technology,2016-01-01,2026-02-28,disposed,90197,count,https://www.pib.gov.in/PressReleasePage.aspx?PRID=2247914&lang=1&reg=1,PIB / Lok Sabha annexure: Ministry/Department-wise CPGRAMS statistics.
department_history_2016_2026-02-28,Department,Ministry of Electronics & Information Technology,2016-01-01,2026-02-28,pending,317,count,https://www.pib.gov.in/PressReleasePage.aspx?PRID=2247914&lang=1&reg=1,PIB / Lok Sabha annexure: Ministry/Department-wise CPGRAMS statistics.
department_history_2016_2026-02-28,Department,"Ministry of Environment, Forest and Climate Change",2016-01-01,2026-02-28,brought_forward,4240,count,https://www.pib.gov.in/PressReleasePage.aspx?PRID=2247914&lang=1&reg=1,PIB / Lok Sabha annexure: Ministry/Department-wise CPGRAMS statistics.
department_history_2016_2026-02-28,Department,"Ministry of Environment, Forest and Climate Change",2016-01-01,2026-02-28,receipts,61006,count,https://www.pib.gov.in/PressReleasePage.aspx?PRID=2247914&lang=1&reg=1,PIB / Lok Sabha annexure: Ministry/Department-wise CPGRAMS statistics.
department_history_2016_2026-02-28,Department,"Ministry of Environment, Forest and Climate Change",2016-01-01,2026-02-28,disposed,64889,count,https://www.pib.gov.in/PressReleasePage.aspx?PRID=2247914&lang=1&reg=1,PIB / Lok Sabha annexure: Ministry/Department-wise CPGRAMS statistics.
department_history_2016_2026-02-28,Department,"Ministry of Environment, Forest and Climate Change",2016-01-01,2026-02-28,pending,357,count,https://www.pib.gov.in/PressReleasePage.aspx?PRID=2247914&lang=1&reg=1,PIB / Lok Sabha annexure: Ministry/Department-wise CPGRAMS statistics.
department_history_2016_2026-02-28,Department,Ministry of External Affairs,2016-01-01,2026-02-28,brought_forward,514,count,https://www.pib.gov.in/PressReleasePage.aspx?PRID=2247914&lang=1&reg=1,PIB / Lok Sabha annexure: Ministry/Department-wise CPGRAMS statistics.
department_history_2016_2026-02-28,Department,Ministry of External Affairs,2016-01-01,2026-02-28,receipts,171174,count,https://www.pib.gov.in/PressReleasePage.aspx?PRID=2247914&lang=1&reg=1,PIB / Lok Sabha annexure: Ministry/Department-wise CPGRAMS statistics.
department_history_2016_2026-02-28,Department,Ministry of External Affairs,2016-01-01,2026-02-28,disposed,170524,count,https://www.pib.gov.in/PressReleasePage.aspx?PRID=2247914&lang=1&reg=1,PIB / Lok Sabha annexure: Ministry/Department-wise CPGRAMS statistics.
department_history_2016_2026-02-28,Department,Ministry of External Affairs,2016-01-01,2026-02-28,pending,1164,count,https://www.pib.gov.in/PressReleasePage.aspx?PRID=2247914&lang=1&reg=1,PIB / Lok Sabha annexure: Ministry/Department-wise CPGRAMS statistics.
department_history_2016_2026-02-28,Department,Ministry of Food Processing Industries,2016-01-01,2026-02-28,brought_forward,68,count,https://www.pib.gov.in/PressReleasePage.aspx?PRID=2247914&lang=1&reg=1,PIB / Lok Sabha annexure: Ministry/Department-wise CPGRAMS statistics.
department_history_2016_2026-02-28,Department,Ministry of Food Processing Industries,2016-01-01,2026-02-28,receipts,7200,count,https://www.pib.gov.in/PressReleasePage.aspx?PRID=2247914&lang=1&reg=1,PIB / Lok Sabha annexure: Ministry/Department-wise CPGRAMS statistics.
department_history_2016_2026-02-28,Department,Ministry of Food Processing Industries,2016-01-01,2026-02-28,disposed,7240,count,https://www.pib.gov.in/PressReleasePage.aspx?PRID=2247914&lang=1&reg=1,PIB / Lok Sabha annexure: Ministry/Department-wise CPGRAMS statistics.
department_history_2016_2026-02-28,Department,Ministry of Food Processing Industries,2016-01-01,2026-02-28,pending,28,count,https://www.pib.gov.in/PressReleasePage.aspx?PRID=2247914&lang=1&reg=1,PIB / Lok Sabha annexure: Ministry/Department-wise CPGRAMS statistics.
department_history_2016_2026-02-28,Department,Ministry of Heavy Industries,2016-01-01,2026-02-28,brought_forward,437,count,https://www.pib.gov.in/PressReleasePage.aspx?PRID=2247914&lang=1&reg=1,PIB / Lok Sabha annexure: Ministry/Department-wise CPGRAMS statistics.
department_history_2016_2026-02-28,Department,Ministry of Heavy Industries,2016-01-01,2026-02-28,receipts,14778,count,https://www.pib.gov.in/PressReleasePage.aspx?PRID=2247914&lang=1&reg=1,PIB / Lok Sabha annexure: Ministry/Department-wise CPGRAMS statistics.
department_history_2016_2026-02-28,Department,Ministry of Heavy Industries,2016-01-01,2026-02-28,disposed,15192,count,https://www.pib.gov.in/PressReleasePage.aspx?PRID=2247914&lang=1&reg=1,PIB / Lok Sabha annexure: Ministry/Department-wise CPGRAMS statistics.
department_history_2016_2026-02-28,Department,Ministry of Heavy Industries,2016-01-01,2026-02-28,pending,23,count,https://www.pib.gov.in/PressReleasePage.aspx?PRID=2247914&lang=1&reg=1,PIB / Lok Sabha annexure: Ministry/Department-wise CPGRAMS statistics.
department_history_2016_2026-02-28,Department,Ministry of Home Affairs,2016-01-01,2026-02-28,brought_forward,5006,count,https://www.pib.gov.in/PressReleasePage.aspx?PRID=2247914&lang=1&reg=1,PIB / Lok Sabha annexure: Ministry/Department-wise CPGRAMS statistics.
department_history_2016_2026-02-28,Department,Ministry of Home Affairs,2016-01-01,2026-02-28,receipts,425960,count,https://www.pib.gov.in/PressReleasePage.aspx?PRID=2247914&lang=1&reg=1,PIB / Lok Sabha annexure: Ministry/Department-wise CPGRAMS statistics.
department_history_2016_2026-02-28,Department,Ministry of Home Affairs,2016-01-01,2026-02-28,disposed,428041,count,https://www.pib.gov.in/PressReleasePage.aspx?PRID=2247914&lang=1&reg=1,PIB / Lok Sabha annexure: Ministry/Department-wise CPGRAMS statistics.
department_history_2016_2026-02-28,Department,Ministry of Home Affairs,2016-01-01,2026-02-28,pending,2925,count,https://www.pib.gov.in/PressReleasePage.aspx?PRID=2247914&lang=1&reg=1,PIB / Lok Sabha annexure: Ministry/Department-wise CPGRAMS statistics.
department_history_2016_2026-02-28,Department,Ministry of Housing and Urban Affairs,2016-01-01,2026-02-28,brought_forward,2228,count,https://www.pib.gov.in/PressReleasePage.aspx?PRID=2247914&lang=1&reg=1,PIB / Lok Sabha annexure: Ministry/Department-wise CPGRAMS statistics.
department_history_2016_2026-02-28,Department,Ministry of Housing and Urban Affairs,2016-01-01,2026-02-28,receipts,242109,count,https://www.pib.gov.in/PressReleasePage.aspx?PRID=2247914&lang=1&reg=1,PIB / Lok Sabha annexure: Ministry/Department-wise CPGRAMS statistics.
department_history_2016_2026-02-28,Department,Ministry of Housing and Urban Affairs,2016-01-01,2026-02-28,disposed,242349,count,https://www.pib.gov.in/PressReleasePage.aspx?PRID=2247914&lang=1&reg=1,PIB / Lok Sabha annexure: Ministry/Department-wise CPGRAMS statistics.
department_history_2016_2026-02-28,Department,Ministry of Housing and Urban Affairs,2016-01-01,2026-02-28,pending,1988,count,https://www.pib.gov.in/PressReleasePage.aspx?PRID=2247914&lang=1&reg=1,PIB / Lok Sabha annexure: Ministry/Department-wise CPGRAMS statistics.
department_history_2016_2026-02-28,Department,Ministry of Information and Broadcasting,2016-01-01,2026-02-28,brought_forward,5687,count,https://www.pib.gov.in/PressReleasePage.aspx?PRID=2247914&lang=1&reg=1,PIB / Lok Sabha annexure: Ministry/Department-wise CPGRAMS statistics.
department_history_2016_2026-02-28,Department,Ministry of Information and Broadcasting,2016-01-01,2026-02-28,receipts,65686,count,https://www.pib.gov.in/PressReleasePage.aspx?PRID=2247914&lang=1&reg=1,PIB / Lok Sabha annexure: Ministry/Department-wise CPGRAMS statistics.
department_history_2016_2026-02-28,Department,Ministry of Information and Broadcasting,2016-01-01,2026-02-28,disposed,71208,count,https://www.pib.gov.in/PressReleasePage.aspx?PRID=2247914&lang=1&reg=1,PIB / Lok Sabha annexure: Ministry/Department-wise CPGRAMS statistics.
department_history_2016_2026-02-28,Department,Ministry of Information and Broadcasting,2016-01-01,2026-02-28,pending,165,count,https://www.pib.gov.in/PressReleasePage.aspx?PRID=2247914&lang=1&reg=1,PIB / Lok Sabha annexure: Ministry/Department-wise CPGRAMS statistics.
department_history_2016_2026-02-28,Department,Ministry of Labour and Employment,2016-01-01,2026-02-28,brought_forward,1028,count,https://www.pib.gov.in/PressReleasePage.aspx?PRID=2247914&lang=1&reg=1,PIB / Lok Sabha annexure: Ministry/Department-wise CPGRAMS statistics.
department_history_2016_2026-02-28,Department,Ministry of Labour and Employment,2016-01-01,2026-02-28,receipts,1088078,count,https://www.pib.gov.in/PressReleasePage.aspx?PRID=2247914&lang=1&reg=1,PIB / Lok Sabha annexure: Ministry/Department-wise CPGRAMS statistics.
department_history_2016_2026-02-28,Department,Ministry of Labour and Employment,2016-01-01,2026-02-28,disposed,1074670,count,https://www.pib.gov.in/PressReleasePage.aspx?PRID=2247914&lang=1&reg=1,PIB / Lok Sabha annexure: Ministry/Department-wise CPGRAMS statistics.
department_history_2016_2026-02-28,Department,Ministry of Labour and Employment,2016-01-01,2026-02-28,pending,14436,count,https://www.pib.gov.in/PressReleasePage.aspx?PRID=2247914&lang=1&reg=1,PIB / Lok Sabha annexure: Ministry/Department-wise CPGRAMS statistics.
department_history_2016_2026-02-28,Department,Ministry of Micro Small and Medium Enterprises,2016-01-01,2026-02-28,brought_forward,213,count,https://www.pib.gov.in/PressReleasePage.aspx?PRID=2247914&lang=1&reg=1,PIB / Lok Sabha annexure: Ministry/Department-wise CPGRAMS statistics.
department_history_2016_2026-02-28,Department,Ministry of Micro Small and Medium Enterprises,2016-01-01,2026-02-28,receipts,78194,count,https://www.pib.gov.in/PressReleasePage.aspx?PRID=2247914&lang=1&reg=1,PIB / Lok Sabha annexure: Ministry/Department-wise CPGRAMS statistics.
department_history_2016_2026-02-28,Department,Ministry of Micro Small and Medium Enterprises,2016-01-01,2026-02-28,disposed,76213,count,https://www.pib.gov.in/PressReleasePage.aspx?PRID=2247914&lang=1&reg=1,PIB / Lok Sabha annexure: Ministry/Department-wise CPGRAMS statistics.
department_history_2016_2026-02-28,Department,Ministry of Micro Small and Medium Enterprises,2016-01-01,2026-02-28,pending,2194,count,https://www.pib.gov.in/PressReleasePage.aspx?PRID=2247914&lang=1&reg=1,PIB / Lok Sabha annexure: Ministry/Department-wise CPGRAMS statistics.
department_history_2016_2026-02-28,Department,Ministry of Mines,2016-01-01,2026-02-28,brought_forward,230,count,https://www.pib.gov.in/PressReleasePage.aspx?PRID=2247914&lang=1&reg=1,PIB / Lok Sabha annexure: Ministry/Department-wise CPGRAMS statistics.
department_history_2016_2026-02-28,Department,Ministry of Mines,2016-01-01,2026-02-28,receipts,14501,count,https://www.pib.gov.in/PressReleasePage.aspx?PRID=2247914&lang=1&reg=1,PIB / Lok Sabha annexure: Ministry/Department-wise CPGRAMS statistics.
department_history_2016_2026-02-28,Department,Ministry of Mines,2016-01-01,2026-02-28,disposed,14659,count,https://www.pib.gov.in/PressReleasePage.aspx?PRID=2247914&lang=1&reg=1,PIB / Lok Sabha annexure: Ministry/Department-wise CPGRAMS statistics.
department_history_2016_2026-02-28,Department,Ministry of Mines,2016-01-01,2026-02-28,pending,72,count,https://www.pib.gov.in/PressReleasePage.aspx?PRID=2247914&lang=1&reg=1,PIB / Lok Sabha annexure: Ministry/Department-wise CPGRAMS statistics.
department_history_2016_2026-02-28,Department,Ministry of Minority Affairs,2016-01-01,2026-02-28,brought_forward,185,count,https://www.pib.gov.in/PressReleasePage.aspx?PRID=2247914&lang=1&reg=1,PIB / Lok Sabha annexure: Ministry/Department-wise CPGRAMS statistics.
department_history_2016_2026-02-28,Department,Ministry of Minority Affairs,2016-01-01,2026-02-28,receipts,21888,count,https://www.pib.gov.in/PressReleasePage.aspx?PRID=2247914&lang=1&reg=1,PIB / Lok Sabha annexure: Ministry/Department-wise CPGRAMS statistics.
department_history_2016_2026-02-28,Department,Ministry of Minority Affairs,2016-01-01,2026-02-28,disposed,21974,count,https://www.pib.gov.in/PressReleasePage.aspx?PRID=2247914&lang=1&reg=1,PIB / Lok Sabha annexure: Ministry/Department-wise CPGRAMS statistics.
department_history_2016_2026-02-28,Department,Ministry of Minority Affairs,2016-01-01,2026-02-28,pending,99,count,https://www.pib.gov.in/PressReleasePage.aspx?PRID=2247914&lang=1&reg=1,PIB / Lok Sabha annexure: Ministry/Department-wise CPGRAMS statistics.
department_history_2016_2026-02-28,Department,Ministry of New and Renewable Energy,2016-01-01,2026-02-28,brought_forward,636,count,https://www.pib.gov.in/PressReleasePage.aspx?PRID=2247914&lang=1&reg=1,PIB / Lok Sabha annexure: Ministry/Department-wise CPGRAMS statistics.
department_history_2016_2026-02-28,Department,Ministry of New and Renewable Energy,2016-01-01,2026-02-28,receipts,12260,count,https://www.pib.gov.in/PressReleasePage.aspx?PRID=2247914&lang=1&reg=1,PIB / Lok Sabha annexure: Ministry/Department-wise CPGRAMS statistics.
department_history_2016_2026-02-28,Department,Ministry of New and Renewable Energy,2016-01-01,2026-02-28,disposed,12760,count,https://www.pib.gov.in/PressReleasePage.aspx?PRID=2247914&lang=1&reg=1,PIB / Lok Sabha annexure: Ministry/Department-wise CPGRAMS statistics.
department_history_2016_2026-02-28,Department,Ministry of New and Renewable Energy,2016-01-01,2026-02-28,pending,136,count,https://www.pib.gov.in/PressReleasePage.aspx?PRID=2247914&lang=1&reg=1,PIB / Lok Sabha annexure: Ministry/Department-wise CPGRAMS statistics.
department_history_2016_2026-02-28,Department,Ministry of Panchayati Raj,2016-01-01,2026-02-28,brought_forward,30,count,https://www.pib.gov.in/PressReleasePage.aspx?PRID=2247914&lang=1&reg=1,PIB / Lok Sabha annexure: Ministry/Department-wise CPGRAMS statistics.
department_history_2016_2026-02-28,Department,Ministry of Panchayati Raj,2016-01-01,2026-02-28,receipts,55742,count,https://www.pib.gov.in/PressReleasePage.aspx?PRID=2247914&lang=1&reg=1,PIB / Lok Sabha annexure: Ministry/Department-wise CPGRAMS statistics.
department_history_2016_2026-02-28,Department,Ministry of Panchayati Raj,2016-01-01,2026-02-28,disposed,53510,count,https://www.pib.gov.in/PressReleasePage.aspx?PRID=2247914&lang=1&reg=1,PIB / Lok Sabha annexure: Ministry/Department-wise CPGRAMS statistics.
department_history_2016_2026-02-28,Department,Ministry of Panchayati Raj,2016-01-01,2026-02-28,pending,2262,count,https://www.pib.gov.in/PressReleasePage.aspx?PRID=2247914&lang=1&reg=1,PIB / Lok Sabha annexure: Ministry/Department-wise CPGRAMS statistics.
department_history_2016_2026-02-28,Department,Ministry of Parliamentary Affairs,2016-01-01,2026-02-28,brought_forward,91,count,https://www.pib.gov.in/PressReleasePage.aspx?PRID=2247914&lang=1&reg=1,PIB / Lok Sabha annexure: Ministry/Department-wise CPGRAMS statistics.
department_history_2016_2026-02-28,Department,Ministry of Parliamentary Affairs,2016-01-01,2026-02-28,receipts,18490,count,https://www.pib.gov.in/PressReleasePage.aspx?PRID=2247914&lang=1&reg=1,PIB / Lok Sabha annexure: Ministry/Department-wise CPGRAMS statistics.
department_history_2016_2026-02-28,Department,Ministry of Parliamentary Affairs,2016-01-01,2026-02-28,disposed,18571,count,https://www.pib.gov.in/PressReleasePage.aspx?PRID=2247914&lang=1&reg=1,PIB / Lok Sabha annexure: Ministry/Department-wise CPGRAMS statistics.
department_history_2016_2026-02-28,Department,Ministry of Parliamentary Affairs,2016-01-01,2026-02-28,pending,10,count,https://www.pib.gov.in/PressReleasePage.aspx?PRID=2247914&lang=1&reg=1,PIB / Lok Sabha annexure: Ministry/Department-wise CPGRAMS statistics.
department_history_2016_2026-02-28,Department,Ministry of Petroleum and Natural Gas,2016-01-01,2026-02-28,brought_forward,1415,count,https://www.pib.gov.in/PressReleasePage.aspx?PRID=2247914&lang=1&reg=1,PIB / Lok Sabha annexure: Ministry/Department-wise CPGRAMS statistics.
department_history_2016_2026-02-28,Department,Ministry of Petroleum and Natural Gas,2016-01-01,2026-02-28,receipts,190272,count,https://www.pib.gov.in/PressReleasePage.aspx?PRID=2247914&lang=1&reg=1,PIB / Lok Sabha annexure: Ministry/Department-wise CPGRAMS statistics.
department_history_2016_2026-02-28,Department,Ministry of Petroleum and Natural Gas,2016-01-01,2026-02-28,disposed,190197,count,https://www.pib.gov.in/PressReleasePage.aspx?PRID=2247914&lang=1&reg=1,PIB / Lok Sabha annexure: Ministry/Department-wise CPGRAMS statistics.
department_history_2016_2026-02-28,Department,Ministry of Petroleum and Natural Gas,2016-01-01,2026-02-28,pending,1490,count,https://www.pib.gov.in/PressReleasePage.aspx?PRID=2247914&lang=1&reg=1,PIB / Lok Sabha annexure: Ministry/Department-wise CPGRAMS statistics.
department_history_2016_2026-02-28,Department,Ministry of Power,2016-01-01,2026-02-28,brought_forward,432,count,https://www.pib.gov.in/PressReleasePage.aspx?PRID=2247914&lang=1&reg=1,PIB / Lok Sabha annexure: Ministry/Department-wise CPGRAMS statistics.
department_history_2016_2026-02-28,Department,Ministry of Power,2016-01-01,2026-02-28,receipts,45953,count,https://www.pib.gov.in/PressReleasePage.aspx?PRID=2247914&lang=1&reg=1,PIB / Lok Sabha annexure: Ministry/Department-wise CPGRAMS statistics.
department_history_2016_2026-02-28,Department,Ministry of Power,2016-01-01,2026-02-28,disposed,46296,count,https://www.pib.gov.in/PressReleasePage.aspx?PRID=2247914&lang=1&reg=1,PIB / Lok Sabha annexure: Ministry/Department-wise CPGRAMS statistics.
department_history_2016_2026-02-28,Department,Ministry of Power,2016-01-01,2026-02-28,pending,89,count,https://www.pib.gov.in/PressReleasePage.aspx?PRID=2247914&lang=1&reg=1,PIB / Lok Sabha annexure: Ministry/Department-wise CPGRAMS statistics.
department_history_2016_2026-02-28,Department,Ministry of Railways ( Railway Board),2016-01-01,2026-02-28,brought_forward,9760,count,https://www.pib.gov.in/PressReleasePage.aspx?PRID=2247914&lang=1&reg=1,PIB / Lok Sabha annexure: Ministry/Department-wise CPGRAMS statistics.
department_history_2016_2026-02-28,Department,Ministry of Railways ( Railway Board),2016-01-01,2026-02-28,receipts,589480,count,https://www.pib.gov.in/PressReleasePage.aspx?PRID=2247914&lang=1&reg=1,PIB / Lok Sabha annexure: Ministry/Department-wise CPGRAMS statistics.
department_history_2016_2026-02-28,Department,Ministry of Railways ( Railway Board),2016-01-01,2026-02-28,disposed,595011,count,https://www.pib.gov.in/PressReleasePage.aspx?PRID=2247914&lang=1&reg=1,PIB / Lok Sabha annexure: Ministry/Department-wise CPGRAMS statistics.
department_history_2016_2026-02-28,Department,Ministry of Railways ( Railway Board),2016-01-01,2026-02-28,pending,4229,count,https://www.pib.gov.in/PressReleasePage.aspx?PRID=2247914&lang=1&reg=1,PIB / Lok Sabha annexure: Ministry/Department-wise CPGRAMS statistics.
department_history_2016_2026-02-28,Department,Ministry of Road Transport and Highways,2016-01-01,2026-02-28,brought_forward,4523,count,https://www.pib.gov.in/PressReleasePage.aspx?PRID=2247914&lang=1&reg=1,PIB / Lok Sabha annexure: Ministry/Department-wise CPGRAMS statistics.
department_history_2016_2026-02-28,Department,Ministry of Road Transport and Highways,2016-01-01,2026-02-28,receipts,210970,count,https://www.pib.gov.in/PressReleasePage.aspx?PRID=2247914&lang=1&reg=1,PIB / Lok Sabha annexure: Ministry/Department-wise CPGRAMS statistics.
department_history_2016_2026-02-28,Department,Ministry of Road Transport and Highways,2016-01-01,2026-02-28,disposed,214269,count,https://www.pib.gov.in/PressReleasePage.aspx?PRID=2247914&lang=1&reg=1,PIB / Lok Sabha annexure: Ministry/Department-wise CPGRAMS statistics.
department_history_2016_2026-02-28,Department,Ministry of Road Transport and Highways,2016-01-01,2026-02-28,pending,1224,count,https://www.pib.gov.in/PressReleasePage.aspx?PRID=2247914&lang=1&reg=1,PIB / Lok Sabha annexure: Ministry/Department-wise CPGRAMS statistics.
department_history_2016_2026-02-28,Department,Ministry of Shipping,2016-01-01,2026-02-28,brought_forward,179,count,https://www.pib.gov.in/PressReleasePage.aspx?PRID=2247914&lang=1&reg=1,PIB / Lok Sabha annexure: Ministry/Department-wise CPGRAMS statistics.
department_history_2016_2026-02-28,Department,Ministry of Shipping,2016-01-01,2026-02-28,receipts,18052,count,https://www.pib.gov.in/PressReleasePage.aspx?PRID=2247914&lang=1&reg=1,PIB / Lok Sabha annexure: Ministry/Department-wise CPGRAMS statistics.
department_history_2016_2026-02-28,Department,Ministry of Shipping,2016-01-01,2026-02-28,disposed,18189,count,https://www.pib.gov.in/PressReleasePage.aspx?PRID=2247914&lang=1&reg=1,PIB / Lok Sabha annexure: Ministry/Department-wise CPGRAMS statistics.
department_history_2016_2026-02-28,Department,Ministry of Shipping,2016-01-01,2026-02-28,pending,42,count,https://www.pib.gov.in/PressReleasePage.aspx?PRID=2247914&lang=1&reg=1,PIB / Lok Sabha annexure: Ministry/Department-wise CPGRAMS statistics.
department_history_2016_2026-02-28,Department,Ministry of Skill Development and Entrepreneurship,2016-01-01,2026-02-28,brought_forward,134,count,https://www.pib.gov.in/PressReleasePage.aspx?PRID=2247914&lang=1&reg=1,PIB / Lok Sabha annexure: Ministry/Department-wise CPGRAMS statistics.
department_history_2016_2026-02-28,Department,Ministry of Skill Development and Entrepreneurship,2016-01-01,2026-02-28,receipts,43933,count,https://www.pib.gov.in/PressReleasePage.aspx?PRID=2247914&lang=1&reg=1,PIB / Lok Sabha annexure: Ministry/Department-wise CPGRAMS statistics.
department_history_2016_2026-02-28,Department,Ministry of Skill Development and Entrepreneurship,2016-01-01,2026-02-28,disposed,43685,count,https://www.pib.gov.in/PressReleasePage.aspx?PRID=2247914&lang=1&reg=1,PIB / Lok Sabha annexure: Ministry/Department-wise CPGRAMS statistics.
department_history_2016_2026-02-28,Department,Ministry of Skill Development and Entrepreneurship,2016-01-01,2026-02-28,pending,382,count,https://www.pib.gov.in/PressReleasePage.aspx?PRID=2247914&lang=1&reg=1,PIB / Lok Sabha annexure: Ministry/Department-wise CPGRAMS statistics.
department_history_2016_2026-02-28,Department,Ministry of Statistics and Programme Implementation,2016-01-01,2026-02-28,brought_forward,65,count,https://www.pib.gov.in/PressReleasePage.aspx?PRID=2247914&lang=1&reg=1,PIB / Lok Sabha annexure: Ministry/Department-wise CPGRAMS statistics.
department_history_2016_2026-02-28,Department,Ministry of Statistics and Programme Implementation,2016-01-01,2026-02-28,receipts,5022,count,https://www.pib.gov.in/PressReleasePage.aspx?PRID=2247914&lang=1&reg=1,PIB / Lok Sabha annexure: Ministry/Department-wise CPGRAMS statistics.
department_history_2016_2026-02-28,Department,Ministry of Statistics and Programme Implementation,2016-01-01,2026-02-28,disposed,5067,count,https://www.pib.gov.in/PressReleasePage.aspx?PRID=2247914&lang=1&reg=1,PIB / Lok Sabha annexure: Ministry/Department-wise CPGRAMS statistics.
department_history_2016_2026-02-28,Department,Ministry of Statistics and Programme Implementation,2016-01-01,2026-02-28,pending,20,count,https://www.pib.gov.in/PressReleasePage.aspx?PRID=2247914&lang=1&reg=1,PIB / Lok Sabha annexure: Ministry/Department-wise CPGRAMS statistics.
department_history_2016_2026-02-28,Department,Ministry of Steel,2016-01-01,2026-02-28,brought_forward,157,count,https://www.pib.gov.in/PressReleasePage.aspx?PRID=2247914&lang=1&reg=1,PIB / Lok Sabha annexure: Ministry/Department-wise CPGRAMS statistics.
department_history_2016_2026-02-28,Department,Ministry of Steel,2016-01-01,2026-02-28,receipts,14835,count,https://www.pib.gov.in/PressReleasePage.aspx?PRID=2247914&lang=1&reg=1,PIB / Lok Sabha annexure: Ministry/Department-wise CPGRAMS statistics.
department_history_2016_2026-02-28,Department,Ministry of Steel,2016-01-01,2026-02-28,disposed,14950,count,https://www.pib.gov.in/PressReleasePage.aspx?PRID=2247914&lang=1&reg=1,PIB / Lok Sabha annexure: Ministry/Department-wise CPGRAMS statistics.
department_history_2016_2026-02-28,Department,Ministry of Steel,2016-01-01,2026-02-28,pending,42,count,https://www.pib.gov.in/PressReleasePage.aspx?PRID=2247914&lang=1&reg=1,PIB / Lok Sabha annexure: Ministry/Department-wise CPGRAMS statistics.
department_history_2016_2026-02-28,Department,Ministry of Textiles,2016-01-01,2026-02-28,brought_forward,119,count,https://www.pib.gov.in/PressReleasePage.aspx?PRID=2247914&lang=1&reg=1,PIB / Lok Sabha annexure: Ministry/Department-wise CPGRAMS statistics.
department_history_2016_2026-02-28,Department,Ministry of Textiles,2016-01-01,2026-02-28,receipts,13286,count,https://www.pib.gov.in/PressReleasePage.aspx?PRID=2247914&lang=1&reg=1,PIB / Lok Sabha annexure: Ministry/Department-wise CPGRAMS statistics.
department_history_2016_2026-02-28,Department,Ministry of Textiles,2016-01-01,2026-02-28,disposed,13376,count,https://www.pib.gov.in/PressReleasePage.aspx?PRID=2247914&lang=1&reg=1,PIB / Lok Sabha annexure: Ministry/Department-wise CPGRAMS statistics.
department_history_2016_2026-02-28,Department,Ministry of Textiles,2016-01-01,2026-02-28,pending,29,count,https://www.pib.gov.in/PressReleasePage.aspx?PRID=2247914&lang=1&reg=1,PIB / Lok Sabha annexure: Ministry/Department-wise CPGRAMS statistics.
department_history_2016_2026-02-28,Department,Ministry of Tourism,2016-01-01,2026-02-28,brought_forward,666,count,https://www.pib.gov.in/PressReleasePage.aspx?PRID=2247914&lang=1&reg=1,PIB / Lok Sabha annexure: Ministry/Department-wise CPGRAMS statistics.
department_history_2016_2026-02-28,Department,Ministry of Tourism,2016-01-01,2026-02-28,receipts,20628,count,https://www.pib.gov.in/PressReleasePage.aspx?PRID=2247914&lang=1&reg=1,PIB / Lok Sabha annexure: Ministry/Department-wise CPGRAMS statistics.
department_history_2016_2026-02-28,Department,Ministry of Tourism,2016-01-01,2026-02-28,disposed,21168,count,https://www.pib.gov.in/PressReleasePage.aspx?PRID=2247914&lang=1&reg=1,PIB / Lok Sabha annexure: Ministry/Department-wise CPGRAMS statistics.
department_history_2016_2026-02-28,Department,Ministry of Tourism,2016-01-01,2026-02-28,pending,126,count,https://www.pib.gov.in/PressReleasePage.aspx?PRID=2247914&lang=1&reg=1,PIB / Lok Sabha annexure: Ministry/Department-wise CPGRAMS statistics.
department_history_2016_2026-02-28,Department,Ministry of Tribal Affairs,2016-01-01,2026-02-28,brought_forward,89,count,https://www.pib.gov.in/PressReleasePage.aspx?PRID=2247914&lang=1&reg=1,PIB / Lok Sabha annexure: Ministry/Department-wise CPGRAMS statistics.
department_history_2016_2026-02-28,Department,Ministry of Tribal Affairs,2016-01-01,2026-02-28,receipts,16524,count,https://www.pib.gov.in/PressReleasePage.aspx?PRID=2247914&lang=1&reg=1,PIB / Lok Sabha annexure: Ministry/Department-wise CPGRAMS statistics.
department_history_2016_2026-02-28,Department,Ministry of Tribal Affairs,2016-01-01,2026-02-28,disposed,16566,count,https://www.pib.gov.in/PressReleasePage.aspx?PRID=2247914&lang=1&reg=1,PIB / Lok Sabha annexure: Ministry/Department-wise CPGRAMS statistics.
department_history_2016_2026-02-28,Department,Ministry of Tribal Affairs,2016-01-01,2026-02-28,pending,47,count,https://www.pib.gov.in/PressReleasePage.aspx?PRID=2247914&lang=1&reg=1,PIB / Lok Sabha annexure: Ministry/Department-wise CPGRAMS statistics.
department_history_2016_2026-02-28,Department,"Ministry of Water Resources, River Development & Ganga Rejuvenation",2016-01-01,2026-02-28,brought_forward,805,count,https://www.pib.gov.in/PressReleasePage.aspx?PRID=2247914&lang=1&reg=1,PIB / Lok Sabha annexure: Ministry/Department-wise CPGRAMS statistics.
department_history_2016_2026-02-28,Department,"Ministry of Water Resources, River Development & Ganga Rejuvenation",2016-01-01,2026-02-28,receipts,35092,count,https://www.pib.gov.in/PressReleasePage.aspx?PRID=2247914&lang=1&reg=1,PIB / Lok Sabha annexure: Ministry/Department-wise CPGRAMS statistics.
department_history_2016_2026-02-28,Department,"Ministry of Water Resources, River Development & Ganga Rejuvenation",2016-01-01,2026-02-28,disposed,35716,count,https://www.pib.gov.in/PressReleasePage.aspx?PRID=2247914&lang=1&reg=1,PIB / Lok Sabha annexure: Ministry/Department-wise CPGRAMS statistics.
department_history_2016_2026-02-28,Department,"Ministry of Water Resources, River Development & Ganga Rejuvenation",2016-01-01,2026-02-28,pending,181,count,https://www.pib.gov.in/PressReleasePage.aspx?PRID=2247914&lang=1&reg=1,PIB / Lok Sabha annexure: Ministry/Department-wise CPGRAMS statistics.
department_history_2016_2026-02-28,Department,Ministry of Women and Child Development,2016-01-01,2026-02-28,brought_forward,254,count,https://www.pib.gov.in/PressReleasePage.aspx?PRID=2247914&lang=1&reg=1,PIB / Lok Sabha annexure: Ministry/Department-wise CPGRAMS statistics.
department_history_2016_2026-02-28,Department,Ministry of Women and Child Development,2016-01-01,2026-02-28,receipts,65359,count,https://www.pib.gov.in/PressReleasePage.aspx?PRID=2247914&lang=1&reg=1,PIB / Lok Sabha annexure: Ministry/Department-wise CPGRAMS statistics.
department_history_2016_2026-02-28,Department,Ministry of Women and Child Development,2016-01-01,2026-02-28,disposed,65254,count,https://www.pib.gov.in/PressReleasePage.aspx?PRID=2247914&lang=1&reg=1,PIB / Lok Sabha annexure: Ministry/Department-wise CPGRAMS statistics.
department_history_2016_2026-02-28,Department,Ministry of Women and Child Development,2016-01-01,2026-02-28,pending,359,count,https://www.pib.gov.in/PressReleasePage.aspx?PRID=2247914&lang=1&reg=1,PIB / Lok Sabha annexure: Ministry/Department-wise CPGRAMS statistics.
department_history_2016_2026-02-28,Department,NITI Aayog,2016-01-01,2026-02-28,brought_forward,1134,count,https://www.pib.gov.in/PressReleasePage.aspx?PRID=2247914&lang=1&reg=1,PIB / Lok Sabha annexure: Ministry/Department-wise CPGRAMS statistics.
department_history_2016_2026-02-28,Department,NITI Aayog,2016-01-01,2026-02-28,receipts,27470,count,https://www.pib.gov.in/PressReleasePage.aspx?PRID=2247914&lang=1&reg=1,PIB / Lok Sabha annexure: Ministry/Department-wise CPGRAMS statistics.
department_history_2016_2026-02-28,Department,NITI Aayog,2016-01-01,2026-02-28,disposed,28571,count,https://www.pib.gov.in/PressReleasePage.aspx?PRID=2247914&lang=1&reg=1,PIB / Lok Sabha annexure: Ministry/Department-wise CPGRAMS statistics.
department_history_2016_2026-02-28,Department,NITI Aayog,2016-01-01,2026-02-28,pending,33,count,https://www.pib.gov.in/PressReleasePage.aspx?PRID=2247914&lang=1&reg=1,PIB / Lok Sabha annexure: Ministry/Department-wise CPGRAMS statistics.
department_history_2016_2026-02-28,Department,O/o the Comptroller & Auditor General of India,2016-01-01,2026-02-28,brought_forward,75,count,https://www.pib.gov.in/PressReleasePage.aspx?PRID=2247914&lang=1&reg=1,PIB / Lok Sabha annexure: Ministry/Department-wise CPGRAMS statistics.
department_history_2016_2026-02-28,Department,O/o the Comptroller & Auditor General of India,2016-01-01,2026-02-28,receipts,64268,count,https://www.pib.gov.in/PressReleasePage.aspx?PRID=2247914&lang=1&reg=1,PIB / Lok Sabha annexure: Ministry/Department-wise CPGRAMS statistics.
department_history_2016_2026-02-28,Department,O/o the Comptroller & Auditor General of India,2016-01-01,2026-02-28,disposed,64254,count,https://www.pib.gov.in/PressReleasePage.aspx?PRID=2247914&lang=1&reg=1,PIB / Lok Sabha annexure: Ministry/Department-wise CPGRAMS statistics.
department_history_2016_2026-02-28,Department,O/o the Comptroller & Auditor General of India,2016-01-01,2026-02-28,pending,89,count,https://www.pib.gov.in/PressReleasePage.aspx?PRID=2247914&lang=1&reg=1,PIB / Lok Sabha annexure: Ministry/Department-wise CPGRAMS statistics.
department_history_2016_2026-02-28,Department,Staff Selection Commission,2016-01-01,2026-02-28,brought_forward,78,count,https://www.pib.gov.in/PressReleasePage.aspx?PRID=2247914&lang=1&reg=1,PIB / Lok Sabha annexure: Ministry/Department-wise CPGRAMS statistics.
department_history_2016_2026-02-28,Department,Staff Selection Commission,2016-01-01,2026-02-28,receipts,140024,count,https://www.pib.gov.in/PressReleasePage.aspx?PRID=2247914&lang=1&reg=1,PIB / Lok Sabha annexure: Ministry/Department-wise CPGRAMS statistics.
department_history_2016_2026-02-28,Department,Staff Selection Commission,2016-01-01,2026-02-28,disposed,139894,count,https://www.pib.gov.in/PressReleasePage.aspx?PRID=2247914&lang=1&reg=1,PIB / Lok Sabha annexure: Ministry/Department-wise CPGRAMS statistics.
department_history_2016_2026-02-28,Department,Staff Selection Commission,2016-01-01,2026-02-28,pending,208,count,https://www.pib.gov.in/PressReleasePage.aspx?PRID=2247914&lang=1&reg=1,PIB / Lok Sabha annexure: Ministry/Department-wise CPGRAMS statistics.
department_history_2016_2026-02-28,Department,Unique Identification Authority of India,2016-01-01,2026-02-28,brought_forward,268,count,https://www.pib.gov.in/PressReleasePage.aspx?PRID=2247914&lang=1&reg=1,PIB / Lok Sabha annexure: Ministry/Department-wise CPGRAMS statistics.
department_history_2016_2026-02-28,Department,Unique Identification Authority of India,2016-01-01,2026-02-28,receipts,170332,count,https://www.pib.gov.in/PressReleasePage.aspx?PRID=2247914&lang=1&reg=1,PIB / Lok Sabha annexure: Ministry/Department-wise CPGRAMS statistics.
department_history_2016_2026-02-28,Department,Unique Identification Authority of India,2016-01-01,2026-02-28,disposed,168502,count,https://www.pib.gov.in/PressReleasePage.aspx?PRID=2247914&lang=1&reg=1,PIB / Lok Sabha annexure: Ministry/Department-wise CPGRAMS statistics.
department_history_2016_2026-02-28,Department,Unique Identification Authority of India,2016-01-01,2026-02-28,pending,2098,count,https://www.pib.gov.in/PressReleasePage.aspx?PRID=2247914&lang=1&reg=1,PIB / Lok Sabha annexure: Ministry/Department-wise CPGRAMS statistics.
state_history_2016_2026-02-28,State/UT,Government of Andaman & Nicobar,2016-01-01,2026-02-28,brought_forward,593,count,https://www.pib.gov.in/PressReleasePage.aspx?PRID=2247914&lang=1&reg=1,PIB / Lok Sabha annexure: State/UT-wise CPGRAMS statistics.
state_history_2016_2026-02-28,State/UT,Government of Andaman & Nicobar,2016-01-01,2026-02-28,receipts,9150,count,https://www.pib.gov.in/PressReleasePage.aspx?PRID=2247914&lang=1&reg=1,PIB / Lok Sabha annexure: State/UT-wise CPGRAMS statistics.
state_history_2016_2026-02-28,State/UT,Government of Andaman & Nicobar,2016-01-01,2026-02-28,disposed,9684,count,https://www.pib.gov.in/PressReleasePage.aspx?PRID=2247914&lang=1&reg=1,PIB / Lok Sabha annexure: State/UT-wise CPGRAMS statistics.
state_history_2016_2026-02-28,State/UT,Government of Andaman & Nicobar,2016-01-01,2026-02-28,pending,59,count,https://www.pib.gov.in/PressReleasePage.aspx?PRID=2247914&lang=1&reg=1,PIB / Lok Sabha annexure: State/UT-wise CPGRAMS statistics.
state_history_2016_2026-02-28,State/UT,Government of Andhra Pradesh,2016-01-01,2026-02-28,brought_forward,15187,count,https://www.pib.gov.in/PressReleasePage.aspx?PRID=2247914&lang=1&reg=1,PIB / Lok Sabha annexure: State/UT-wise CPGRAMS statistics.
state_history_2016_2026-02-28,State/UT,Government of Andhra Pradesh,2016-01-01,2026-02-28,receipts,84726,count,https://www.pib.gov.in/PressReleasePage.aspx?PRID=2247914&lang=1&reg=1,PIB / Lok Sabha annexure: State/UT-wise CPGRAMS statistics.
state_history_2016_2026-02-28,State/UT,Government of Andhra Pradesh,2016-01-01,2026-02-28,disposed,94953,count,https://www.pib.gov.in/PressReleasePage.aspx?PRID=2247914&lang=1&reg=1,PIB / Lok Sabha annexure: State/UT-wise CPGRAMS statistics.
state_history_2016_2026-02-28,State/UT,Government of Andhra Pradesh,2016-01-01,2026-02-28,pending,4960,count,https://www.pib.gov.in/PressReleasePage.aspx?PRID=2247914&lang=1&reg=1,PIB / Lok Sabha annexure: State/UT-wise CPGRAMS statistics.
state_history_2016_2026-02-28,State/UT,Government of Arunachal Pradesh,2016-01-01,2026-02-28,brought_forward,283,count,https://www.pib.gov.in/PressReleasePage.aspx?PRID=2247914&lang=1&reg=1,PIB / Lok Sabha annexure: State/UT-wise CPGRAMS statistics.
state_history_2016_2026-02-28,State/UT,Government of Arunachal Pradesh,2016-01-01,2026-02-28,receipts,4382,count,https://www.pib.gov.in/PressReleasePage.aspx?PRID=2247914&lang=1&reg=1,PIB / Lok Sabha annexure: State/UT-wise CPGRAMS statistics.
state_history_2016_2026-02-28,State/UT,Government of Arunachal Pradesh,2016-01-01,2026-02-28,disposed,4394,count,https://www.pib.gov.in/PressReleasePage.aspx?PRID=2247914&lang=1&reg=1,PIB / Lok Sabha annexure: State/UT-wise CPGRAMS statistics.
state_history_2016_2026-02-28,State/UT,Government of Arunachal Pradesh,2016-01-01,2026-02-28,pending,271,count,https://www.pib.gov.in/PressReleasePage.aspx?PRID=2247914&lang=1&reg=1,PIB / Lok Sabha annexure: State/UT-wise CPGRAMS statistics.
state_history_2016_2026-02-28,State/UT,Government of Assam,2016-01-01,2026-02-28,brought_forward,4781,count,https://www.pib.gov.in/PressReleasePage.aspx?PRID=2247914&lang=1&reg=1,PIB / Lok Sabha annexure: State/UT-wise CPGRAMS statistics.
state_history_2016_2026-02-28,State/UT,Government of Assam,2016-01-01,2026-02-28,receipts,167755,count,https://www.pib.gov.in/PressReleasePage.aspx?PRID=2247914&lang=1&reg=1,PIB / Lok Sabha annexure: State/UT-wise CPGRAMS statistics.
state_history_2016_2026-02-28,State/UT,Government of Assam,2016-01-01,2026-02-28,disposed,169868,count,https://www.pib.gov.in/PressReleasePage.aspx?PRID=2247914&lang=1&reg=1,PIB / Lok Sabha annexure: State/UT-wise CPGRAMS statistics.
state_history_2016_2026-02-28,State/UT,Government of Assam,2016-01-01,2026-02-28,pending,2668,count,https://www.pib.gov.in/PressReleasePage.aspx?PRID=2247914&lang=1&reg=1,PIB / Lok Sabha annexure: State/UT-wise CPGRAMS statistics.
state_history_2016_2026-02-28,State/UT,Government of Bihar,2016-01-01,2026-02-28,brought_forward,9114,count,https://www.pib.gov.in/PressReleasePage.aspx?PRID=2247914&lang=1&reg=1,PIB / Lok Sabha annexure: State/UT-wise CPGRAMS statistics.
state_history_2016_2026-02-28,State/UT,Government of Bihar,2016-01-01,2026-02-28,receipts,300734,count,https://www.pib.gov.in/PressReleasePage.aspx?PRID=2247914&lang=1&reg=1,PIB / Lok Sabha annexure: State/UT-wise CPGRAMS statistics.
state_history_2016_2026-02-28,State/UT,Government of Bihar,2016-01-01,2026-02-28,disposed,297196,count,https://www.pib.gov.in/PressReleasePage.aspx?PRID=2247914&lang=1&reg=1,PIB / Lok Sabha annexure: State/UT-wise CPGRAMS statistics.
state_history_2016_2026-02-28,State/UT,Government of Bihar,2016-01-01,2026-02-28,pending,12652,count,https://www.pib.gov.in/PressReleasePage.aspx?PRID=2247914&lang=1&reg=1,PIB / Lok Sabha annexure: State/UT-wise CPGRAMS statistics.
state_history_2016_2026-02-28,State/UT,Government of Chattisgarh,2016-01-01,2026-02-28,brought_forward,1078,count,https://www.pib.gov.in/PressReleasePage.aspx?PRID=2247914&lang=1&reg=1,PIB / Lok Sabha annexure: State/UT-wise CPGRAMS statistics.
state_history_2016_2026-02-28,State/UT,Government of Chattisgarh,2016-01-01,2026-02-28,receipts,97759,count,https://www.pib.gov.in/PressReleasePage.aspx?PRID=2247914&lang=1&reg=1,PIB / Lok Sabha annexure: State/UT-wise CPGRAMS statistics.
state_history_2016_2026-02-28,State/UT,Government of Chattisgarh,2016-01-01,2026-02-28,disposed,91533,count,https://www.pib.gov.in/PressReleasePage.aspx?PRID=2247914&lang=1&reg=1,PIB / Lok Sabha annexure: State/UT-wise CPGRAMS statistics.
state_history_2016_2026-02-28,State/UT,Government of Chattisgarh,2016-01-01,2026-02-28,pending,7304,count,https://www.pib.gov.in/PressReleasePage.aspx?PRID=2247914&lang=1&reg=1,PIB / Lok Sabha annexure: State/UT-wise CPGRAMS statistics.
state_history_2016_2026-02-28,State/UT,Government of Goa,2016-01-01,2026-02-28,brought_forward,417,count,https://www.pib.gov.in/PressReleasePage.aspx?PRID=2247914&lang=1&reg=1,PIB / Lok Sabha annexure: State/UT-wise CPGRAMS statistics.
state_history_2016_2026-02-28,State/UT,Government of Goa,2016-01-01,2026-02-28,receipts,13568,count,https://www.pib.gov.in/PressReleasePage.aspx?PRID=2247914&lang=1&reg=1,PIB / Lok Sabha annexure: State/UT-wise CPGRAMS statistics.
state_history_2016_2026-02-28,State/UT,Government of Goa,2016-01-01,2026-02-28,disposed,13221,count,https://www.pib.gov.in/PressReleasePage.aspx?PRID=2247914&lang=1&reg=1,PIB / Lok Sabha annexure: State/UT-wise CPGRAMS statistics.
state_history_2016_2026-02-28,State/UT,Government of Goa,2016-01-01,2026-02-28,pending,764,count,https://www.pib.gov.in/PressReleasePage.aspx?PRID=2247914&lang=1&reg=1,PIB / Lok Sabha annexure: State/UT-wise CPGRAMS statistics.
state_history_2016_2026-02-28,State/UT,Government of Gujarat,2016-01-01,2026-02-28,brought_forward,6423,count,https://www.pib.gov.in/PressReleasePage.aspx?PRID=2247914&lang=1&reg=1,PIB / Lok Sabha annexure: State/UT-wise CPGRAMS statistics.
state_history_2016_2026-02-28,State/UT,Government of Gujarat,2016-01-01,2026-02-28,receipts,437007,count,https://www.pib.gov.in/PressReleasePage.aspx?PRID=2247914&lang=1&reg=1,PIB / Lok Sabha annexure: State/UT-wise CPGRAMS statistics.
state_history_2016_2026-02-28,State/UT,Government of Gujarat,2016-01-01,2026-02-28,disposed,438997,count,https://www.pib.gov.in/PressReleasePage.aspx?PRID=2247914&lang=1&reg=1,PIB / Lok Sabha annexure: State/UT-wise CPGRAMS statistics.
state_history_2016_2026-02-28,State/UT,Government of Gujarat,2016-01-01,2026-02-28,pending,4433,count,https://www.pib.gov.in/PressReleasePage.aspx?PRID=2247914&lang=1&reg=1,PIB / Lok Sabha annexure: State/UT-wise CPGRAMS statistics.
state_history_2016_2026-02-28,State/UT,Government of Haryana,2016-01-01,2026-02-28,brought_forward,18135,count,https://www.pib.gov.in/PressReleasePage.aspx?PRID=2247914&lang=1&reg=1,PIB / Lok Sabha annexure: State/UT-wise CPGRAMS statistics.
state_history_2016_2026-02-28,State/UT,Government of Haryana,2016-01-01,2026-02-28,receipts,308283,count,https://www.pib.gov.in/PressReleasePage.aspx?PRID=2247914&lang=1&reg=1,PIB / Lok Sabha annexure: State/UT-wise CPGRAMS statistics.
state_history_2016_2026-02-28,State/UT,Government of Haryana,2016-01-01,2026-02-28,disposed,316051,count,https://www.pib.gov.in/PressReleasePage.aspx?PRID=2247914&lang=1&reg=1,PIB / Lok Sabha annexure: State/UT-wise CPGRAMS statistics.
state_history_2016_2026-02-28,State/UT,Government of Haryana,2016-01-01,2026-02-28,pending,10367,count,https://www.pib.gov.in/PressReleasePage.aspx?PRID=2247914&lang=1&reg=1,PIB / Lok Sabha annexure: State/UT-wise CPGRAMS statistics.
state_history_2016_2026-02-28,State/UT,Government of Himachal Pradesh,2016-01-01,2026-02-28,brought_forward,2905,count,https://www.pib.gov.in/PressReleasePage.aspx?PRID=2247914&lang=1&reg=1,PIB / Lok Sabha annexure: State/UT-wise CPGRAMS statistics.
state_history_2016_2026-02-28,State/UT,Government of Himachal Pradesh,2016-01-01,2026-02-28,receipts,42601,count,https://www.pib.gov.in/PressReleasePage.aspx?PRID=2247914&lang=1&reg=1,PIB / Lok Sabha annexure: State/UT-wise CPGRAMS statistics.
state_history_2016_2026-02-28,State/UT,Government of Himachal Pradesh,2016-01-01,2026-02-28,disposed,38355,count,https://www.pib.gov.in/PressReleasePage.aspx?PRID=2247914&lang=1&reg=1,PIB / Lok Sabha annexure: State/UT-wise CPGRAMS statistics.
state_history_2016_2026-02-28,State/UT,Government of Himachal Pradesh,2016-01-01,2026-02-28,pending,7151,count,https://www.pib.gov.in/PressReleasePage.aspx?PRID=2247914&lang=1&reg=1,PIB / Lok Sabha annexure: State/UT-wise CPGRAMS statistics.
state_history_2016_2026-02-28,State/UT,Government of Jammu and Kashmir,2016-01-01,2026-02-28,brought_forward,3148,count,https://www.pib.gov.in/PressReleasePage.aspx?PRID=2247914&lang=1&reg=1,PIB / Lok Sabha annexure: State/UT-wise CPGRAMS statistics.
state_history_2016_2026-02-28,State/UT,Government of Jammu and Kashmir,2016-01-01,2026-02-28,receipts,57981,count,https://www.pib.gov.in/PressReleasePage.aspx?PRID=2247914&lang=1&reg=1,PIB / Lok Sabha annexure: State/UT-wise CPGRAMS statistics.
state_history_2016_2026-02-28,State/UT,Government of Jammu and Kashmir,2016-01-01,2026-02-28,disposed,54433,count,https://www.pib.gov.in/PressReleasePage.aspx?PRID=2247914&lang=1&reg=1,PIB / Lok Sabha annexure: State/UT-wise CPGRAMS statistics.
state_history_2016_2026-02-28,State/UT,Government of Jammu and Kashmir,2016-01-01,2026-02-28,pending,6696,count,https://www.pib.gov.in/PressReleasePage.aspx?PRID=2247914&lang=1&reg=1,PIB / Lok Sabha annexure: State/UT-wise CPGRAMS statistics.
state_history_2016_2026-02-28,State/UT,Government of Jharkhand,2016-01-01,2026-02-28,brought_forward,6365,count,https://www.pib.gov.in/PressReleasePage.aspx?PRID=2247914&lang=1&reg=1,PIB / Lok Sabha annexure: State/UT-wise CPGRAMS statistics.
state_history_2016_2026-02-28,State/UT,Government of Jharkhand,2016-01-01,2026-02-28,receipts,154718,count,https://www.pib.gov.in/PressReleasePage.aspx?PRID=2247914&lang=1&reg=1,PIB / Lok Sabha annexure: State/UT-wise CPGRAMS statistics.
state_history_2016_2026-02-28,State/UT,Government of Jharkhand,2016-01-01,2026-02-28,disposed,156393,count,https://www.pib.gov.in/PressReleasePage.aspx?PRID=2247914&lang=1&reg=1,PIB / Lok Sabha annexure: State/UT-wise CPGRAMS statistics.
state_history_2016_2026-02-28,State/UT,Government of Jharkhand,2016-01-01,2026-02-28,pending,4690,count,https://www.pib.gov.in/PressReleasePage.aspx?PRID=2247914&lang=1&reg=1,PIB / Lok Sabha annexure: State/UT-wise CPGRAMS statistics.
state_history_2016_2026-02-28,State/UT,Government of Karnataka,2016-01-01,2026-02-28,brought_forward,12650,count,https://www.pib.gov.in/PressReleasePage.aspx?PRID=2247914&lang=1&reg=1,PIB / Lok Sabha annexure: State/UT-wise CPGRAMS statistics.
state_history_2016_2026-02-28,State/UT,Government of Karnataka,2016-01-01,2026-02-28,receipts,202007,count,https://www.pib.gov.in/PressReleasePage.aspx?PRID=2247914&lang=1&reg=1,PIB / Lok Sabha annexure: State/UT-wise CPGRAMS statistics.
state_history_2016_2026-02-28,State/UT,Government of Karnataka,2016-01-01,2026-02-28,disposed,205935,count,https://www.pib.gov.in/PressReleasePage.aspx?PRID=2247914&lang=1&reg=1,PIB / Lok Sabha annexure: State/UT-wise CPGRAMS statistics.
state_history_2016_2026-02-28,State/UT,Government of Karnataka,2016-01-01,2026-02-28,pending,8722,count,https://www.pib.gov.in/PressReleasePage.aspx?PRID=2247914&lang=1&reg=1,PIB / Lok Sabha annexure: State/UT-wise CPGRAMS statistics.
state_history_2016_2026-02-28,State/UT,Government of Kerala,2016-01-01,2026-02-28,brought_forward,6287,count,https://www.pib.gov.in/PressReleasePage.aspx?PRID=2247914&lang=1&reg=1,PIB / Lok Sabha annexure: State/UT-wise CPGRAMS statistics.
state_history_2016_2026-02-28,State/UT,Government of Kerala,2016-01-01,2026-02-28,receipts,83635,count,https://www.pib.gov.in/PressReleasePage.aspx?PRID=2247914&lang=1&reg=1,PIB / Lok Sabha annexure: State/UT-wise CPGRAMS statistics.
state_history_2016_2026-02-28,State/UT,Government of Kerala,2016-01-01,2026-02-28,disposed,88870,count,https://www.pib.gov.in/PressReleasePage.aspx?PRID=2247914&lang=1&reg=1,PIB / Lok Sabha annexure: State/UT-wise CPGRAMS statistics.
state_history_2016_2026-02-28,State/UT,Government of Kerala,2016-01-01,2026-02-28,pending,1052,count,https://www.pib.gov.in/PressReleasePage.aspx?PRID=2247914&lang=1&reg=1,PIB / Lok Sabha annexure: State/UT-wise CPGRAMS statistics.
state_history_2016_2026-02-28,State/UT,Government of Madhya Pradesh,2016-01-01,2026-02-28,brought_forward,13120,count,https://www.pib.gov.in/PressReleasePage.aspx?PRID=2247914&lang=1&reg=1,PIB / Lok Sabha annexure: State/UT-wise CPGRAMS statistics.
state_history_2016_2026-02-28,State/UT,Government of Madhya Pradesh,2016-01-01,2026-02-28,receipts,338483,count,https://www.pib.gov.in/PressReleasePage.aspx?PRID=2247914&lang=1&reg=1,PIB / Lok Sabha annexure: State/UT-wise CPGRAMS statistics.
state_history_2016_2026-02-28,State/UT,Government of Madhya Pradesh,2016-01-01,2026-02-28,disposed,339350,count,https://www.pib.gov.in/PressReleasePage.aspx?PRID=2247914&lang=1&reg=1,PIB / Lok Sabha annexure: State/UT-wise CPGRAMS statistics.
state_history_2016_2026-02-28,State/UT,Government of Madhya Pradesh,2016-01-01,2026-02-28,pending,12253,count,https://www.pib.gov.in/PressReleasePage.aspx?PRID=2247914&lang=1&reg=1,PIB / Lok Sabha annexure: State/UT-wise CPGRAMS statistics.
state_history_2016_2026-02-28,State/UT,Government of Maharashtra,2016-01-01,2026-02-28,brought_forward,35027,count,https://www.pib.gov.in/PressReleasePage.aspx?PRID=2247914&lang=1&reg=1,PIB / Lok Sabha annexure: State/UT-wise CPGRAMS statistics.
state_history_2016_2026-02-28,State/UT,Government of Maharashtra,2016-01-01,2026-02-28,receipts,429576,count,https://www.pib.gov.in/PressReleasePage.aspx?PRID=2247914&lang=1&reg=1,PIB / Lok Sabha annexure: State/UT-wise CPGRAMS statistics.
state_history_2016_2026-02-28,State/UT,Government of Maharashtra,2016-01-01,2026-02-28,disposed,431545,count,https://www.pib.gov.in/PressReleasePage.aspx?PRID=2247914&lang=1&reg=1,PIB / Lok Sabha annexure: State/UT-wise CPGRAMS statistics.
state_history_2016_2026-02-28,State/UT,Government of Maharashtra,2016-01-01,2026-02-28,pending,33058,count,https://www.pib.gov.in/PressReleasePage.aspx?PRID=2247914&lang=1&reg=1,PIB / Lok Sabha annexure: State/UT-wise CPGRAMS statistics.
state_history_2016_2026-02-28,State/UT,Government of Manipur,2016-01-01,2026-02-28,brought_forward,378,count,https://www.pib.gov.in/PressReleasePage.aspx?PRID=2247914&lang=1&reg=1,PIB / Lok Sabha annexure: State/UT-wise CPGRAMS statistics.
state_history_2016_2026-02-28,State/UT,Government of Manipur,2016-01-01,2026-02-28,receipts,9580,count,https://www.pib.gov.in/PressReleasePage.aspx?PRID=2247914&lang=1&reg=1,PIB / Lok Sabha annexure: State/UT-wise CPGRAMS statistics.
state_history_2016_2026-02-28,State/UT,Government of Manipur,2016-01-01,2026-02-28,disposed,8578,count,https://www.pib.gov.in/PressReleasePage.aspx?PRID=2247914&lang=1&reg=1,PIB / Lok Sabha annexure: State/UT-wise CPGRAMS statistics.
state_history_2016_2026-02-28,State/UT,Government of Manipur,2016-01-01,2026-02-28,pending,1380,count,https://www.pib.gov.in/PressReleasePage.aspx?PRID=2247914&lang=1&reg=1,PIB / Lok Sabha annexure: State/UT-wise CPGRAMS statistics.
state_history_2016_2026-02-28,State/UT,Government of Meghalaya,2016-01-01,2026-02-28,brought_forward,235,count,https://www.pib.gov.in/PressReleasePage.aspx?PRID=2247914&lang=1&reg=1,PIB / Lok Sabha annexure: State/UT-wise CPGRAMS statistics.
state_history_2016_2026-02-28,State/UT,Government of Meghalaya,2016-01-01,2026-02-28,receipts,4738,count,https://www.pib.gov.in/PressReleasePage.aspx?PRID=2247914&lang=1&reg=1,PIB / Lok Sabha annexure: State/UT-wise CPGRAMS statistics.
state_history_2016_2026-02-28,State/UT,Government of Meghalaya,2016-01-01,2026-02-28,disposed,4687,count,https://www.pib.gov.in/PressReleasePage.aspx?PRID=2247914&lang=1&reg=1,PIB / Lok Sabha annexure: State/UT-wise CPGRAMS statistics.
state_history_2016_2026-02-28,State/UT,Government of Meghalaya,2016-01-01,2026-02-28,pending,286,count,https://www.pib.gov.in/PressReleasePage.aspx?PRID=2247914&lang=1&reg=1,PIB / Lok Sabha annexure: State/UT-wise CPGRAMS statistics.
state_history_2016_2026-02-28,State/UT,Government of Mizoram,2016-01-01,2026-02-28,brought_forward,83,count,https://www.pib.gov.in/PressReleasePage.aspx?PRID=2247914&lang=1&reg=1,PIB / Lok Sabha annexure: State/UT-wise CPGRAMS statistics.
state_history_2016_2026-02-28,State/UT,Government of Mizoram,2016-01-01,2026-02-28,receipts,2469,count,https://www.pib.gov.in/PressReleasePage.aspx?PRID=2247914&lang=1&reg=1,PIB / Lok Sabha annexure: State/UT-wise CPGRAMS statistics.
state_history_2016_2026-02-28,State/UT,Government of Mizoram,2016-01-01,2026-02-28,disposed,2511,count,https://www.pib.gov.in/PressReleasePage.aspx?PRID=2247914&lang=1&reg=1,PIB / Lok Sabha annexure: State/UT-wise CPGRAMS statistics.
state_history_2016_2026-02-28,State/UT,Government of Mizoram,2016-01-01,2026-02-28,pending,41,count,https://www.pib.gov.in/PressReleasePage.aspx?PRID=2247914&lang=1&reg=1,PIB / Lok Sabha annexure: State/UT-wise CPGRAMS statistics.
state_history_2016_2026-02-28,State/UT,Government of Nagaland,2016-01-01,2026-02-28,brought_forward,134,count,https://www.pib.gov.in/PressReleasePage.aspx?PRID=2247914&lang=1&reg=1,PIB / Lok Sabha annexure: State/UT-wise CPGRAMS statistics.
state_history_2016_2026-02-28,State/UT,Government of Nagaland,2016-01-01,2026-02-28,receipts,2901,count,https://www.pib.gov.in/PressReleasePage.aspx?PRID=2247914&lang=1&reg=1,PIB / Lok Sabha annexure: State/UT-wise CPGRAMS statistics.
state_history_2016_2026-02-28,State/UT,Government of Nagaland,2016-01-01,2026-02-28,disposed,1702,count,https://www.pib.gov.in/PressReleasePage.aspx?PRID=2247914&lang=1&reg=1,PIB / Lok Sabha annexure: State/UT-wise CPGRAMS statistics.
state_history_2016_2026-02-28,State/UT,Government of Nagaland,2016-01-01,2026-02-28,pending,1333,count,https://www.pib.gov.in/PressReleasePage.aspx?PRID=2247914&lang=1&reg=1,PIB / Lok Sabha annexure: State/UT-wise CPGRAMS statistics.
state_history_2016_2026-02-28,State/UT,Government of NCT of Delhi,2016-01-01,2026-02-28,brought_forward,13262,count,https://www.pib.gov.in/PressReleasePage.aspx?PRID=2247914&lang=1&reg=1,PIB / Lok Sabha annexure: State/UT-wise CPGRAMS statistics.
state_history_2016_2026-02-28,State/UT,Government of NCT of Delhi,2016-01-01,2026-02-28,receipts,302071,count,https://www.pib.gov.in/PressReleasePage.aspx?PRID=2247914&lang=1&reg=1,PIB / Lok Sabha annexure: State/UT-wise CPGRAMS statistics.
state_history_2016_2026-02-28,State/UT,Government of NCT of Delhi,2016-01-01,2026-02-28,disposed,310545,count,https://www.pib.gov.in/PressReleasePage.aspx?PRID=2247914&lang=1&reg=1,PIB / Lok Sabha annexure: State/UT-wise CPGRAMS statistics.
state_history_2016_2026-02-28,State/UT,Government of NCT of Delhi,2016-01-01,2026-02-28,pending,4788,count,https://www.pib.gov.in/PressReleasePage.aspx?PRID=2247914&lang=1&reg=1,PIB / Lok Sabha annexure: State/UT-wise CPGRAMS statistics.
state_history_2016_2026-02-28,State/UT,Government of Odisha,2016-01-01,2026-02-28,brought_forward,6627,count,https://www.pib.gov.in/PressReleasePage.aspx?PRID=2247914&lang=1&reg=1,PIB / Lok Sabha annexure: State/UT-wise CPGRAMS statistics.
state_history_2016_2026-02-28,State/UT,Government of Odisha,2016-01-01,2026-02-28,receipts,116673,count,https://www.pib.gov.in/PressReleasePage.aspx?PRID=2247914&lang=1&reg=1,PIB / Lok Sabha annexure: State/UT-wise CPGRAMS statistics.
state_history_2016_2026-02-28,State/UT,Government of Odisha,2016-01-01,2026-02-28,disposed,112165,count,https://www.pib.gov.in/PressReleasePage.aspx?PRID=2247914&lang=1&reg=1,PIB / Lok Sabha annexure: State/UT-wise CPGRAMS statistics.
state_history_2016_2026-02-28,State/UT,Government of Odisha,2016-01-01,2026-02-28,pending,11135,count,https://www.pib.gov.in/PressReleasePage.aspx?PRID=2247914&lang=1&reg=1,PIB / Lok Sabha annexure: State/UT-wise CPGRAMS statistics.
state_history_2016_2026-02-28,State/UT,Government of Puducherry,2016-01-01,2026-02-28,brought_forward,811,count,https://www.pib.gov.in/PressReleasePage.aspx?PRID=2247914&lang=1&reg=1,PIB / Lok Sabha annexure: State/UT-wise CPGRAMS statistics.
state_history_2016_2026-02-28,State/UT,Government of Puducherry,2016-01-01,2026-02-28,receipts,13474,count,https://www.pib.gov.in/PressReleasePage.aspx?PRID=2247914&lang=1&reg=1,PIB / Lok Sabha annexure: State/UT-wise CPGRAMS statistics.
state_history_2016_2026-02-28,State/UT,Government of Puducherry,2016-01-01,2026-02-28,disposed,14098,count,https://www.pib.gov.in/PressReleasePage.aspx?PRID=2247914&lang=1&reg=1,PIB / Lok Sabha annexure: State/UT-wise CPGRAMS statistics.
state_history_2016_2026-02-28,State/UT,Government of Puducherry,2016-01-01,2026-02-28,pending,187,count,https://www.pib.gov.in/PressReleasePage.aspx?PRID=2247914&lang=1&reg=1,PIB / Lok Sabha annexure: State/UT-wise CPGRAMS statistics.
state_history_2016_2026-02-28,State/UT,Government of Punjab,2016-01-01,2026-02-28,brought_forward,5913,count,https://www.pib.gov.in/PressReleasePage.aspx?PRID=2247914&lang=1&reg=1,PIB / Lok Sabha annexure: State/UT-wise CPGRAMS statistics.
state_history_2016_2026-02-28,State/UT,Government of Punjab,2016-01-01,2026-02-28,receipts,161546,count,https://www.pib.gov.in/PressReleasePage.aspx?PRID=2247914&lang=1&reg=1,PIB / Lok Sabha annexure: State/UT-wise CPGRAMS statistics.
state_history_2016_2026-02-28,State/UT,Government of Punjab,2016-01-01,2026-02-28,disposed,161270,count,https://www.pib.gov.in/PressReleasePage.aspx?PRID=2247914&lang=1&reg=1,PIB / Lok Sabha annexure: State/UT-wise CPGRAMS statistics.
state_history_2016_2026-02-28,State/UT,Government of Punjab,2016-01-01,2026-02-28,pending,6189,count,https://www.pib.gov.in/PressReleasePage.aspx?PRID=2247914&lang=1&reg=1,PIB / Lok Sabha annexure: State/UT-wise CPGRAMS statistics.
state_history_2016_2026-02-28,State/UT,Government of Rajasthan,2016-01-01,2026-02-28,brought_forward,18171,count,https://www.pib.gov.in/PressReleasePage.aspx?PRID=2247914&lang=1&reg=1,PIB / Lok Sabha annexure: State/UT-wise CPGRAMS statistics.
state_history_2016_2026-02-28,State/UT,Government of Rajasthan,2016-01-01,2026-02-28,receipts,317387,count,https://www.pib.gov.in/PressReleasePage.aspx?PRID=2247914&lang=1&reg=1,PIB / Lok Sabha annexure: State/UT-wise CPGRAMS statistics.
state_history_2016_2026-02-28,State/UT,Government of Rajasthan,2016-01-01,2026-02-28,disposed,332091,count,https://www.pib.gov.in/PressReleasePage.aspx?PRID=2247914&lang=1&reg=1,PIB / Lok Sabha annexure: State/UT-wise CPGRAMS statistics.
state_history_2016_2026-02-28,State/UT,Government of Rajasthan,2016-01-01,2026-02-28,pending,3467,count,https://www.pib.gov.in/PressReleasePage.aspx?PRID=2247914&lang=1&reg=1,PIB / Lok Sabha annexure: State/UT-wise CPGRAMS statistics.
state_history_2016_2026-02-28,State/UT,Government of Sikkim,2016-01-01,2026-02-28,brought_forward,194,count,https://www.pib.gov.in/PressReleasePage.aspx?PRID=2247914&lang=1&reg=1,PIB / Lok Sabha annexure: State/UT-wise CPGRAMS statistics.
state_history_2016_2026-02-28,State/UT,Government of Sikkim,2016-01-01,2026-02-28,receipts,2094,count,https://www.pib.gov.in/PressReleasePage.aspx?PRID=2247914&lang=1&reg=1,PIB / Lok Sabha annexure: State/UT-wise CPGRAMS statistics.
state_history_2016_2026-02-28,State/UT,Government of Sikkim,2016-01-01,2026-02-28,disposed,2262,count,https://www.pib.gov.in/PressReleasePage.aspx?PRID=2247914&lang=1&reg=1,PIB / Lok Sabha annexure: State/UT-wise CPGRAMS statistics.
state_history_2016_2026-02-28,State/UT,Government of Sikkim,2016-01-01,2026-02-28,pending,26,count,https://www.pib.gov.in/PressReleasePage.aspx?PRID=2247914&lang=1&reg=1,PIB / Lok Sabha annexure: State/UT-wise CPGRAMS statistics.
state_history_2016_2026-02-28,State/UT,Government of Tamil Nadu,2016-01-01,2026-02-28,brought_forward,3126,count,https://www.pib.gov.in/PressReleasePage.aspx?PRID=2247914&lang=1&reg=1,PIB / Lok Sabha annexure: State/UT-wise CPGRAMS statistics.
state_history_2016_2026-02-28,State/UT,Government of Tamil Nadu,2016-01-01,2026-02-28,receipts,197844,count,https://www.pib.gov.in/PressReleasePage.aspx?PRID=2247914&lang=1&reg=1,PIB / Lok Sabha annexure: State/UT-wise CPGRAMS statistics.
state_history_2016_2026-02-28,State/UT,Government of Tamil Nadu,2016-01-01,2026-02-28,disposed,192101,count,https://www.pib.gov.in/PressReleasePage.aspx?PRID=2247914&lang=1&reg=1,PIB / Lok Sabha annexure: State/UT-wise CPGRAMS statistics.
state_history_2016_2026-02-28,State/UT,Government of Tamil Nadu,2016-01-01,2026-02-28,pending,8869,count,https://www.pib.gov.in/PressReleasePage.aspx?PRID=2247914&lang=1&reg=1,PIB / Lok Sabha annexure: State/UT-wise CPGRAMS statistics.
state_history_2016_2026-02-28,State/UT,Government of Telangana,2016-01-01,2026-02-28,brought_forward,3790,count,https://www.pib.gov.in/PressReleasePage.aspx?PRID=2247914&lang=1&reg=1,PIB / Lok Sabha annexure: State/UT-wise CPGRAMS statistics.
state_history_2016_2026-02-28,State/UT,Government of Telangana,2016-01-01,2026-02-28,receipts,74831,count,https://www.pib.gov.in/PressReleasePage.aspx?PRID=2247914&lang=1&reg=1,PIB / Lok Sabha annexure: State/UT-wise CPGRAMS statistics.
state_history_2016_2026-02-28,State/UT,Government of Telangana,2016-01-01,2026-02-28,disposed,78567,count,https://www.pib.gov.in/PressReleasePage.aspx?PRID=2247914&lang=1&reg=1,PIB / Lok Sabha annexure: State/UT-wise CPGRAMS statistics.
state_history_2016_2026-02-28,State/UT,Government of Telangana,2016-01-01,2026-02-28,pending,54,count,https://www.pib.gov.in/PressReleasePage.aspx?PRID=2247914&lang=1&reg=1,PIB / Lok Sabha annexure: State/UT-wise CPGRAMS statistics.
state_history_2016_2026-02-28,State/UT,Government of Tripura,2016-01-01,2026-02-28,brought_forward,383,count,https://www.pib.gov.in/PressReleasePage.aspx?PRID=2247914&lang=1&reg=1,PIB / Lok Sabha annexure: State/UT-wise CPGRAMS statistics.
state_history_2016_2026-02-28,State/UT,Government of Tripura,2016-01-01,2026-02-28,receipts,12616,count,https://www.pib.gov.in/PressReleasePage.aspx?PRID=2247914&lang=1&reg=1,PIB / Lok Sabha annexure: State/UT-wise CPGRAMS statistics.
state_history_2016_2026-02-28,State/UT,Government of Tripura,2016-01-01,2026-02-28,disposed,12853,count,https://www.pib.gov.in/PressReleasePage.aspx?PRID=2247914&lang=1&reg=1,PIB / Lok Sabha annexure: State/UT-wise CPGRAMS statistics.
state_history_2016_2026-02-28,State/UT,Government of Tripura,2016-01-01,2026-02-28,pending,146,count,https://www.pib.gov.in/PressReleasePage.aspx?PRID=2247914&lang=1&reg=1,PIB / Lok Sabha annexure: State/UT-wise CPGRAMS statistics.
state_history_2016_2026-02-28,State/UT,Government of UT of Chandigarh,2016-01-01,2026-02-28,brought_forward,1577,count,https://www.pib.gov.in/PressReleasePage.aspx?PRID=2247914&lang=1&reg=1,PIB / Lok Sabha annexure: State/UT-wise CPGRAMS statistics.
state_history_2016_2026-02-28,State/UT,Government of UT of Chandigarh,2016-01-01,2026-02-28,receipts,35944,count,https://www.pib.gov.in/PressReleasePage.aspx?PRID=2247914&lang=1&reg=1,PIB / Lok Sabha annexure: State/UT-wise CPGRAMS statistics.
state_history_2016_2026-02-28,State/UT,Government of UT of Chandigarh,2016-01-01,2026-02-28,disposed,37357,count,https://www.pib.gov.in/PressReleasePage.aspx?PRID=2247914&lang=1&reg=1,PIB / Lok Sabha annexure: State/UT-wise CPGRAMS statistics.
state_history_2016_2026-02-28,State/UT,Government of UT of Chandigarh,2016-01-01,2026-02-28,pending,164,count,https://www.pib.gov.in/PressReleasePage.aspx?PRID=2247914&lang=1&reg=1,PIB / Lok Sabha annexure: State/UT-wise CPGRAMS statistics.
state_history_2016_2026-02-28,State/UT,Government of UT of Dadra & Nagar Haveli,2016-01-01,2026-02-28,brought_forward,169,count,https://www.pib.gov.in/PressReleasePage.aspx?PRID=2247914&lang=1&reg=1,PIB / Lok Sabha annexure: State/UT-wise CPGRAMS statistics.
state_history_2016_2026-02-28,State/UT,Government of UT of Dadra & Nagar Haveli,2016-01-01,2026-02-28,receipts,3124,count,https://www.pib.gov.in/PressReleasePage.aspx?PRID=2247914&lang=1&reg=1,PIB / Lok Sabha annexure: State/UT-wise CPGRAMS statistics.
state_history_2016_2026-02-28,State/UT,Government of UT of Dadra & Nagar Haveli,2016-01-01,2026-02-28,disposed,3094,count,https://www.pib.gov.in/PressReleasePage.aspx?PRID=2247914&lang=1&reg=1,PIB / Lok Sabha annexure: State/UT-wise CPGRAMS statistics.
state_history_2016_2026-02-28,State/UT,Government of UT of Dadra & Nagar Haveli,2016-01-01,2026-02-28,pending,199,count,https://www.pib.gov.in/PressReleasePage.aspx?PRID=2247914&lang=1&reg=1,PIB / Lok Sabha annexure: State/UT-wise CPGRAMS statistics.
state_history_2016_2026-02-28,State/UT,Government of UT of Daman & Diu,2016-01-01,2026-02-28,brought_forward,99,count,https://www.pib.gov.in/PressReleasePage.aspx?PRID=2247914&lang=1&reg=1,PIB / Lok Sabha annexure: State/UT-wise CPGRAMS statistics.
state_history_2016_2026-02-28,State/UT,Government of UT of Daman & Diu,2016-01-01,2026-02-28,receipts,3091,count,https://www.pib.gov.in/PressReleasePage.aspx?PRID=2247914&lang=1&reg=1,PIB / Lok Sabha annexure: State/UT-wise CPGRAMS statistics.
state_history_2016_2026-02-28,State/UT,Government of UT of Daman & Diu,2016-01-01,2026-02-28,disposed,2926,count,https://www.pib.gov.in/PressReleasePage.aspx?PRID=2247914&lang=1&reg=1,PIB / Lok Sabha annexure: State/UT-wise CPGRAMS statistics.
state_history_2016_2026-02-28,State/UT,Government of UT of Daman & Diu,2016-01-01,2026-02-28,pending,264,count,https://www.pib.gov.in/PressReleasePage.aspx?PRID=2247914&lang=1&reg=1,PIB / Lok Sabha annexure: State/UT-wise CPGRAMS statistics.
state_history_2016_2026-02-28,State/UT,Government of UT of Ladakh,2016-01-01,2026-02-28,brought_forward,0,count,https://www.pib.gov.in/PressReleasePage.aspx?PRID=2247914&lang=1&reg=1,PIB / Lok Sabha annexure: State/UT-wise CPGRAMS statistics.
state_history_2016_2026-02-28,State/UT,Government of UT of Ladakh,2016-01-01,2026-02-28,receipts,1144,count,https://www.pib.gov.in/PressReleasePage.aspx?PRID=2247914&lang=1&reg=1,PIB / Lok Sabha annexure: State/UT-wise CPGRAMS statistics.
state_history_2016_2026-02-28,State/UT,Government of UT of Ladakh,2016-01-01,2026-02-28,disposed,1102,count,https://www.pib.gov.in/PressReleasePage.aspx?PRID=2247914&lang=1&reg=1,PIB / Lok Sabha annexure: State/UT-wise CPGRAMS statistics.
state_history_2016_2026-02-28,State/UT,Government of UT of Ladakh,2016-01-01,2026-02-28,pending,42,count,https://www.pib.gov.in/PressReleasePage.aspx?PRID=2247914&lang=1&reg=1,PIB / Lok Sabha annexure: State/UT-wise CPGRAMS statistics.
state_history_2016_2026-02-28,State/UT,Government of UT of Lakshadweep,2016-01-01,2026-02-28,brought_forward,69,count,https://www.pib.gov.in/PressReleasePage.aspx?PRID=2247914&lang=1&reg=1,PIB / Lok Sabha annexure: State/UT-wise CPGRAMS statistics.
state_history_2016_2026-02-28,State/UT,Government of UT of Lakshadweep,2016-01-01,2026-02-28,receipts,1502,count,https://www.pib.gov.in/PressReleasePage.aspx?PRID=2247914&lang=1&reg=1,PIB / Lok Sabha annexure: State/UT-wise CPGRAMS statistics.
state_history_2016_2026-02-28,State/UT,Government of UT of Lakshadweep,2016-01-01,2026-02-28,disposed,1554,count,https://www.pib.gov.in/PressReleasePage.aspx?PRID=2247914&lang=1&reg=1,PIB / Lok Sabha annexure: State/UT-wise CPGRAMS statistics.
state_history_2016_2026-02-28,State/UT,Government of UT of Lakshadweep,2016-01-01,2026-02-28,pending,17,count,https://www.pib.gov.in/PressReleasePage.aspx?PRID=2247914&lang=1&reg=1,PIB / Lok Sabha annexure: State/UT-wise CPGRAMS statistics.
state_history_2016_2026-02-28,State/UT,Government of Uttar Pradesh,2016-01-01,2026-02-28,brought_forward,61842,count,https://www.pib.gov.in/PressReleasePage.aspx?PRID=2247914&lang=1&reg=1,PIB / Lok Sabha annexure: State/UT-wise CPGRAMS statistics.
state_history_2016_2026-02-28,State/UT,Government of Uttar Pradesh,2016-01-01,2026-02-28,receipts,2058402,count,https://www.pib.gov.in/PressReleasePage.aspx?PRID=2247914&lang=1&reg=1,PIB / Lok Sabha annexure: State/UT-wise CPGRAMS statistics.
state_history_2016_2026-02-28,State/UT,Government of Uttar Pradesh,2016-01-01,2026-02-28,disposed,2095797,count,https://www.pib.gov.in/PressReleasePage.aspx?PRID=2247914&lang=1&reg=1,PIB / Lok Sabha annexure: State/UT-wise CPGRAMS statistics.
state_history_2016_2026-02-28,State/UT,Government of Uttar Pradesh,2016-01-01,2026-02-28,pending,24447,count,https://www.pib.gov.in/PressReleasePage.aspx?PRID=2247914&lang=1&reg=1,PIB / Lok Sabha annexure: State/UT-wise CPGRAMS statistics.
state_history_2016_2026-02-28,State/UT,Government of Uttarakhand,2016-01-01,2026-02-28,brought_forward,5901,count,https://www.pib.gov.in/PressReleasePage.aspx?PRID=2247914&lang=1&reg=1,PIB / Lok Sabha annexure: State/UT-wise CPGRAMS statistics.
state_history_2016_2026-02-28,State/UT,Government of Uttarakhand,2016-01-01,2026-02-28,receipts,128687,count,https://www.pib.gov.in/PressReleasePage.aspx?PRID=2247914&lang=1&reg=1,PIB / Lok Sabha annexure: State/UT-wise CPGRAMS statistics.
state_history_2016_2026-02-28,State/UT,Government of Uttarakhand,2016-01-01,2026-02-28,disposed,132997,count,https://www.pib.gov.in/PressReleasePage.aspx?PRID=2247914&lang=1&reg=1,PIB / Lok Sabha annexure: State/UT-wise CPGRAMS statistics.
state_history_2016_2026-02-28,State/UT,Government of Uttarakhand,2016-01-01,2026-02-28,pending,1591,count,https://www.pib.gov.in/PressReleasePage.aspx?PRID=2247914&lang=1&reg=1,PIB / Lok Sabha annexure: State/UT-wise CPGRAMS statistics.
state_history_2016_2026-02-28,State/UT,Government of West Bengal,2016-01-01,2026-02-28,brought_forward,11293,count,https://www.pib.gov.in/PressReleasePage.aspx?PRID=2247914&lang=1&reg=1,PIB / Lok Sabha annexure: State/UT-wise CPGRAMS statistics.
state_history_2016_2026-02-28,State/UT,Government of West Bengal,2016-01-01,2026-02-28,receipts,136983,count,https://www.pib.gov.in/PressReleasePage.aspx?PRID=2247914&lang=1&reg=1,PIB / Lok Sabha annexure: State/UT-wise CPGRAMS statistics.
state_history_2016_2026-02-28,State/UT,Government of West Bengal,2016-01-01,2026-02-28,disposed,137042,count,https://www.pib.gov.in/PressReleasePage.aspx?PRID=2247914&lang=1&reg=1,PIB / Lok Sabha annexure: State/UT-wise CPGRAMS statistics.
state_history_2016_2026-02-28,State/UT,Government of West Bengal,2016-01-01,2026-02-28,pending,11234,count,https://www.pib.gov.in/PressReleasePage.aspx?PRID=2247914&lang=1&reg=1,PIB / Lok Sabha annexure: State/UT-wise CPGRAMS statistics.
state_cpgrams_2020_2024,State/UT,Andaman & Nicobar,2020-01-01,2024-12-31,brought_forward,85,count,https://www.pib.gov.in/PressReleasePage.aspx?PRID=2117810&lang=2&reg=3,PIB / Lok Sabha state-wise CPGRAMS progress for 2020-2024.
state_cpgrams_2020_2024,State/UT,Andaman & Nicobar,2020-01-01,2024-12-31,receipts,5704,count,https://www.pib.gov.in/PressReleasePage.aspx?PRID=2117810&lang=2&reg=3,PIB / Lok Sabha state-wise CPGRAMS progress for 2020-2024.
state_cpgrams_2020_2024,State/UT,Andaman & Nicobar,2020-01-01,2024-12-31,total,5789,count,https://www.pib.gov.in/PressReleasePage.aspx?PRID=2117810&lang=2&reg=3,PIB / Lok Sabha state-wise CPGRAMS progress for 2020-2024.
state_cpgrams_2020_2024,State/UT,Andaman & Nicobar,2020-01-01,2024-12-31,disposed,5755,count,https://www.pib.gov.in/PressReleasePage.aspx?PRID=2117810&lang=2&reg=3,PIB / Lok Sabha state-wise CPGRAMS progress for 2020-2024.
state_cpgrams_2020_2024,State/UT,Andaman & Nicobar,2020-01-01,2024-12-31,pending,34,count,https://www.pib.gov.in/PressReleasePage.aspx?PRID=2117810&lang=2&reg=3,PIB / Lok Sabha state-wise CPGRAMS progress for 2020-2024.
state_cpgrams_2020_2024,State/UT,Andhra Pradesh,2020-01-01,2024-12-31,brought_forward,29985,count,https://www.pib.gov.in/PressReleasePage.aspx?PRID=2117810&lang=2&reg=3,PIB / Lok Sabha state-wise CPGRAMS progress for 2020-2024.
state_cpgrams_2020_2024,State/UT,Andhra Pradesh,2020-01-01,2024-12-31,receipts,39133,count,https://www.pib.gov.in/PressReleasePage.aspx?PRID=2117810&lang=2&reg=3,PIB / Lok Sabha state-wise CPGRAMS progress for 2020-2024.
state_cpgrams_2020_2024,State/UT,Andhra Pradesh,2020-01-01,2024-12-31,total,69118,count,https://www.pib.gov.in/PressReleasePage.aspx?PRID=2117810&lang=2&reg=3,PIB / Lok Sabha state-wise CPGRAMS progress for 2020-2024.
state_cpgrams_2020_2024,State/UT,Andhra Pradesh,2020-01-01,2024-12-31,disposed,65068,count,https://www.pib.gov.in/PressReleasePage.aspx?PRID=2117810&lang=2&reg=3,PIB / Lok Sabha state-wise CPGRAMS progress for 2020-2024.
state_cpgrams_2020_2024,State/UT,Andhra Pradesh,2020-01-01,2024-12-31,pending,4050,count,https://www.pib.gov.in/PressReleasePage.aspx?PRID=2117810&lang=2&reg=3,PIB / Lok Sabha state-wise CPGRAMS progress for 2020-2024.
state_cpgrams_2020_2024,State/UT,Arunachal Pradesh,2020-01-01,2024-12-31,brought_forward,548,count,https://www.pib.gov.in/PressReleasePage.aspx?PRID=2117810&lang=2&reg=3,PIB / Lok Sabha state-wise CPGRAMS progress for 2020-2024.
state_cpgrams_2020_2024,State/UT,Arunachal Pradesh,2020-01-01,2024-12-31,receipts,2400,count,https://www.pib.gov.in/PressReleasePage.aspx?PRID=2117810&lang=2&reg=3,PIB / Lok Sabha state-wise CPGRAMS progress for 2020-2024.
state_cpgrams_2020_2024,State/UT,Arunachal Pradesh,2020-01-01,2024-12-31,total,2948,count,https://www.pib.gov.in/PressReleasePage.aspx?PRID=2117810&lang=2&reg=3,PIB / Lok Sabha state-wise CPGRAMS progress for 2020-2024.
state_cpgrams_2020_2024,State/UT,Arunachal Pradesh,2020-01-01,2024-12-31,disposed,2762,count,https://www.pib.gov.in/PressReleasePage.aspx?PRID=2117810&lang=2&reg=3,PIB / Lok Sabha state-wise CPGRAMS progress for 2020-2024.
state_cpgrams_2020_2024,State/UT,Arunachal Pradesh,2020-01-01,2024-12-31,pending,186,count,https://www.pib.gov.in/PressReleasePage.aspx?PRID=2117810&lang=2&reg=3,PIB / Lok Sabha state-wise CPGRAMS progress for 2020-2024.
state_cpgrams_2020_2024,State/UT,Assam,2020-01-01,2024-12-31,brought_forward,28072,count,https://www.pib.gov.in/PressReleasePage.aspx?PRID=2117810&lang=2&reg=3,PIB / Lok Sabha state-wise CPGRAMS progress for 2020-2024.
state_cpgrams_2020_2024,State/UT,Assam,2020-01-01,2024-12-31,receipts,130742,count,https://www.pib.gov.in/PressReleasePage.aspx?PRID=2117810&lang=2&reg=3,PIB / Lok Sabha state-wise CPGRAMS progress for 2020-2024.
state_cpgrams_2020_2024,State/UT,Assam,2020-01-01,2024-12-31,total,158814,count,https://www.pib.gov.in/PressReleasePage.aspx?PRID=2117810&lang=2&reg=3,PIB / Lok Sabha state-wise CPGRAMS progress for 2020-2024.
state_cpgrams_2020_2024,State/UT,Assam,2020-01-01,2024-12-31,disposed,154233,count,https://www.pib.gov.in/PressReleasePage.aspx?PRID=2117810&lang=2&reg=3,PIB / Lok Sabha state-wise CPGRAMS progress for 2020-2024.
state_cpgrams_2020_2024,State/UT,Assam,2020-01-01,2024-12-31,pending,4581,count,https://www.pib.gov.in/PressReleasePage.aspx?PRID=2117810&lang=2&reg=3,PIB / Lok Sabha state-wise CPGRAMS progress for 2020-2024.
state_cpgrams_2020_2024,State/UT,Bihar,2020-01-01,2024-12-31,brought_forward,60836,count,https://www.pib.gov.in/PressReleasePage.aspx?PRID=2117810&lang=2&reg=3,PIB / Lok Sabha state-wise CPGRAMS progress for 2020-2024.
state_cpgrams_2020_2024,State/UT,Bihar,2020-01-01,2024-12-31,receipts,165978,count,https://www.pib.gov.in/PressReleasePage.aspx?PRID=2117810&lang=2&reg=3,PIB / Lok Sabha state-wise CPGRAMS progress for 2020-2024.
state_cpgrams_2020_2024,State/UT,Bihar,2020-01-01,2024-12-31,total,226814,count,https://www.pib.gov.in/PressReleasePage.aspx?PRID=2117810&lang=2&reg=3,PIB / Lok Sabha state-wise CPGRAMS progress for 2020-2024.
state_cpgrams_2020_2024,State/UT,Bihar,2020-01-01,2024-12-31,disposed,218951,count,https://www.pib.gov.in/PressReleasePage.aspx?PRID=2117810&lang=2&reg=3,PIB / Lok Sabha state-wise CPGRAMS progress for 2020-2024.
state_cpgrams_2020_2024,State/UT,Bihar,2020-01-01,2024-12-31,pending,7863,count,https://www.pib.gov.in/PressReleasePage.aspx?PRID=2117810&lang=2&reg=3,PIB / Lok Sabha state-wise CPGRAMS progress for 2020-2024.
state_cpgrams_2020_2024,State/UT,Chattisgarh,2020-01-01,2024-12-31,brought_forward,5492,count,https://www.pib.gov.in/PressReleasePage.aspx?PRID=2117810&lang=2&reg=3,PIB / Lok Sabha state-wise CPGRAMS progress for 2020-2024.
state_cpgrams_2020_2024,State/UT,Chattisgarh,2020-01-01,2024-12-31,receipts,44715,count,https://www.pib.gov.in/PressReleasePage.aspx?PRID=2117810&lang=2&reg=3,PIB / Lok Sabha state-wise CPGRAMS progress for 2020-2024.
state_cpgrams_2020_2024,State/UT,Chattisgarh,2020-01-01,2024-12-31,total,50207,count,https://www.pib.gov.in/PressReleasePage.aspx?PRID=2117810&lang=2&reg=3,PIB / Lok Sabha state-wise CPGRAMS progress for 2020-2024.
state_cpgrams_2020_2024,State/UT,Chattisgarh,2020-01-01,2024-12-31,disposed,48008,count,https://www.pib.gov.in/PressReleasePage.aspx?PRID=2117810&lang=2&reg=3,PIB / Lok Sabha state-wise CPGRAMS progress for 2020-2024.
state_cpgrams_2020_2024,State/UT,Chattisgarh,2020-01-01,2024-12-31,pending,2199,count,https://www.pib.gov.in/PressReleasePage.aspx?PRID=2117810&lang=2&reg=3,PIB / Lok Sabha state-wise CPGRAMS progress for 2020-2024.
state_cpgrams_2020_2024,State/UT,Goa,2020-01-01,2024-12-31,brought_forward,1712,count,https://www.pib.gov.in/PressReleasePage.aspx?PRID=2117810&lang=2&reg=3,PIB / Lok Sabha state-wise CPGRAMS progress for 2020-2024.
state_cpgrams_2020_2024,State/UT,Goa,2020-01-01,2024-12-31,receipts,7502,count,https://www.pib.gov.in/PressReleasePage.aspx?PRID=2117810&lang=2&reg=3,PIB / Lok Sabha state-wise CPGRAMS progress for 2020-2024.
state_cpgrams_2020_2024,State/UT,Goa,2020-01-01,2024-12-31,total,9214,count,https://www.pib.gov.in/PressReleasePage.aspx?PRID=2117810&lang=2&reg=3,PIB / Lok Sabha state-wise CPGRAMS progress for 2020-2024.
state_cpgrams_2020_2024,State/UT,Goa,2020-01-01,2024-12-31,disposed,8451,count,https://www.pib.gov.in/PressReleasePage.aspx?PRID=2117810&lang=2&reg=3,PIB / Lok Sabha state-wise CPGRAMS progress for 2020-2024.
state_cpgrams_2020_2024,State/UT,Goa,2020-01-01,2024-12-31,pending,763,count,https://www.pib.gov.in/PressReleasePage.aspx?PRID=2117810&lang=2&reg=3,PIB / Lok Sabha state-wise CPGRAMS progress for 2020-2024.
state_cpgrams_2020_2024,State/UT,Gujarat,2020-01-01,2024-12-31,brought_forward,9024,count,https://www.pib.gov.in/PressReleasePage.aspx?PRID=2117810&lang=2&reg=3,PIB / Lok Sabha state-wise CPGRAMS progress for 2020-2024.
state_cpgrams_2020_2024,State/UT,Gujarat,2020-01-01,2024-12-31,receipts,266779,count,https://www.pib.gov.in/PressReleasePage.aspx?PRID=2117810&lang=2&reg=3,PIB / Lok Sabha state-wise CPGRAMS progress for 2020-2024.
state_cpgrams_2020_2024,State/UT,Gujarat,2020-01-01,2024-12-31,total,275803,count,https://www.pib.gov.in/PressReleasePage.aspx?PRID=2117810&lang=2&reg=3,PIB / Lok Sabha state-wise CPGRAMS progress for 2020-2024.
state_cpgrams_2020_2024,State/UT,Gujarat,2020-01-01,2024-12-31,disposed,270475,count,https://www.pib.gov.in/PressReleasePage.aspx?PRID=2117810&lang=2&reg=3,PIB / Lok Sabha state-wise CPGRAMS progress for 2020-2024.
state_cpgrams_2020_2024,State/UT,Gujarat,2020-01-01,2024-12-31,pending,5328,count,https://www.pib.gov.in/PressReleasePage.aspx?PRID=2117810&lang=2&reg=3,PIB / Lok Sabha state-wise CPGRAMS progress for 2020-2024.
state_cpgrams_2020_2024,State/UT,Haryana,2020-01-01,2024-12-31,brought_forward,45802,count,https://www.pib.gov.in/PressReleasePage.aspx?PRID=2117810&lang=2&reg=3,PIB / Lok Sabha state-wise CPGRAMS progress for 2020-2024.
state_cpgrams_2020_2024,State/UT,Haryana,2020-01-01,2024-12-31,receipts,157207,count,https://www.pib.gov.in/PressReleasePage.aspx?PRID=2117810&lang=2&reg=3,PIB / Lok Sabha state-wise CPGRAMS progress for 2020-2024.
state_cpgrams_2020_2024,State/UT,Haryana,2020-01-01,2024-12-31,total,203009,count,https://www.pib.gov.in/PressReleasePage.aspx?PRID=2117810&lang=2&reg=3,PIB / Lok Sabha state-wise CPGRAMS progress for 2020-2024.
state_cpgrams_2020_2024,State/UT,Haryana,2020-01-01,2024-12-31,disposed,191945,count,https://www.pib.gov.in/PressReleasePage.aspx?PRID=2117810&lang=2&reg=3,PIB / Lok Sabha state-wise CPGRAMS progress for 2020-2024.
state_cpgrams_2020_2024,State/UT,Haryana,2020-01-01,2024-12-31,pending,11064,count,https://www.pib.gov.in/PressReleasePage.aspx?PRID=2117810&lang=2&reg=3,PIB / Lok Sabha state-wise CPGRAMS progress for 2020-2024.
state_cpgrams_2020_2024,State/UT,Himachal Pradesh,2020-01-01,2024-12-31,brought_forward,19520,count,https://www.pib.gov.in/PressReleasePage.aspx?PRID=2117810&lang=2&reg=3,PIB / Lok Sabha state-wise CPGRAMS progress for 2020-2024.
state_cpgrams_2020_2024,State/UT,Himachal Pradesh,2020-01-01,2024-12-31,receipts,20727,count,https://www.pib.gov.in/PressReleasePage.aspx?PRID=2117810&lang=2&reg=3,PIB / Lok Sabha state-wise CPGRAMS progress for 2020-2024.
state_cpgrams_2020_2024,State/UT,Himachal Pradesh,2020-01-01,2024-12-31,total,40247,count,https://www.pib.gov.in/PressReleasePage.aspx?PRID=2117810&lang=2&reg=3,PIB / Lok Sabha state-wise CPGRAMS progress for 2020-2024.
state_cpgrams_2020_2024,State/UT,Himachal Pradesh,2020-01-01,2024-12-31,disposed,34533,count,https://www.pib.gov.in/PressReleasePage.aspx?PRID=2117810&lang=2&reg=3,PIB / Lok Sabha state-wise CPGRAMS progress for 2020-2024.
state_cpgrams_2020_2024,State/UT,Himachal Pradesh,2020-01-01,2024-12-31,pending,5714,count,https://www.pib.gov.in/PressReleasePage.aspx?PRID=2117810&lang=2&reg=3,PIB / Lok Sabha state-wise CPGRAMS progress for 2020-2024.
state_cpgrams_2020_2024,State/UT,Jammu and Kashmir,2020-01-01,2024-12-31,brought_forward,14759,count,https://www.pib.gov.in/PressReleasePage.aspx?PRID=2117810&lang=2&reg=3,PIB / Lok Sabha state-wise CPGRAMS progress for 2020-2024.
state_cpgrams_2020_2024,State/UT,Jammu and Kashmir,2020-01-01,2024-12-31,receipts,35398,count,https://www.pib.gov.in/PressReleasePage.aspx?PRID=2117810&lang=2&reg=3,PIB / Lok Sabha state-wise CPGRAMS progress for 2020-2024.
state_cpgrams_2020_2024,State/UT,Jammu and Kashmir,2020-01-01,2024-12-31,total,50157,count,https://www.pib.gov.in/PressReleasePage.aspx?PRID=2117810&lang=2&reg=3,PIB / Lok Sabha state-wise CPGRAMS progress for 2020-2024.
state_cpgrams_2020_2024,State/UT,Jammu and Kashmir,2020-01-01,2024-12-31,disposed,42810,count,https://www.pib.gov.in/PressReleasePage.aspx?PRID=2117810&lang=2&reg=3,PIB / Lok Sabha state-wise CPGRAMS progress for 2020-2024.
state_cpgrams_2020_2024,State/UT,Jammu and Kashmir,2020-01-01,2024-12-31,pending,7347,count,https://www.pib.gov.in/PressReleasePage.aspx?PRID=2117810&lang=2&reg=3,PIB / Lok Sabha state-wise CPGRAMS progress for 2020-2024.
state_cpgrams_2020_2024,State/UT,Jharkhand,2020-01-01,2024-12-31,brought_forward,28379,count,https://www.pib.gov.in/PressReleasePage.aspx?PRID=2117810&lang=2&reg=3,PIB / Lok Sabha state-wise CPGRAMS progress for 2020-2024.
state_cpgrams_2020_2024,State/UT,Jharkhand,2020-01-01,2024-12-31,receipts,89637,count,https://www.pib.gov.in/PressReleasePage.aspx?PRID=2117810&lang=2&reg=3,PIB / Lok Sabha state-wise CPGRAMS progress for 2020-2024.
state_cpgrams_2020_2024,State/UT,Jharkhand,2020-01-01,2024-12-31,total,118016,count,https://www.pib.gov.in/PressReleasePage.aspx?PRID=2117810&lang=2&reg=3,PIB / Lok Sabha state-wise CPGRAMS progress for 2020-2024.
state_cpgrams_2020_2024,State/UT,Jharkhand,2020-01-01,2024-12-31,disposed,112206,count,https://www.pib.gov.in/PressReleasePage.aspx?PRID=2117810&lang=2&reg=3,PIB / Lok Sabha state-wise CPGRAMS progress for 2020-2024.
state_cpgrams_2020_2024,State/UT,Jharkhand,2020-01-01,2024-12-31,pending,5810,count,https://www.pib.gov.in/PressReleasePage.aspx?PRID=2117810&lang=2&reg=3,PIB / Lok Sabha state-wise CPGRAMS progress for 2020-2024.
state_cpgrams_2020_2024,State/UT,Karnataka,2020-01-01,2024-12-31,brought_forward,42179,count,https://www.pib.gov.in/PressReleasePage.aspx?PRID=2117810&lang=2&reg=3,PIB / Lok Sabha state-wise CPGRAMS progress for 2020-2024.
state_cpgrams_2020_2024,State/UT,Karnataka,2020-01-01,2024-12-31,receipts,96461,count,https://www.pib.gov.in/PressReleasePage.aspx?PRID=2117810&lang=2&reg=3,PIB / Lok Sabha state-wise CPGRAMS progress for 2020-2024.
state_cpgrams_2020_2024,State/UT,Karnataka,2020-01-01,2024-12-31,total,138640,count,https://www.pib.gov.in/PressReleasePage.aspx?PRID=2117810&lang=2&reg=3,PIB / Lok Sabha state-wise CPGRAMS progress for 2020-2024.
state_cpgrams_2020_2024,State/UT,Karnataka,2020-01-01,2024-12-31,disposed,133322,count,https://www.pib.gov.in/PressReleasePage.aspx?PRID=2117810&lang=2&reg=3,PIB / Lok Sabha state-wise CPGRAMS progress for 2020-2024.
state_cpgrams_2020_2024,State/UT,Karnataka,2020-01-01,2024-12-31,pending,5318,count,https://www.pib.gov.in/PressReleasePage.aspx?PRID=2117810&lang=2&reg=3,PIB / Lok Sabha state-wise CPGRAMS progress for 2020-2024.
state_cpgrams_2020_2024,State/UT,Kerala,2020-01-01,2024-12-31,brought_forward,27008,count,https://www.pib.gov.in/PressReleasePage.aspx?PRID=2117810&lang=2&reg=3,PIB / Lok Sabha state-wise CPGRAMS progress for 2020-2024.
state_cpgrams_2020_2024,State/UT,Kerala,2020-01-01,2024-12-31,receipts,48583,count,https://www.pib.gov.in/PressReleasePage.aspx?PRID=2117810&lang=2&reg=3,PIB / Lok Sabha state-wise CPGRAMS progress for 2020-2024.
state_cpgrams_2020_2024,State/UT,Kerala,2020-01-01,2024-12-31,total,75591,count,https://www.pib.gov.in/PressReleasePage.aspx?PRID=2117810&lang=2&reg=3,PIB / Lok Sabha state-wise CPGRAMS progress for 2020-2024.
state_cpgrams_2020_2024,State/UT,Kerala,2020-01-01,2024-12-31,disposed,69811,count,https://www.pib.gov.in/PressReleasePage.aspx?PRID=2117810&lang=2&reg=3,PIB / Lok Sabha state-wise CPGRAMS progress for 2020-2024.
state_cpgrams_2020_2024,State/UT,Kerala,2020-01-01,2024-12-31,pending,5780,count,https://www.pib.gov.in/PressReleasePage.aspx?PRID=2117810&lang=2&reg=3,PIB / Lok Sabha state-wise CPGRAMS progress for 2020-2024.
state_cpgrams_2020_2024,State/UT,Madhya Pradesh,2020-01-01,2024-12-31,brought_forward,99601,count,https://www.pib.gov.in/PressReleasePage.aspx?PRID=2117810&lang=2&reg=3,PIB / Lok Sabha state-wise CPGRAMS progress for 2020-2024.
state_cpgrams_2020_2024,State/UT,Madhya Pradesh,2020-01-01,2024-12-31,receipts,183280,count,https://www.pib.gov.in/PressReleasePage.aspx?PRID=2117810&lang=2&reg=3,PIB / Lok Sabha state-wise CPGRAMS progress for 2020-2024.
state_cpgrams_2020_2024,State/UT,Madhya Pradesh,2020-01-01,2024-12-31,total,282881,count,https://www.pib.gov.in/PressReleasePage.aspx?PRID=2117810&lang=2&reg=3,PIB / Lok Sabha state-wise CPGRAMS progress for 2020-2024.
state_cpgrams_2020_2024,State/UT,Madhya Pradesh,2020-01-01,2024-12-31,disposed,279288,count,https://www.pib.gov.in/PressReleasePage.aspx?PRID=2117810&lang=2&reg=3,PIB / Lok Sabha state-wise CPGRAMS progress for 2020-2024.
state_cpgrams_2020_2024,State/UT,Madhya Pradesh,2020-01-01,2024-12-31,pending,3593,count,https://www.pib.gov.in/PressReleasePage.aspx?PRID=2117810&lang=2&reg=3,PIB / Lok Sabha state-wise CPGRAMS progress for 2020-2024.
state_cpgrams_2020_2024,State/UT,Maharashtra,2020-01-01,2024-12-31,brought_forward,119868,count,https://www.pib.gov.in/PressReleasePage.aspx?PRID=2117810&lang=2&reg=3,PIB / Lok Sabha state-wise CPGRAMS progress for 2020-2024.
state_cpgrams_2020_2024,State/UT,Maharashtra,2020-01-01,2024-12-31,receipts,212362,count,https://www.pib.gov.in/PressReleasePage.aspx?PRID=2117810&lang=2&reg=3,PIB / Lok Sabha state-wise CPGRAMS progress for 2020-2024.
state_cpgrams_2020_2024,State/UT,Maharashtra,2020-01-01,2024-12-31,total,332230,count,https://www.pib.gov.in/PressReleasePage.aspx?PRID=2117810&lang=2&reg=3,PIB / Lok Sabha state-wise CPGRAMS progress for 2020-2024.
state_cpgrams_2020_2024,State/UT,Maharashtra,2020-01-01,2024-12-31,disposed,313470,count,https://www.pib.gov.in/PressReleasePage.aspx?PRID=2117810&lang=2&reg=3,PIB / Lok Sabha state-wise CPGRAMS progress for 2020-2024.
state_cpgrams_2020_2024,State/UT,Maharashtra,2020-01-01,2024-12-31,pending,18760,count,https://www.pib.gov.in/PressReleasePage.aspx?PRID=2117810&lang=2&reg=3,PIB / Lok Sabha state-wise CPGRAMS progress for 2020-2024.
state_cpgrams_2020_2024,State/UT,Manipur,2020-01-01,2024-12-31,brought_forward,1662,count,https://www.pib.gov.in/PressReleasePage.aspx?PRID=2117810&lang=2&reg=3,PIB / Lok Sabha state-wise CPGRAMS progress for 2020-2024.
state_cpgrams_2020_2024,State/UT,Manipur,2020-01-01,2024-12-31,receipts,6562,count,https://www.pib.gov.in/PressReleasePage.aspx?PRID=2117810&lang=2&reg=3,PIB / Lok Sabha state-wise CPGRAMS progress for 2020-2024.
state_cpgrams_2020_2024,State/UT,Manipur,2020-01-01,2024-12-31,total,8224,count,https://www.pib.gov.in/PressReleasePage.aspx?PRID=2117810&lang=2&reg=3,PIB / Lok Sabha state-wise CPGRAMS progress for 2020-2024.
state_cpgrams_2020_2024,State/UT,Manipur,2020-01-01,2024-12-31,disposed,5939,count,https://www.pib.gov.in/PressReleasePage.aspx?PRID=2117810&lang=2&reg=3,PIB / Lok Sabha state-wise CPGRAMS progress for 2020-2024.
state_cpgrams_2020_2024,State/UT,Manipur,2020-01-01,2024-12-31,pending,2285,count,https://www.pib.gov.in/PressReleasePage.aspx?PRID=2117810&lang=2&reg=3,PIB / Lok Sabha state-wise CPGRAMS progress for 2020-2024.
state_cpgrams_2020_2024,State/UT,Meghalaya,2020-01-01,2024-12-31,brought_forward,1545,count,https://www.pib.gov.in/PressReleasePage.aspx?PRID=2117810&lang=2&reg=3,PIB / Lok Sabha state-wise CPGRAMS progress for 2020-2024.
state_cpgrams_2020_2024,State/UT,Meghalaya,2020-01-01,2024-12-31,receipts,2821,count,https://www.pib.gov.in/PressReleasePage.aspx?PRID=2117810&lang=2&reg=3,PIB / Lok Sabha state-wise CPGRAMS progress for 2020-2024.
state_cpgrams_2020_2024,State/UT,Meghalaya,2020-01-01,2024-12-31,total,4366,count,https://www.pib.gov.in/PressReleasePage.aspx?PRID=2117810&lang=2&reg=3,PIB / Lok Sabha state-wise CPGRAMS progress for 2020-2024.
state_cpgrams_2020_2024,State/UT,Meghalaya,2020-01-01,2024-12-31,disposed,3899,count,https://www.pib.gov.in/PressReleasePage.aspx?PRID=2117810&lang=2&reg=3,PIB / Lok Sabha state-wise CPGRAMS progress for 2020-2024.
state_cpgrams_2020_2024,State/UT,Meghalaya,2020-01-01,2024-12-31,pending,467,count,https://www.pib.gov.in/PressReleasePage.aspx?PRID=2117810&lang=2&reg=3,PIB / Lok Sabha state-wise CPGRAMS progress for 2020-2024.
state_cpgrams_2020_2024,State/UT,Mizoram,2020-01-01,2024-12-31,brought_forward,515,count,https://www.pib.gov.in/PressReleasePage.aspx?PRID=2117810&lang=2&reg=3,PIB / Lok Sabha state-wise CPGRAMS progress for 2020-2024.
state_cpgrams_2020_2024,State/UT,Mizoram,2020-01-01,2024-12-31,receipts,1748,count,https://www.pib.gov.in/PressReleasePage.aspx?PRID=2117810&lang=2&reg=3,PIB / Lok Sabha state-wise CPGRAMS progress for 2020-2024.
state_cpgrams_2020_2024,State/UT,Mizoram,2020-01-01,2024-12-31,total,2263,count,https://www.pib.gov.in/PressReleasePage.aspx?PRID=2117810&lang=2&reg=3,PIB / Lok Sabha state-wise CPGRAMS progress for 2020-2024.
state_cpgrams_2020_2024,State/UT,Mizoram,2020-01-01,2024-12-31,disposed,1496,count,https://www.pib.gov.in/PressReleasePage.aspx?PRID=2117810&lang=2&reg=3,PIB / Lok Sabha state-wise CPGRAMS progress for 2020-2024.
state_cpgrams_2020_2024,State/UT,Mizoram,2020-01-01,2024-12-31,pending,767,count,https://www.pib.gov.in/PressReleasePage.aspx?PRID=2117810&lang=2&reg=3,PIB / Lok Sabha state-wise CPGRAMS progress for 2020-2024.
state_cpgrams_2020_2024,State/UT,Nagaland,2020-01-01,2024-12-31,brought_forward,280,count,https://www.pib.gov.in/PressReleasePage.aspx?PRID=2117810&lang=2&reg=3,PIB / Lok Sabha state-wise CPGRAMS progress for 2020-2024.
state_cpgrams_2020_2024,State/UT,Nagaland,2020-01-01,2024-12-31,receipts,2046,count,https://www.pib.gov.in/PressReleasePage.aspx?PRID=2117810&lang=2&reg=3,PIB / Lok Sabha state-wise CPGRAMS progress for 2020-2024.
state_cpgrams_2020_2024,State/UT,Nagaland,2020-01-01,2024-12-31,total,2326,count,https://www.pib.gov.in/PressReleasePage.aspx?PRID=2117810&lang=2&reg=3,PIB / Lok Sabha state-wise CPGRAMS progress for 2020-2024.
state_cpgrams_2020_2024,State/UT,Nagaland,2020-01-01,2024-12-31,disposed,1046,count,https://www.pib.gov.in/PressReleasePage.aspx?PRID=2117810&lang=2&reg=3,PIB / Lok Sabha state-wise CPGRAMS progress for 2020-2024.
state_cpgrams_2020_2024,State/UT,Nagaland,2020-01-01,2024-12-31,pending,1280,count,https://www.pib.gov.in/PressReleasePage.aspx?PRID=2117810&lang=2&reg=3,PIB / Lok Sabha state-wise CPGRAMS progress for 2020-2024.
state_cpgrams_2020_2024,State/UT,NCT of Delhi,2020-01-01,2024-12-31,brought_forward,14514,count,https://www.pib.gov.in/PressReleasePage.aspx?PRID=2117810&lang=2&reg=3,PIB / Lok Sabha state-wise CPGRAMS progress for 2020-2024.
state_cpgrams_2020_2024,State/UT,NCT of Delhi,2020-01-01,2024-12-31,receipts,147912,count,https://www.pib.gov.in/PressReleasePage.aspx?PRID=2117810&lang=2&reg=3,PIB / Lok Sabha state-wise CPGRAMS progress for 2020-2024.
state_cpgrams_2020_2024,State/UT,NCT of Delhi,2020-01-01,2024-12-31,total,162426,count,https://www.pib.gov.in/PressReleasePage.aspx?PRID=2117810&lang=2&reg=3,PIB / Lok Sabha state-wise CPGRAMS progress for 2020-2024.
state_cpgrams_2020_2024,State/UT,NCT of Delhi,2020-01-01,2024-12-31,disposed,156682,count,https://www.pib.gov.in/PressReleasePage.aspx?PRID=2117810&lang=2&reg=3,PIB / Lok Sabha state-wise CPGRAMS progress for 2020-2024.
state_cpgrams_2020_2024,State/UT,NCT of Delhi,2020-01-01,2024-12-31,pending,5744,count,https://www.pib.gov.in/PressReleasePage.aspx?PRID=2117810&lang=2&reg=3,PIB / Lok Sabha state-wise CPGRAMS progress for 2020-2024.
state_cpgrams_2020_2024,State/UT,Odisha,2020-01-01,2024-12-31,brought_forward,29692,count,https://www.pib.gov.in/PressReleasePage.aspx?PRID=2117810&lang=2&reg=3,PIB / Lok Sabha state-wise CPGRAMS progress for 2020-2024.
state_cpgrams_2020_2024,State/UT,Odisha,2020-01-01,2024-12-31,receipts,68923,count,https://www.pib.gov.in/PressReleasePage.aspx?PRID=2117810&lang=2&reg=3,PIB / Lok Sabha state-wise CPGRAMS progress for 2020-2024.
state_cpgrams_2020_2024,State/UT,Odisha,2020-01-01,2024-12-31,total,98615,count,https://www.pib.gov.in/PressReleasePage.aspx?PRID=2117810&lang=2&reg=3,PIB / Lok Sabha state-wise CPGRAMS progress for 2020-2024.
state_cpgrams_2020_2024,State/UT,Odisha,2020-01-01,2024-12-31,disposed,80240,count,https://www.pib.gov.in/PressReleasePage.aspx?PRID=2117810&lang=2&reg=3,PIB / Lok Sabha state-wise CPGRAMS progress for 2020-2024.
state_cpgrams_2020_2024,State/UT,Odisha,2020-01-01,2024-12-31,pending,18375,count,https://www.pib.gov.in/PressReleasePage.aspx?PRID=2117810&lang=2&reg=3,PIB / Lok Sabha state-wise CPGRAMS progress for 2020-2024.
state_cpgrams_2020_2024,State/UT,Puducherry,2020-01-01,2024-12-31,brought_forward,628,count,https://www.pib.gov.in/PressReleasePage.aspx?PRID=2117810&lang=2&reg=3,PIB / Lok Sabha state-wise CPGRAMS progress for 2020-2024.
state_cpgrams_2020_2024,State/UT,Puducherry,2020-01-01,2024-12-31,receipts,8535,count,https://www.pib.gov.in/PressReleasePage.aspx?PRID=2117810&lang=2&reg=3,PIB / Lok Sabha state-wise CPGRAMS progress for 2020-2024.
state_cpgrams_2020_2024,State/UT,Puducherry,2020-01-01,2024-12-31,total,9163,count,https://www.pib.gov.in/PressReleasePage.aspx?PRID=2117810&lang=2&reg=3,PIB / Lok Sabha state-wise CPGRAMS progress for 2020-2024.
state_cpgrams_2020_2024,State/UT,Puducherry,2020-01-01,2024-12-31,disposed,9116,count,https://www.pib.gov.in/PressReleasePage.aspx?PRID=2117810&lang=2&reg=3,PIB / Lok Sabha state-wise CPGRAMS progress for 2020-2024.
state_cpgrams_2020_2024,State/UT,Puducherry,2020-01-01,2024-12-31,pending,47,count,https://www.pib.gov.in/PressReleasePage.aspx?PRID=2117810&lang=2&reg=3,PIB / Lok Sabha state-wise CPGRAMS progress for 2020-2024.
state_cpgrams_2020_2024,State/UT,Punjab,2020-01-01,2024-12-31,brought_forward,16701,count,https://www.pib.gov.in/PressReleasePage.aspx?PRID=2117810&lang=2&reg=3,PIB / Lok Sabha state-wise CPGRAMS progress for 2020-2024.
state_cpgrams_2020_2024,State/UT,Punjab,2020-01-01,2024-12-31,receipts,102648,count,https://www.pib.gov.in/PressReleasePage.aspx?PRID=2117810&lang=2&reg=3,PIB / Lok Sabha state-wise CPGRAMS progress for 2020-2024.
state_cpgrams_2020_2024,State/UT,Punjab,2020-01-01,2024-12-31,total,119349,count,https://www.pib.gov.in/PressReleasePage.aspx?PRID=2117810&lang=2&reg=3,PIB / Lok Sabha state-wise CPGRAMS progress for 2020-2024.
state_cpgrams_2020_2024,State/UT,Punjab,2020-01-01,2024-12-31,disposed,116235,count,https://www.pib.gov.in/PressReleasePage.aspx?PRID=2117810&lang=2&reg=3,PIB / Lok Sabha state-wise CPGRAMS progress for 2020-2024.
state_cpgrams_2020_2024,State/UT,Punjab,2020-01-01,2024-12-31,pending,3114,count,https://www.pib.gov.in/PressReleasePage.aspx?PRID=2117810&lang=2&reg=3,PIB / Lok Sabha state-wise CPGRAMS progress for 2020-2024.
state_cpgrams_2020_2024,State/UT,Rajasthan,2020-01-01,2024-12-31,brought_forward,108046,count,https://www.pib.gov.in/PressReleasePage.aspx?PRID=2117810&lang=2&reg=3,PIB / Lok Sabha state-wise CPGRAMS progress for 2020-2024.
state_cpgrams_2020_2024,State/UT,Rajasthan,2020-01-01,2024-12-31,receipts,148558,count,https://www.pib.gov.in/PressReleasePage.aspx?PRID=2117810&lang=2&reg=3,PIB / Lok Sabha state-wise CPGRAMS progress for 2020-2024.
state_cpgrams_2020_2024,State/UT,Rajasthan,2020-01-01,2024-12-31,total,256604,count,https://www.pib.gov.in/PressReleasePage.aspx?PRID=2117810&lang=2&reg=3,PIB / Lok Sabha state-wise CPGRAMS progress for 2020-2024.
state_cpgrams_2020_2024,State/UT,Rajasthan,2020-01-01,2024-12-31,disposed,255197,count,https://www.pib.gov.in/PressReleasePage.aspx?PRID=2117810&lang=2&reg=3,PIB / Lok Sabha state-wise CPGRAMS progress for 2020-2024.
state_cpgrams_2020_2024,State/UT,Rajasthan,2020-01-01,2024-12-31,pending,1407,count,https://www.pib.gov.in/PressReleasePage.aspx?PRID=2117810&lang=2&reg=3,PIB / Lok Sabha state-wise CPGRAMS progress for 2020-2024.
state_cpgrams_2020_2024,State/UT,Sikkim,2020-01-01,2024-12-31,brought_forward,766,count,https://www.pib.gov.in/PressReleasePage.aspx?PRID=2117810&lang=2&reg=3,PIB / Lok Sabha state-wise CPGRAMS progress for 2020-2024.
state_cpgrams_2020_2024,State/UT,Sikkim,2020-01-01,2024-12-31,receipts,1265,count,https://www.pib.gov.in/PressReleasePage.aspx?PRID=2117810&lang=2&reg=3,PIB / Lok Sabha state-wise CPGRAMS progress for 2020-2024.
state_cpgrams_2020_2024,State/UT,Sikkim,2020-01-01,2024-12-31,total,2031,count,https://www.pib.gov.in/PressReleasePage.aspx?PRID=2117810&lang=2&reg=3,PIB / Lok Sabha state-wise CPGRAMS progress for 2020-2024.
state_cpgrams_2020_2024,State/UT,Sikkim,2020-01-01,2024-12-31,disposed,2004,count,https://www.pib.gov.in/PressReleasePage.aspx?PRID=2117810&lang=2&reg=3,PIB / Lok Sabha state-wise CPGRAMS progress for 2020-2024.
state_cpgrams_2020_2024,State/UT,Sikkim,2020-01-01,2024-12-31,pending,27,count,https://www.pib.gov.in/PressReleasePage.aspx?PRID=2117810&lang=2&reg=3,PIB / Lok Sabha state-wise CPGRAMS progress for 2020-2024.
state_cpgrams_2020_2024,State/UT,Tamil Nadu,2020-01-01,2024-12-31,brought_forward,23673,count,https://www.pib.gov.in/PressReleasePage.aspx?PRID=2117810&lang=2&reg=3,PIB / Lok Sabha state-wise CPGRAMS progress for 2020-2024.
state_cpgrams_2020_2024,State/UT,Tamil Nadu,2020-01-01,2024-12-31,receipts,110690,count,https://www.pib.gov.in/PressReleasePage.aspx?PRID=2117810&lang=2&reg=3,PIB / Lok Sabha state-wise CPGRAMS progress for 2020-2024.
state_cpgrams_2020_2024,State/UT,Tamil Nadu,2020-01-01,2024-12-31,total,134363,count,https://www.pib.gov.in/PressReleasePage.aspx?PRID=2117810&lang=2&reg=3,PIB / Lok Sabha state-wise CPGRAMS progress for 2020-2024.
state_cpgrams_2020_2024,State/UT,Tamil Nadu,2020-01-01,2024-12-31,disposed,126461,count,https://www.pib.gov.in/PressReleasePage.aspx?PRID=2117810&lang=2&reg=3,PIB / Lok Sabha state-wise CPGRAMS progress for 2020-2024.
state_cpgrams_2020_2024,State/UT,Tamil Nadu,2020-01-01,2024-12-31,pending,7902,count,https://www.pib.gov.in/PressReleasePage.aspx?PRID=2117810&lang=2&reg=3,PIB / Lok Sabha state-wise CPGRAMS progress for 2020-2024.
state_cpgrams_2020_2024,State/UT,Telangana,2020-01-01,2024-12-31,brought_forward,5781,count,https://www.pib.gov.in/PressReleasePage.aspx?PRID=2117810&lang=2&reg=3,PIB / Lok Sabha state-wise CPGRAMS progress for 2020-2024.
state_cpgrams_2020_2024,State/UT,Telangana,2020-01-01,2024-12-31,receipts,38749,count,https://www.pib.gov.in/PressReleasePage.aspx?PRID=2117810&lang=2&reg=3,PIB / Lok Sabha state-wise CPGRAMS progress for 2020-2024.
state_cpgrams_2020_2024,State/UT,Telangana,2020-01-01,2024-12-31,total,44530,count,https://www.pib.gov.in/PressReleasePage.aspx?PRID=2117810&lang=2&reg=3,PIB / Lok Sabha state-wise CPGRAMS progress for 2020-2024.
state_cpgrams_2020_2024,State/UT,Telangana,2020-01-01,2024-12-31,disposed,44224,count,https://www.pib.gov.in/PressReleasePage.aspx?PRID=2117810&lang=2&reg=3,PIB / Lok Sabha state-wise CPGRAMS progress for 2020-2024.
state_cpgrams_2020_2024,State/UT,Telangana,2020-01-01,2024-12-31,pending,306,count,https://www.pib.gov.in/PressReleasePage.aspx?PRID=2117810&lang=2&reg=3,PIB / Lok Sabha state-wise CPGRAMS progress for 2020-2024.
state_cpgrams_2020_2024,State/UT,Tripura,2020-01-01,2024-12-31,brought_forward,551,count,https://www.pib.gov.in/PressReleasePage.aspx?PRID=2117810&lang=2&reg=3,PIB / Lok Sabha state-wise CPGRAMS progress for 2020-2024.
state_cpgrams_2020_2024,State/UT,Tripura,2020-01-01,2024-12-31,receipts,7662,count,https://www.pib.gov.in/PressReleasePage.aspx?PRID=2117810&lang=2&reg=3,PIB / Lok Sabha state-wise CPGRAMS progress for 2020-2024.
state_cpgrams_2020_2024,State/UT,Tripura,2020-01-01,2024-12-31,total,8213,count,https://www.pib.gov.in/PressReleasePage.aspx?PRID=2117810&lang=2&reg=3,PIB / Lok Sabha state-wise CPGRAMS progress for 2020-2024.
state_cpgrams_2020_2024,State/UT,Tripura,2020-01-01,2024-12-31,disposed,8160,count,https://www.pib.gov.in/PressReleasePage.aspx?PRID=2117810&lang=2&reg=3,PIB / Lok Sabha state-wise CPGRAMS progress for 2020-2024.
state_cpgrams_2020_2024,State/UT,Tripura,2020-01-01,2024-12-31,pending,53,count,https://www.pib.gov.in/PressReleasePage.aspx?PRID=2117810&lang=2&reg=3,PIB / Lok Sabha state-wise CPGRAMS progress for 2020-2024.
state_cpgrams_2020_2024,State/UT,UT Chandigarh,2020-01-01,2024-12-31,brought_forward,320,count,https://www.pib.gov.in/PressReleasePage.aspx?PRID=2117810&lang=2&reg=3,PIB / Lok Sabha state-wise CPGRAMS progress for 2020-2024.
state_cpgrams_2020_2024,State/UT,UT Chandigarh,2020-01-01,2024-12-31,receipts,20655,count,https://www.pib.gov.in/PressReleasePage.aspx?PRID=2117810&lang=2&reg=3,PIB / Lok Sabha state-wise CPGRAMS progress for 2020-2024.
state_cpgrams_2020_2024,State/UT,UT Chandigarh,2020-01-01,2024-12-31,total,20975,count,https://www.pib.gov.in/PressReleasePage.aspx?PRID=2117810&lang=2&reg=3,PIB / Lok Sabha state-wise CPGRAMS progress for 2020-2024.
state_cpgrams_2020_2024,State/UT,UT Chandigarh,2020-01-01,2024-12-31,disposed,20882,count,https://www.pib.gov.in/PressReleasePage.aspx?PRID=2117810&lang=2&reg=3,PIB / Lok Sabha state-wise CPGRAMS progress for 2020-2024.
state_cpgrams_2020_2024,State/UT,UT Chandigarh,2020-01-01,2024-12-31,pending,93,count,https://www.pib.gov.in/PressReleasePage.aspx?PRID=2117810&lang=2&reg=3,PIB / Lok Sabha state-wise CPGRAMS progress for 2020-2024.
state_cpgrams_2020_2024,State/UT,UT Dadra & Nagar Haveli,2020-01-01,2024-12-31,brought_forward,52,count,https://www.pib.gov.in/PressReleasePage.aspx?PRID=2117810&lang=2&reg=3,PIB / Lok Sabha state-wise CPGRAMS progress for 2020-2024.
state_cpgrams_2020_2024,State/UT,UT Dadra & Nagar Haveli,2020-01-01,2024-12-31,receipts,1789,count,https://www.pib.gov.in/PressReleasePage.aspx?PRID=2117810&lang=2&reg=3,PIB / Lok Sabha state-wise CPGRAMS progress for 2020-2024.
state_cpgrams_2020_2024,State/UT,UT Dadra & Nagar Haveli,2020-01-01,2024-12-31,total,1841,count,https://www.pib.gov.in/PressReleasePage.aspx?PRID=2117810&lang=2&reg=3,PIB / Lok Sabha state-wise CPGRAMS progress for 2020-2024.
state_cpgrams_2020_2024,State/UT,UT Dadra & Nagar Haveli,2020-01-01,2024-12-31,disposed,1716,count,https://www.pib.gov.in/PressReleasePage.aspx?PRID=2117810&lang=2&reg=3,PIB / Lok Sabha state-wise CPGRAMS progress for 2020-2024.
state_cpgrams_2020_2024,State/UT,UT Dadra & Nagar Haveli,2020-01-01,2024-12-31,pending,125,count,https://www.pib.gov.in/PressReleasePage.aspx?PRID=2117810&lang=2&reg=3,PIB / Lok Sabha state-wise CPGRAMS progress for 2020-2024.
state_cpgrams_2020_2024,State/UT,UT Daman & Diu,2020-01-01,2024-12-31,brought_forward,37,count,https://www.pib.gov.in/PressReleasePage.aspx?PRID=2117810&lang=2&reg=3,PIB / Lok Sabha state-wise CPGRAMS progress for 2020-2024.
state_cpgrams_2020_2024,State/UT,UT Daman & Diu,2020-01-01,2024-12-31,receipts,1879,count,https://www.pib.gov.in/PressReleasePage.aspx?PRID=2117810&lang=2&reg=3,PIB / Lok Sabha state-wise CPGRAMS progress for 2020-2024.
state_cpgrams_2020_2024,State/UT,UT Daman & Diu,2020-01-01,2024-12-31,total,1916,count,https://www.pib.gov.in/PressReleasePage.aspx?PRID=2117810&lang=2&reg=3,PIB / Lok Sabha state-wise CPGRAMS progress for 2020-2024.
state_cpgrams_2020_2024,State/UT,UT Daman & Diu,2020-01-01,2024-12-31,disposed,1719,count,https://www.pib.gov.in/PressReleasePage.aspx?PRID=2117810&lang=2&reg=3,PIB / Lok Sabha state-wise CPGRAMS progress for 2020-2024.
state_cpgrams_2020_2024,State/UT,UT Daman & Diu,2020-01-01,2024-12-31,pending,197,count,https://www.pib.gov.in/PressReleasePage.aspx?PRID=2117810&lang=2&reg=3,PIB / Lok Sabha state-wise CPGRAMS progress for 2020-2024.
state_cpgrams_2020_2024,State/UT,UT Ladakh,2020-01-01,2024-12-31,brought_forward,6,count,https://www.pib.gov.in/PressReleasePage.aspx?PRID=2117810&lang=2&reg=3,PIB / Lok Sabha state-wise CPGRAMS progress for 2020-2024.
state_cpgrams_2020_2024,State/UT,UT Ladakh,2020-01-01,2024-12-31,receipts,1047,count,https://www.pib.gov.in/PressReleasePage.aspx?PRID=2117810&lang=2&reg=3,PIB / Lok Sabha state-wise CPGRAMS progress for 2020-2024.
state_cpgrams_2020_2024,State/UT,UT Ladakh,2020-01-01,2024-12-31,total,1053,count,https://www.pib.gov.in/PressReleasePage.aspx?PRID=2117810&lang=2&reg=3,PIB / Lok Sabha state-wise CPGRAMS progress for 2020-2024.
state_cpgrams_2020_2024,State/UT,UT Ladakh,2020-01-01,2024-12-31,disposed,1044,count,https://www.pib.gov.in/PressReleasePage.aspx?PRID=2117810&lang=2&reg=3,PIB / Lok Sabha state-wise CPGRAMS progress for 2020-2024.
state_cpgrams_2020_2024,State/UT,UT Ladakh,2020-01-01,2024-12-31,pending,9,count,https://www.pib.gov.in/PressReleasePage.aspx?PRID=2117810&lang=2&reg=3,PIB / Lok Sabha state-wise CPGRAMS progress for 2020-2024.
state_cpgrams_2020_2024,State/UT,UT Lakshadweep,2020-01-01,2024-12-31,brought_forward,2,count,https://www.pib.gov.in/PressReleasePage.aspx?PRID=2117810&lang=2&reg=3,PIB / Lok Sabha state-wise CPGRAMS progress for 2020-2024.
state_cpgrams_2020_2024,State/UT,UT Lakshadweep,2020-01-01,2024-12-31,receipts,1065,count,https://www.pib.gov.in/PressReleasePage.aspx?PRID=2117810&lang=2&reg=3,PIB / Lok Sabha state-wise CPGRAMS progress for 2020-2024.
state_cpgrams_2020_2024,State/UT,UT Lakshadweep,2020-01-01,2024-12-31,total,1067,count,https://www.pib.gov.in/PressReleasePage.aspx?PRID=2117810&lang=2&reg=3,PIB / Lok Sabha state-wise CPGRAMS progress for 2020-2024.
state_cpgrams_2020_2024,State/UT,UT Lakshadweep,2020-01-01,2024-12-31,disposed,1038,count,https://www.pib.gov.in/PressReleasePage.aspx?PRID=2117810&lang=2&reg=3,PIB / Lok Sabha state-wise CPGRAMS progress for 2020-2024.
state_cpgrams_2020_2024,State/UT,UT Lakshadweep,2020-01-01,2024-12-31,pending,29,count,https://www.pib.gov.in/PressReleasePage.aspx?PRID=2117810&lang=2&reg=3,PIB / Lok Sabha state-wise CPGRAMS progress for 2020-2024.
state_cpgrams_2020_2024,State/UT,Uttar Pradesh,2020-01-01,2024-12-31,brought_forward,115976,count,https://www.pib.gov.in/PressReleasePage.aspx?PRID=2117810&lang=2&reg=3,PIB / Lok Sabha state-wise CPGRAMS progress for 2020-2024.
state_cpgrams_2020_2024,State/UT,Uttar Pradesh,2020-01-01,2024-12-31,receipts,1169750,count,https://www.pib.gov.in/PressReleasePage.aspx?PRID=2117810&lang=2&reg=3,PIB / Lok Sabha state-wise CPGRAMS progress for 2020-2024.
state_cpgrams_2020_2024,State/UT,Uttar Pradesh,2020-01-01,2024-12-31,total,1285726,count,https://www.pib.gov.in/PressReleasePage.aspx?PRID=2117810&lang=2&reg=3,PIB / Lok Sabha state-wise CPGRAMS progress for 2020-2024.
state_cpgrams_2020_2024,State/UT,Uttar Pradesh,2020-01-01,2024-12-31,disposed,1273452,count,https://www.pib.gov.in/PressReleasePage.aspx?PRID=2117810&lang=2&reg=3,PIB / Lok Sabha state-wise CPGRAMS progress for 2020-2024.
state_cpgrams_2020_2024,State/UT,Uttar Pradesh,2020-01-01,2024-12-31,pending,12274,count,https://www.pib.gov.in/PressReleasePage.aspx?PRID=2117810&lang=2&reg=3,PIB / Lok Sabha state-wise CPGRAMS progress for 2020-2024.
state_cpgrams_2020_2024,State/UT,Uttarakhand,2020-01-01,2024-12-31,brought_forward,41131,count,https://www.pib.gov.in/PressReleasePage.aspx?PRID=2117810&lang=2&reg=3,PIB / Lok Sabha state-wise CPGRAMS progress for 2020-2024.
state_cpgrams_2020_2024,State/UT,Uttarakhand,2020-01-01,2024-12-31,receipts,70583,count,https://www.pib.gov.in/PressReleasePage.aspx?PRID=2117810&lang=2&reg=3,PIB / Lok Sabha state-wise CPGRAMS progress for 2020-2024.
state_cpgrams_2020_2024,State/UT,Uttarakhand,2020-01-01,2024-12-31,total,111714,count,https://www.pib.gov.in/PressReleasePage.aspx?PRID=2117810&lang=2&reg=3,PIB / Lok Sabha state-wise CPGRAMS progress for 2020-2024.
state_cpgrams_2020_2024,State/UT,Uttarakhand,2020-01-01,2024-12-31,disposed,108676,count,https://www.pib.gov.in/PressReleasePage.aspx?PRID=2117810&lang=2&reg=3,PIB / Lok Sabha state-wise CPGRAMS progress for 2020-2024.
state_cpgrams_2020_2024,State/UT,Uttarakhand,2020-01-01,2024-12-31,pending,3038,count,https://www.pib.gov.in/PressReleasePage.aspx?PRID=2117810&lang=2&reg=3,PIB / Lok Sabha state-wise CPGRAMS progress for 2020-2024.
state_cpgrams_2020_2024,State/UT,West Bengal,2020-01-01,2024-12-31,brought_forward,46969,count,https://www.pib.gov.in/PressReleasePage.aspx?PRID=2117810&lang=2&reg=3,PIB / Lok Sabha state-wise CPGRAMS progress for 2020-2024.
state_cpgrams_2020_2024,State/UT,West Bengal,2020-01-01,2024-12-31,receipts,76347,count,https://www.pib.gov.in/PressReleasePage.aspx?PRID=2117810&lang=2&reg=3,PIB / Lok Sabha state-wise CPGRAMS progress for 2020-2024.
state_cpgrams_2020_2024,State/UT,West Bengal,2020-01-01,2024-12-31,total,123316,count,https://www.pib.gov.in/PressReleasePage.aspx?PRID=2117810&lang=2&reg=3,PIB / Lok Sabha state-wise CPGRAMS progress for 2020-2024.
state_cpgrams_2020_2024,State/UT,West Bengal,2020-01-01,2024-12-31,disposed,83402,count,https://www.pib.gov.in/PressReleasePage.aspx?PRID=2117810&lang=2&reg=3,PIB / Lok Sabha state-wise CPGRAMS progress for 2020-2024.
state_cpgrams_2020_2024,State/UT,West Bengal,2020-01-01,2024-12-31,pending,39914,count,https://www.pib.gov.in/PressReleasePage.aspx?PRID=2117810&lang=2&reg=3,PIB / Lok Sabha state-wise CPGRAMS progress for 2020-2024.
state_cpgrams_2020_2024,State/UT,Total,2020-01-01,2024-12-31,brought_forward,941717,count,https://www.pib.gov.in/PressReleasePage.aspx?PRID=2117810&lang=2&reg=3,PIB / Lok Sabha state-wise CPGRAMS progress for 2020-2024.
state_cpgrams_2020_2024,State/UT,Total,2020-01-01,2024-12-31,receipts,3497842,count,https://www.pib.gov.in/PressReleasePage.aspx?PRID=2117810&lang=2&reg=3,PIB / Lok Sabha state-wise CPGRAMS progress for 2020-2024.
state_cpgrams_2020_2024,State/UT,Total,2020-01-01,2024-12-31,total,4439559,count,https://www.pib.gov.in/PressReleasePage.aspx?PRID=2117810&lang=2&reg=3,PIB / Lok Sabha state-wise CPGRAMS progress for 2020-2024.
state_cpgrams_2020_2024,State/UT,Total,2020-01-01,2024-12-31,disposed,4253716,count,https://www.pib.gov.in/PressReleasePage.aspx?PRID=2117810&lang=2&reg=3,PIB / Lok Sabha state-wise CPGRAMS progress for 2020-2024.
state_cpgrams_2020_2024,State/UT,Total,2020-01-01,2024-12-31,pending,185843,count,https://www.pib.gov.in/PressReleasePage.aspx?PRID=2117810&lang=2&reg=3,PIB / Lok Sabha state-wise CPGRAMS progress for 2020-2024.
year_wise_cpgrams,India,2016,,,brought_forward,449626,count,https://www.pib.gov.in/PressReleasePage.aspx?PRID=2247914&lang=1&reg=1,PIB / Lok Sabha Annexure III: year-wise CPGRAMS totals.
year_wise_cpgrams,India,2016,,,receipts,1483166,count,https://www.pib.gov.in/PressReleasePage.aspx?PRID=2247914&lang=1&reg=1,PIB / Lok Sabha Annexure III: year-wise CPGRAMS totals.
year_wise_cpgrams,India,2016,,,disposed,1262213,count,https://www.pib.gov.in/PressReleasePage.aspx?PRID=2247914&lang=1&reg=1,PIB / Lok Sabha Annexure III: year-wise CPGRAMS totals.
year_wise_cpgrams,India,2016,,,pending,670579,count,https://www.pib.gov.in/PressReleasePage.aspx?PRID=2247914&lang=1&reg=1,PIB / Lok Sabha Annexure III: year-wise CPGRAMS totals.
year_wise_cpgrams,India,2017,,,brought_forward,670579,count,https://www.pib.gov.in/PressReleasePage.aspx?PRID=2247914&lang=1&reg=1,PIB / Lok Sabha Annexure III: year-wise CPGRAMS totals.
year_wise_cpgrams,India,2017,,,receipts,1866124,count,https://www.pib.gov.in/PressReleasePage.aspx?PRID=2247914&lang=1&reg=1,PIB / Lok Sabha Annexure III: year-wise CPGRAMS totals.
year_wise_cpgrams,India,2017,,,disposed,1773016,count,https://www.pib.gov.in/PressReleasePage.aspx?PRID=2247914&lang=1&reg=1,PIB / Lok Sabha Annexure III: year-wise CPGRAMS totals.
year_wise_cpgrams,India,2017,,,pending,763687,count,https://www.pib.gov.in/PressReleasePage.aspx?PRID=2247914&lang=1&reg=1,PIB / Lok Sabha Annexure III: year-wise CPGRAMS totals.
year_wise_cpgrams,India,2018,,,brought_forward,763687,count,https://www.pib.gov.in/PressReleasePage.aspx?PRID=2247914&lang=1&reg=1,PIB / Lok Sabha Annexure III: year-wise CPGRAMS totals.
year_wise_cpgrams,India,2018,,,receipts,1586415,count,https://www.pib.gov.in/PressReleasePage.aspx?PRID=2247914&lang=1&reg=1,PIB / Lok Sabha Annexure III: year-wise CPGRAMS totals.
year_wise_cpgrams,India,2018,,,disposed,1506405,count,https://www.pib.gov.in/PressReleasePage.aspx?PRID=2247914&lang=1&reg=1,PIB / Lok Sabha Annexure III: year-wise CPGRAMS totals.
year_wise_cpgrams,India,2018,,,pending,843697,count,https://www.pib.gov.in/PressReleasePage.aspx?PRID=2247914&lang=1&reg=1,PIB / Lok Sabha Annexure III: year-wise CPGRAMS totals.
year_wise_cpgrams,India,2019,,,brought_forward,843697,count,https://www.pib.gov.in/PressReleasePage.aspx?PRID=2247914&lang=1&reg=1,PIB / Lok Sabha Annexure III: year-wise CPGRAMS totals.
year_wise_cpgrams,India,2019,,,receipts,1867759,count,https://www.pib.gov.in/PressReleasePage.aspx?PRID=2247914&lang=1&reg=1,PIB / Lok Sabha Annexure III: year-wise CPGRAMS totals.
year_wise_cpgrams,India,2019,,,disposed,1639853,count,https://www.pib.gov.in/PressReleasePage.aspx?PRID=2247914&lang=1&reg=1,PIB / Lok Sabha Annexure III: year-wise CPGRAMS totals.
year_wise_cpgrams,India,2019,,,pending,1071603,count,https://www.pib.gov.in/PressReleasePage.aspx?PRID=2247914&lang=1&reg=1,PIB / Lok Sabha Annexure III: year-wise CPGRAMS totals.
year_wise_cpgrams,India,2020,,,brought_forward,1071603,count,https://www.pib.gov.in/PressReleasePage.aspx?PRID=2247914&lang=1&reg=1,PIB / Lok Sabha Annexure III: year-wise CPGRAMS totals.
year_wise_cpgrams,India,2020,,,receipts,2271270,count,https://www.pib.gov.in/PressReleasePage.aspx?PRID=2247914&lang=1&reg=1,PIB / Lok Sabha Annexure III: year-wise CPGRAMS totals.
year_wise_cpgrams,India,2020,,,disposed,2319569,count,https://www.pib.gov.in/PressReleasePage.aspx?PRID=2247914&lang=1&reg=1,PIB / Lok Sabha Annexure III: year-wise CPGRAMS totals.
year_wise_cpgrams,India,2020,,,pending,1023304,count,https://www.pib.gov.in/PressReleasePage.aspx?PRID=2247914&lang=1&reg=1,PIB / Lok Sabha Annexure III: year-wise CPGRAMS totals.
year_wise_cpgrams,India,2021,,,brought_forward,1023304,count,https://www.pib.gov.in/PressReleasePage.aspx?PRID=2247914&lang=1&reg=1,PIB / Lok Sabha Annexure III: year-wise CPGRAMS totals.
year_wise_cpgrams,India,2021,,,receipts,2000590,count,https://www.pib.gov.in/PressReleasePage.aspx?PRID=2247914&lang=1&reg=1,PIB / Lok Sabha Annexure III: year-wise CPGRAMS totals.
year_wise_cpgrams,India,2021,,,disposed,2135923,count,https://www.pib.gov.in/PressReleasePage.aspx?PRID=2247914&lang=1&reg=1,PIB / Lok Sabha Annexure III: year-wise CPGRAMS totals.
year_wise_cpgrams,India,2021,,,pending,887971,count,https://www.pib.gov.in/PressReleasePage.aspx?PRID=2247914&lang=1&reg=1,PIB / Lok Sabha Annexure III: year-wise CPGRAMS totals.
year_wise_cpgrams,India,2022,,,brought_forward,887971,count,https://www.pib.gov.in/PressReleasePage.aspx?PRID=2247914&lang=1&reg=1,PIB / Lok Sabha Annexure III: year-wise CPGRAMS totals.
year_wise_cpgrams,India,2022,,,receipts,1918238,count,https://www.pib.gov.in/PressReleasePage.aspx?PRID=2247914&lang=1&reg=1,PIB / Lok Sabha Annexure III: year-wise CPGRAMS totals.
year_wise_cpgrams,India,2022,,,disposed,2143468,count,https://www.pib.gov.in/PressReleasePage.aspx?PRID=2247914&lang=1&reg=1,PIB / Lok Sabha Annexure III: year-wise CPGRAMS totals.
year_wise_cpgrams,India,2022,,,pending,662741,count,https://www.pib.gov.in/PressReleasePage.aspx?PRID=2247914&lang=1&reg=1,PIB / Lok Sabha Annexure III: year-wise CPGRAMS totals.
year_wise_cpgrams,India,2023,,,brought_forward,662741,count,https://www.pib.gov.in/PressReleasePage.aspx?PRID=2247914&lang=1&reg=1,PIB / Lok Sabha Annexure III: year-wise CPGRAMS totals.
year_wise_cpgrams,India,2023,,,receipts,1953057,count,https://www.pib.gov.in/PressReleasePage.aspx?PRID=2247914&lang=1&reg=1,PIB / Lok Sabha Annexure III: year-wise CPGRAMS totals.
year_wise_cpgrams,India,2023,,,disposed,2307674,count,https://www.pib.gov.in/PressReleasePage.aspx?PRID=2247914&lang=1&reg=1,PIB / Lok Sabha Annexure III: year-wise CPGRAMS totals.
year_wise_cpgrams,India,2023,,,pending,308124,count,https://www.pib.gov.in/PressReleasePage.aspx?PRID=2247914&lang=1&reg=1,PIB / Lok Sabha Annexure III: year-wise CPGRAMS totals.
year_wise_cpgrams,India,2024,,,brought_forward,308124,count,https://www.pib.gov.in/PressReleasePage.aspx?PRID=2247914&lang=1&reg=1,PIB / Lok Sabha Annexure III: year-wise CPGRAMS totals.
year_wise_cpgrams,India,2024,,,receipts,2615321,count,https://www.pib.gov.in/PressReleasePage.aspx?PRID=2247914&lang=1&reg=1,PIB / Lok Sabha Annexure III: year-wise CPGRAMS totals.
year_wise_cpgrams,India,2024,,,disposed,2645869,count,https://www.pib.gov.in/PressReleasePage.aspx?PRID=2247914&lang=1&reg=1,PIB / Lok Sabha Annexure III: year-wise CPGRAMS totals.
year_wise_cpgrams,India,2024,,,pending,277576,count,https://www.pib.gov.in/PressReleasePage.aspx?PRID=2247914&lang=1&reg=1,PIB / Lok Sabha Annexure III: year-wise CPGRAMS totals.
year_wise_cpgrams,India,2025,,,brought_forward,277576,count,https://www.pib.gov.in/PressReleasePage.aspx?PRID=2247914&lang=1&reg=1,PIB / Lok Sabha Annexure III: year-wise CPGRAMS totals.
year_wise_cpgrams,India,2025,,,receipts,2278256,count,https://www.pib.gov.in/PressReleasePage.aspx?PRID=2247914&lang=1&reg=1,PIB / Lok Sabha Annexure III: year-wise CPGRAMS totals.
year_wise_cpgrams,India,2025,,,disposed,2279040,count,https://www.pib.gov.in/PressReleasePage.aspx?PRID=2247914&lang=1&reg=1,PIB / Lok Sabha Annexure III: year-wise CPGRAMS totals.
year_wise_cpgrams,India,2025,,,pending,276792,count,https://www.pib.gov.in/PressReleasePage.aspx?PRID=2247914&lang=1&reg=1,PIB / Lok Sabha Annexure III: year-wise CPGRAMS totals.
year_wise_cpgrams,India,2026_till_2026-02-28,,,brought_forward,276792,count,https://www.pib.gov.in/PressReleasePage.aspx?PRID=2247914&lang=1&reg=1,PIB / Lok Sabha Annexure III: year-wise CPGRAMS totals.
year_wise_cpgrams,India,2026_till_2026-02-28,,,receipts,423922,count,https://www.pib.gov.in/PressReleasePage.aspx?PRID=2247914&lang=1&reg=1,PIB / Lok Sabha Annexure III: year-wise CPGRAMS totals.
year_wise_cpgrams,India,2026_till_2026-02-28,,,disposed,406799,count,https://www.pib.gov.in/PressReleasePage.aspx?PRID=2247914&lang=1&reg=1,PIB / Lok Sabha Annexure III: year-wise CPGRAMS totals.
year_wise_cpgrams,India,2026_till_2026-02-28,,,pending,293915,count,https://www.pib.gov.in/PressReleasePage.aspx?PRID=2247914&lang=1&reg=1,PIB / Lok Sabha Annexure III: year-wise CPGRAMS totals.
monthly_central_2026,Central Ministries/Departments,2026-01,2026-01,2026-01,grievances_received,170170,count,https://www.pib.gov.in/PressReleasePage.aspx?PRID=2228751,Official PIB/DARPG monthly CPGRAMS release.
monthly_central_2026,Central Ministries/Departments,2026-01,2026-01,2026-01,grievances_redressed,176942,count,https://www.pib.gov.in/PressReleasePage.aspx?PRID=2228751,Official PIB/DARPG monthly CPGRAMS release.
monthly_central_2026,Central Ministries/Departments,2026-01,2026-01,2026-01,pendency,71460,count,https://www.pib.gov.in/PressReleasePage.aspx?PRID=2228751,Official PIB/DARPG monthly CPGRAMS release.
monthly_central_2026,Central Ministries/Departments,2026-01,2026-01,2026-01,average_disposal_days,14,days,https://www.pib.gov.in/PressReleasePage.aspx?PRID=2228751,Official PIB/DARPG monthly CPGRAMS release.
monthly_central_2026,Central Ministries/Departments,2026-01,2026-01,2026-01,appeals_received,30873,count,https://www.pib.gov.in/PressReleasePage.aspx?PRID=2228751,Official PIB/DARPG monthly CPGRAMS release.
monthly_central_2026,Central Ministries/Departments,2026-01,2026-01,2026-01,appeals_disposed,29749,count,https://www.pib.gov.in/PressReleasePage.aspx?PRID=2228751,Official PIB/DARPG monthly CPGRAMS release.
monthly_central_2026,Central Ministries/Departments,2026-01,2026-01,2026-01,appeals_pending,21304,count,https://www.pib.gov.in/PressReleasePage.aspx?PRID=2228751,Official PIB/DARPG monthly CPGRAMS release.
monthly_central_2026,Central Ministries/Departments,2026-01,2026-01,2026-01,new_users_registered,67728,count,https://www.pib.gov.in/PressReleasePage.aspx?PRID=2228751,Official PIB/DARPG monthly CPGRAMS release.
monthly_central_2026,Central Ministries/Departments,2026-01,2026-01,2026-01,feedback_total,68727,count,https://www.pib.gov.in/PressReleasePage.aspx?PRID=2228751,Official PIB/DARPG monthly CPGRAMS release.
monthly_central_2026,Central Ministries/Departments,2026-01,2026-01,2026-01,feedback_central,43468,count,https://www.pib.gov.in/PressReleasePage.aspx?PRID=2228751,Official PIB/DARPG monthly CPGRAMS release.
monthly_central_2026,Central Ministries/Departments,2026-01,2026-01,2026-01,grievances_through_csc,13605,count,https://www.pib.gov.in/PressReleasePage.aspx?PRID=2228751,Official PIB/DARPG monthly CPGRAMS release.
monthly_central_2026,Central Ministries/Departments,2026-01,2026-01,2026-01,review_meetings_cumulative,264,count,https://www.pib.gov.in/PressReleasePage.aspx?PRID=2228751,Official PIB/DARPG monthly CPGRAMS release.
monthly_central_2026,Central Ministries/Departments,2026-01,2026-01,2026-01,review_meetings_in_month,17,count,https://www.pib.gov.in/PressReleasePage.aspx?PRID=2228751,Official PIB/DARPG monthly CPGRAMS release.
monthly_central_2026,Central Ministries/Departments,2026-02,2026-02,2026-02,grievances_received,163750,count,https://www.pib.gov.in/PressReleasePage.aspx?PRID=2241087,Official PIB/DARPG monthly CPGRAMS release.
monthly_central_2026,Central Ministries/Departments,2026-02,2026-02,2026-02,grievances_redressed,163606,count,https://www.pib.gov.in/PressReleasePage.aspx?PRID=2241087,Official PIB/DARPG monthly CPGRAMS release.
monthly_central_2026,Central Ministries/Departments,2026-02,2026-02,2026-02,pendency,72485,count,https://www.pib.gov.in/PressReleasePage.aspx?PRID=2241087,Official PIB/DARPG monthly CPGRAMS release.
monthly_central_2026,Central Ministries/Departments,2026-02,2026-02,2026-02,average_disposal_days,14,days,https://www.pib.gov.in/PressReleasePage.aspx?PRID=2241087,Official PIB/DARPG monthly CPGRAMS release.
monthly_central_2026,Central Ministries/Departments,2026-02,2026-02,2026-02,appeals_received,31326,count,https://www.pib.gov.in/PressReleasePage.aspx?PRID=2241087,Official PIB/DARPG monthly CPGRAMS release.
monthly_central_2026,Central Ministries/Departments,2026-02,2026-02,2026-02,appeals_disposed,31984,count,https://www.pib.gov.in/PressReleasePage.aspx?PRID=2241087,Official PIB/DARPG monthly CPGRAMS release.
monthly_central_2026,Central Ministries/Departments,2026-02,2026-02,2026-02,appeals_pending,20875,count,https://www.pib.gov.in/PressReleasePage.aspx?PRID=2241087,Official PIB/DARPG monthly CPGRAMS release.
monthly_central_2026,Central Ministries/Departments,2026-02,2026-02,2026-02,new_users_registered,72357,count,https://www.pib.gov.in/PressReleasePage.aspx?PRID=2241087,Official PIB/DARPG monthly CPGRAMS release.
monthly_central_2026,Central Ministries/Departments,2026-02,2026-02,2026-02,feedback_total,70434,count,https://www.pib.gov.in/PressReleasePage.aspx?PRID=2241087,Official PIB/DARPG monthly CPGRAMS release.
monthly_central_2026,Central Ministries/Departments,2026-02,2026-02,2026-02,feedback_central,45365,count,https://www.pib.gov.in/PressReleasePage.aspx?PRID=2241087,Official PIB/DARPG monthly CPGRAMS release.
monthly_central_2026,Central Ministries/Departments,2026-02,2026-02,2026-02,grievances_through_csc,11761,count,https://www.pib.gov.in/PressReleasePage.aspx?PRID=2241087,Official PIB/DARPG monthly CPGRAMS release.
monthly_central_2026,Central Ministries/Departments,2026-02,2026-02,2026-02,review_meetings_cumulative,283,count,https://www.pib.gov.in/PressReleasePage.aspx?PRID=2241087,Official PIB/DARPG monthly CPGRAMS release.
monthly_central_2026,Central Ministries/Departments,2026-02,2026-02,2026-02,review_meetings_in_month,18,count,https://www.pib.gov.in/PressReleasePage.aspx?PRID=2241087,Official PIB/DARPG monthly CPGRAMS release.
monthly_central_2026,Central Ministries/Departments,2026-03,2026-03,2026-03,grievances_received,189189,count,https://www.pib.gov.in/PressReleasePage.aspx?PRID=2252591,Official PIB/DARPG monthly CPGRAMS release.
monthly_central_2026,Central Ministries/Departments,2026-03,2026-03,2026-03,grievances_redressed,181279,count,https://www.pib.gov.in/PressReleasePage.aspx?PRID=2252591,Official PIB/DARPG monthly CPGRAMS release.
monthly_central_2026,Central Ministries/Departments,2026-03,2026-03,2026-03,pendency,81187,count,https://www.pib.gov.in/PressReleasePage.aspx?PRID=2252591,Official PIB/DARPG monthly CPGRAMS release.
monthly_central_2026,Central Ministries/Departments,2026-03,2026-03,2026-03,average_disposal_days,13,days,https://www.pib.gov.in/PressReleasePage.aspx?PRID=2252591,Official PIB/DARPG monthly CPGRAMS release.
monthly_central_2026,Central Ministries/Departments,2026-03,2026-03,2026-03,appeals_received,34135,count,https://www.pib.gov.in/PressReleasePage.aspx?PRID=2252591,Official PIB/DARPG monthly CPGRAMS release.
monthly_central_2026,Central Ministries/Departments,2026-03,2026-03,2026-03,appeals_disposed,33714,count,https://www.pib.gov.in/PressReleasePage.aspx?PRID=2252591,Official PIB/DARPG monthly CPGRAMS release.
monthly_central_2026,Central Ministries/Departments,2026-03,2026-03,2026-03,appeals_pending,21296,count,https://www.pib.gov.in/PressReleasePage.aspx?PRID=2252591,Official PIB/DARPG monthly CPGRAMS release.
monthly_central_2026,Central Ministries/Departments,2026-03,2026-03,2026-03,new_users_registered,75853,count,https://www.pib.gov.in/PressReleasePage.aspx?PRID=2252591,Official PIB/DARPG monthly CPGRAMS release.
monthly_central_2026,Central Ministries/Departments,2026-03,2026-03,2026-03,feedback_total,74069,count,https://www.pib.gov.in/PressReleasePage.aspx?PRID=2252591,Official PIB/DARPG monthly CPGRAMS release.
monthly_central_2026,Central Ministries/Departments,2026-03,2026-03,2026-03,feedback_central,45974,count,https://www.pib.gov.in/PressReleasePage.aspx?PRID=2252591,Official PIB/DARPG monthly CPGRAMS release.
monthly_central_2026,Central Ministries/Departments,2026-03,2026-03,2026-03,grievances_through_csc,12763,count,https://www.pib.gov.in/PressReleasePage.aspx?PRID=2252591,Official PIB/DARPG monthly CPGRAMS release.
monthly_central_2026,Central Ministries/Departments,2026-03,2026-03,2026-03,review_meetings_cumulative,302,count,https://www.pib.gov.in/PressReleasePage.aspx?PRID=2252591,Official PIB/DARPG monthly CPGRAMS release.
monthly_central_2026,Central Ministries/Departments,2026-03,2026-03,2026-03,review_meetings_in_month,18,count,https://www.pib.gov.in/PressReleasePage.aspx?PRID=2252591,Official PIB/DARPG monthly CPGRAMS release.
monthly_central_2026,Central Ministries/Departments,2026-04,2026-04,2026-04,grievances_received,188577,count,https://www.pib.gov.in/PressReleasePage.aspx?PRID=2264048,Official PIB/DARPG monthly CPGRAMS release.
monthly_central_2026,Central Ministries/Departments,2026-04,2026-04,2026-04,grievances_redressed,188969,count,https://www.pib.gov.in/PressReleasePage.aspx?PRID=2264048,Official PIB/DARPG monthly CPGRAMS release.
monthly_central_2026,Central Ministries/Departments,2026-04,2026-04,2026-04,pendency,81847,count,https://www.pib.gov.in/PressReleasePage.aspx?PRID=2264048,Official PIB/DARPG monthly CPGRAMS release.
monthly_central_2026,Central Ministries/Departments,2026-04,2026-04,2026-04,average_disposal_days,13,days,https://www.pib.gov.in/PressReleasePage.aspx?PRID=2264048,Official PIB/DARPG monthly CPGRAMS release.
monthly_central_2026,Central Ministries/Departments,2026-04,2026-04,2026-04,appeals_received,31018,count,https://www.pib.gov.in/PressReleasePage.aspx?PRID=2264048,Official PIB/DARPG monthly CPGRAMS release.
monthly_central_2026,Central Ministries/Departments,2026-04,2026-04,2026-04,appeals_disposed,31338,count,https://www.pib.gov.in/PressReleasePage.aspx?PRID=2264048,Official PIB/DARPG monthly CPGRAMS release.
monthly_central_2026,Central Ministries/Departments,2026-04,2026-04,2026-04,appeals_pending,20976,count,https://www.pib.gov.in/PressReleasePage.aspx?PRID=2264048,Official PIB/DARPG monthly CPGRAMS release.
monthly_central_2026,Central Ministries/Departments,2026-04,2026-04,2026-04,new_users_registered,76643,count,https://www.pib.gov.in/PressReleasePage.aspx?PRID=2264048,Official PIB/DARPG monthly CPGRAMS release.
monthly_central_2026,Central Ministries/Departments,2026-04,2026-04,2026-04,feedback_total,73601,count,https://www.pib.gov.in/PressReleasePage.aspx?PRID=2264048,Official PIB/DARPG monthly CPGRAMS release.
monthly_central_2026,Central Ministries/Departments,2026-04,2026-04,2026-04,feedback_central,42980,count,https://www.pib.gov.in/PressReleasePage.aspx?PRID=2264048,Official PIB/DARPG monthly CPGRAMS release.
monthly_central_2026,Central Ministries/Departments,2026-04,2026-04,2026-04,grievances_through_csc,8001,count,https://www.pib.gov.in/PressReleasePage.aspx?PRID=2264048,Official PIB/DARPG monthly CPGRAMS release.
monthly_central_2026,Central Ministries/Departments,2026-04,2026-04,2026-04,review_meetings_cumulative,331,count,https://www.pib.gov.in/PressReleasePage.aspx?PRID=2264048,Official PIB/DARPG monthly CPGRAMS release.
monthly_central_2026,Central Ministries/Departments,2026-04,2026-04,2026-04,review_meetings_in_month,25,count,https://www.pib.gov.in/PressReleasePage.aspx?PRID=2264048,Official PIB/DARPG monthly CPGRAMS release.
monthly_central_2026,Central Ministries/Departments,2026-05,2026-05,2026-05,grievances_received,176719,count,https://www.pib.gov.in/,Official PIB/DARPG monthly CPGRAMS release.
monthly_central_2026,Central Ministries/Departments,2026-05,2026-05,2026-05,grievances_redressed,178423,count,https://www.pib.gov.in/,Official PIB/DARPG monthly CPGRAMS release.
monthly_central_2026,Central Ministries/Departments,2026-05,2026-05,2026-05,pendency,81075,count,https://www.pib.gov.in/,Official PIB/DARPG monthly CPGRAMS release.
monthly_central_2026,Central Ministries/Departments,2026-05,2026-05,2026-05,average_disposal_days,13,days,https://www.pib.gov.in/,Official PIB/DARPG monthly CPGRAMS release.
monthly_central_2026,Central Ministries/Departments,2026-05,2026-05,2026-05,appeals_received,31925,count,https://www.pib.gov.in/,Official PIB/DARPG monthly CPGRAMS release.
monthly_central_2026,Central Ministries/Departments,2026-05,2026-05,2026-05,appeals_disposed,31149,count,https://www.pib.gov.in/,Official PIB/DARPG monthly CPGRAMS release.
monthly_central_2026,Central Ministries/Departments,2026-05,2026-05,2026-05,appeals_pending,21752,count,https://www.pib.gov.in/,Official PIB/DARPG monthly CPGRAMS release.
monthly_central_2026,Central Ministries/Departments,2026-05,2026-05,2026-05,new_users_registered,65174,count,https://www.pib.gov.in/,Official PIB/DARPG monthly CPGRAMS release.
monthly_central_2026,Central Ministries/Departments,2026-05,2026-05,2026-05,feedback_total,78830,count,https://www.pib.gov.in/,Official PIB/DARPG monthly CPGRAMS release.
monthly_central_2026,Central Ministries/Departments,2026-05,2026-05,2026-05,feedback_central,46547,count,https://www.pib.gov.in/,Official PIB/DARPG monthly CPGRAMS release.
monthly_central_2026,Central Ministries/Departments,2026-05,2026-05,2026-05,grievances_through_csc,8562,count,https://www.pib.gov.in/,Official PIB/DARPG monthly CPGRAMS release.
monthly_central_2026,Central Ministries/Departments,2026-05,2026-05,2026-05,review_meetings_cumulative,352,count,https://www.pib.gov.in/,Official PIB/DARPG monthly CPGRAMS release.
monthly_central_2026,Central Ministries/Departments,2026-05,2026-05,2026-05,review_meetings_in_month,19,count,https://www.pib.gov.in/,Official PIB/DARPG monthly CPGRAMS release.
monthly_central_2026,Central Ministries/Departments,2026-06,2026-06,2026-06,grievances_received,196133,count,https://www.pib.gov.in/PressReleasePage.aspx?PRID=2290925,Official PIB/DARPG monthly CPGRAMS release.
monthly_central_2026,Central Ministries/Departments,2026-06,2026-06,2026-06,grievances_redressed,199968,count,https://www.pib.gov.in/PressReleasePage.aspx?PRID=2290925,Official PIB/DARPG monthly CPGRAMS release.
monthly_central_2026,Central Ministries/Departments,2026-06,2026-06,2026-06,pendency,78793,count,https://www.pib.gov.in/PressReleasePage.aspx?PRID=2290925,Official PIB/DARPG monthly CPGRAMS release.
monthly_central_2026,Central Ministries/Departments,2026-06,2026-06,2026-06,average_disposal_days,14,days,https://www.pib.gov.in/PressReleasePage.aspx?PRID=2290925,Official PIB/DARPG monthly CPGRAMS release.
monthly_central_2026,Central Ministries/Departments,2026-06,2026-06,2026-06,appeals_received,32269,count,https://www.pib.gov.in/PressReleasePage.aspx?PRID=2290925,Official PIB/DARPG monthly CPGRAMS release.
monthly_central_2026,Central Ministries/Departments,2026-06,2026-06,2026-06,appeals_disposed,32256,count,https://www.pib.gov.in/PressReleasePage.aspx?PRID=2290925,Official PIB/DARPG monthly CPGRAMS release.
monthly_central_2026,Central Ministries/Departments,2026-06,2026-06,2026-06,appeals_pending,21753,count,https://www.pib.gov.in/PressReleasePage.aspx?PRID=2290925,Official PIB/DARPG monthly CPGRAMS release.
monthly_central_2026,Central Ministries/Departments,2026-06,2026-06,2026-06,new_users_registered,83544,count,https://www.pib.gov.in/PressReleasePage.aspx?PRID=2290925,Official PIB/DARPG monthly CPGRAMS release.
monthly_central_2026,Central Ministries/Departments,2026-06,2026-06,2026-06,feedback_total,75318,count,https://www.pib.gov.in/PressReleasePage.aspx?PRID=2290925,Official PIB/DARPG monthly CPGRAMS release.
monthly_central_2026,Central Ministries/Departments,2026-06,2026-06,2026-06,feedback_central,42226,count,https://www.pib.gov.in/PressReleasePage.aspx?PRID=2290925,Official PIB/DARPG monthly CPGRAMS release.
monthly_central_2026,Central Ministries/Departments,2026-06,2026-06,2026-06,grievances_through_csc,6262,count,https://www.pib.gov.in/PressReleasePage.aspx?PRID=2290925,Official PIB/DARPG monthly CPGRAMS release.
monthly_central_2026,Central Ministries/Departments,2026-06,2026-06,2026-06,review_meetings_cumulative,377,count,https://www.pib.gov.in/PressReleasePage.aspx?PRID=2290925,Official PIB/DARPG monthly CPGRAMS release.
monthly_central_2026,Central Ministries/Departments,2026-06,2026-06,2026-06,review_meetings_in_month,24,count,https://www.pib.gov.in/PressReleasePage.aspx?PRID=2290925,Official PIB/DARPG monthly CPGRAMS release.
monthly_states_ut_2026,States/UTs,2026-01,2026-01,2026-01,grievances_received,71714,count,https://www.pib.gov.in/PressReleasePage.aspx?PRID=2228753,Official PIB/DARPG monthly CPGRAMS release.
monthly_states_ut_2026,States/UTs,2026-01,2026-01,2026-01,grievances_redressed,64702,count,https://www.pib.gov.in/PressReleasePage.aspx?PRID=2228753,Official PIB/DARPG monthly CPGRAMS release.
monthly_states_ut_2026,States/UTs,2026-01,2026-01,2026-01,pendency,178674,count,https://www.pib.gov.in/PressReleasePage.aspx?PRID=2228753,Official PIB/DARPG monthly CPGRAMS release.
monthly_states_ut_2026,States/UTs,2026-01,2026-01,2026-01,states_ut_with_over_1000_pending,22,count,https://www.pib.gov.in/PressReleasePage.aspx?PRID=2228753,Official PIB/DARPG monthly CPGRAMS release.
monthly_states_ut_2026,States/UTs,2026-01,2026-01,2026-01,new_users_registered,67728,count,https://www.pib.gov.in/PressReleasePage.aspx?PRID=2228753,Official PIB/DARPG monthly CPGRAMS release.
monthly_states_ut_2026,States/UTs,2026-01,2026-01,2026-01,feedback_total,68727,count,https://www.pib.gov.in/PressReleasePage.aspx?PRID=2228753,Official PIB/DARPG monthly CPGRAMS release.
monthly_states_ut_2026,States/UTs,2026-01,2026-01,2026-01,feedback_states_ut,25259,count,https://www.pib.gov.in/PressReleasePage.aspx?PRID=2228753,Official PIB/DARPG monthly CPGRAMS release.
monthly_states_ut_2026,States/UTs,2026-01,2026-01,2026-01,top_disposal_count,24049,count,https://www.pib.gov.in/PressReleasePage.aspx?PRID=2228753,Official PIB/DARPG monthly CPGRAMS release.
monthly_states_ut_2026,States/UTs,2026-01,2026-01,2026-01,second_disposal_count,6065,count,https://www.pib.gov.in/PressReleasePage.aspx?PRID=2228753,Official PIB/DARPG monthly CPGRAMS release.
monthly_states_ut_2026,States/UTs,2026-01,2026-01,2026-01,training_courses_cumulative,1034,count,https://www.pib.gov.in/PressReleasePage.aspx?PRID=2228753,Official PIB/DARPG monthly CPGRAMS release.
monthly_states_ut_2026,States/UTs,2026-01,2026-01,2026-01,officers_trained_cumulative,34812,count,https://www.pib.gov.in/PressReleasePage.aspx?PRID=2228753,Official PIB/DARPG monthly CPGRAMS release.
monthly_states_ut_2026,States/UTs,2026-02,2026-02,2026-02,grievances_received,75914,count,https://www.pib.gov.in/PressReleasePage.aspx?PRID=2241088,Official PIB/DARPG monthly CPGRAMS release.
monthly_states_ut_2026,States/UTs,2026-02,2026-02,2026-02,grievances_redressed,61844,count,https://www.pib.gov.in/PressReleasePage.aspx?PRID=2241088,Official PIB/DARPG monthly CPGRAMS release.
monthly_states_ut_2026,States/UTs,2026-02,2026-02,2026-02,pendency,192877,count,https://www.pib.gov.in/PressReleasePage.aspx?PRID=2241088,Official PIB/DARPG monthly CPGRAMS release.
monthly_states_ut_2026,States/UTs,2026-02,2026-02,2026-02,states_ut_with_over_1000_pending,22,count,https://www.pib.gov.in/PressReleasePage.aspx?PRID=2241088,Official PIB/DARPG monthly CPGRAMS release.
monthly_states_ut_2026,States/UTs,2026-02,2026-02,2026-02,new_users_registered,72357,count,https://www.pib.gov.in/PressReleasePage.aspx?PRID=2241088,Official PIB/DARPG monthly CPGRAMS release.
monthly_states_ut_2026,States/UTs,2026-02,2026-02,2026-02,feedback_total,70434,count,https://www.pib.gov.in/PressReleasePage.aspx?PRID=2241088,Official PIB/DARPG monthly CPGRAMS release.
monthly_states_ut_2026,States/UTs,2026-02,2026-02,2026-02,feedback_states_ut,25069,count,https://www.pib.gov.in/PressReleasePage.aspx?PRID=2241088,Official PIB/DARPG monthly CPGRAMS release.
monthly_states_ut_2026,States/UTs,2026-02,2026-02,2026-02,grievances_through_csc,11761,count,https://www.pib.gov.in/PressReleasePage.aspx?PRID=2241088,Official PIB/DARPG monthly CPGRAMS release.
monthly_states_ut_2026,States/UTs,2026-02,2026-02,2026-02,top_disposal_count,23333,count,https://www.pib.gov.in/PressReleasePage.aspx?PRID=2241088,Official PIB/DARPG monthly CPGRAMS release.
monthly_states_ut_2026,States/UTs,2026-02,2026-02,2026-02,second_disposal_count,4792,count,https://www.pib.gov.in/PressReleasePage.aspx?PRID=2241088,Official PIB/DARPG monthly CPGRAMS release.
monthly_states_ut_2026,States/UTs,2026-02,2026-02,2026-02,training_courses_cumulative,1099,count,https://www.pib.gov.in/PressReleasePage.aspx?PRID=2241088,Official PIB/DARPG monthly CPGRAMS release.
monthly_states_ut_2026,States/UTs,2026-02,2026-02,2026-02,officers_trained_cumulative,36320,count,https://www.pib.gov.in/PressReleasePage.aspx?PRID=2241088,Official PIB/DARPG monthly CPGRAMS release.
monthly_states_ut_2026,States/UTs,2026-03,2026-03,2026-03,grievances_received,83365,count,https://www.pib.gov.in/PressReleasePage.aspx?PRID=2252590,Official PIB/DARPG monthly CPGRAMS release.
monthly_states_ut_2026,States/UTs,2026-03,2026-03,2026-03,grievances_redressed,75245,count,https://www.pib.gov.in/PressReleasePage.aspx?PRID=2252590,Official PIB/DARPG monthly CPGRAMS release.
monthly_states_ut_2026,States/UTs,2026-03,2026-03,2026-03,pendency,201088,count,https://www.pib.gov.in/PressReleasePage.aspx?PRID=2252590,Official PIB/DARPG monthly CPGRAMS release.
monthly_states_ut_2026,States/UTs,2026-03,2026-03,2026-03,states_ut_with_over_1000_pending,22,count,https://www.pib.gov.in/PressReleasePage.aspx?PRID=2252590,Official PIB/DARPG monthly CPGRAMS release.
monthly_states_ut_2026,States/UTs,2026-03,2026-03,2026-03,new_users_registered,75853,count,https://www.pib.gov.in/PressReleasePage.aspx?PRID=2252590,Official PIB/DARPG monthly CPGRAMS release.
monthly_states_ut_2026,States/UTs,2026-03,2026-03,2026-03,feedback_total,74069,count,https://www.pib.gov.in/PressReleasePage.aspx?PRID=2252590,Official PIB/DARPG monthly CPGRAMS release.
monthly_states_ut_2026,States/UTs,2026-03,2026-03,2026-03,feedback_states_ut,28095,count,https://www.pib.gov.in/PressReleasePage.aspx?PRID=2252590,Official PIB/DARPG monthly CPGRAMS release.
monthly_states_ut_2026,States/UTs,2026-03,2026-03,2026-03,top_disposal_count,22985,count,https://www.pib.gov.in/PressReleasePage.aspx?PRID=2252590,Official PIB/DARPG monthly CPGRAMS release.
monthly_states_ut_2026,States/UTs,2026-03,2026-03,2026-03,second_disposal_count,5417,count,https://www.pib.gov.in/PressReleasePage.aspx?PRID=2252590,Official PIB/DARPG monthly CPGRAMS release.
monthly_states_ut_2026,States/UTs,2026-03,2026-03,2026-03,training_courses_cumulative,1134,count,https://www.pib.gov.in/PressReleasePage.aspx?PRID=2252590,Official PIB/DARPG monthly CPGRAMS release.
monthly_states_ut_2026,States/UTs,2026-03,2026-03,2026-03,officers_trained_cumulative,37620,count,https://www.pib.gov.in/PressReleasePage.aspx?PRID=2252590,Official PIB/DARPG monthly CPGRAMS release.
monthly_states_ut_2026,States/UTs,2026-04,2026-04,2026-04,grievances_received,88057,count,https://www.pib.gov.in/PressReleasePage.aspx?PRID=2264045,Official PIB/DARPG monthly CPGRAMS release.
monthly_states_ut_2026,States/UTs,2026-04,2026-04,2026-04,grievances_redressed,77445,count,https://www.pib.gov.in/PressReleasePage.aspx?PRID=2264045,Official PIB/DARPG monthly CPGRAMS release.
monthly_states_ut_2026,States/UTs,2026-04,2026-04,2026-04,pendency,211701,count,https://www.pib.gov.in/PressReleasePage.aspx?PRID=2264045,Official PIB/DARPG monthly CPGRAMS release.
monthly_states_ut_2026,States/UTs,2026-04,2026-04,2026-04,states_ut_with_over_1000_pending,22,count,https://www.pib.gov.in/PressReleasePage.aspx?PRID=2264045,Official PIB/DARPG monthly CPGRAMS release.
monthly_states_ut_2026,States/UTs,2026-04,2026-04,2026-04,new_users_registered,76643,count,https://www.pib.gov.in/PressReleasePage.aspx?PRID=2264045,Official PIB/DARPG monthly CPGRAMS release.
monthly_states_ut_2026,States/UTs,2026-04,2026-04,2026-04,feedback_total,73601,count,https://www.pib.gov.in/PressReleasePage.aspx?PRID=2264045,Official PIB/DARPG monthly CPGRAMS release.
monthly_states_ut_2026,States/UTs,2026-04,2026-04,2026-04,feedback_states_ut,30621,count,https://www.pib.gov.in/PressReleasePage.aspx?PRID=2264045,Official PIB/DARPG monthly CPGRAMS release.
monthly_states_ut_2026,States/UTs,2026-04,2026-04,2026-04,grievances_through_csc,8001,count,https://www.pib.gov.in/PressReleasePage.aspx?PRID=2264045,Official PIB/DARPG monthly CPGRAMS release.
monthly_states_ut_2026,States/UTs,2026-04,2026-04,2026-04,top_disposal_count,34959,count,https://www.pib.gov.in/PressReleasePage.aspx?PRID=2264045,Official PIB/DARPG monthly CPGRAMS release.
monthly_states_ut_2026,States/UTs,2026-04,2026-04,2026-04,second_disposal_count,5829,count,https://www.pib.gov.in/PressReleasePage.aspx?PRID=2264045,Official PIB/DARPG monthly CPGRAMS release.
monthly_states_ut_2026,States/UTs,2026-04,2026-04,2026-04,training_courses_cumulative,1159,count,https://www.pib.gov.in/PressReleasePage.aspx?PRID=2264045,Official PIB/DARPG monthly CPGRAMS release.
monthly_states_ut_2026,States/UTs,2026-04,2026-04,2026-04,officers_trained_cumulative,38270,count,https://www.pib.gov.in/PressReleasePage.aspx?PRID=2264045,Official PIB/DARPG monthly CPGRAMS release.
monthly_states_ut_2026,States/UTs,2026-05,2026-05,2026-05,grievances_received,85900,count,https://www.pib.gov.in/,Official PIB/DARPG monthly CPGRAMS release.
monthly_states_ut_2026,States/UTs,2026-05,2026-05,2026-05,grievances_redressed,84365,count,https://www.pib.gov.in/,Official PIB/DARPG monthly CPGRAMS release.
monthly_states_ut_2026,States/UTs,2026-05,2026-05,2026-05,pendency,213190,count,https://www.pib.gov.in/,Official PIB/DARPG monthly CPGRAMS release.
monthly_states_ut_2026,States/UTs,2026-05,2026-05,2026-05,states_ut_with_over_1000_pending,22,count,https://www.pib.gov.in/,Official PIB/DARPG monthly CPGRAMS release.
monthly_states_ut_2026,States/UTs,2026-05,2026-05,2026-05,new_users_registered,65174,count,https://www.pib.gov.in/,Official PIB/DARPG monthly CPGRAMS release.
monthly_states_ut_2026,States/UTs,2026-05,2026-05,2026-05,feedback_total,78830,count,https://www.pib.gov.in/,Official PIB/DARPG monthly CPGRAMS release.
monthly_states_ut_2026,States/UTs,2026-05,2026-05,2026-05,feedback_states_ut,32283,count,https://www.pib.gov.in/,Official PIB/DARPG monthly CPGRAMS release.
monthly_states_ut_2026,States/UTs,2026-05,2026-05,2026-05,grievances_through_csc,8562,count,https://www.pib.gov.in/,Official PIB/DARPG monthly CPGRAMS release.
monthly_states_ut_2026,States/UTs,2026-05,2026-05,2026-05,top_disposal_count,27030,count,https://www.pib.gov.in/,Official PIB/DARPG monthly CPGRAMS release.
monthly_states_ut_2026,States/UTs,2026-05,2026-05,2026-05,second_disposal_count,9476,count,https://www.pib.gov.in/,Official PIB/DARPG monthly CPGRAMS release.
monthly_states_ut_2026,States/UTs,2026-05,2026-05,2026-05,training_courses_cumulative,1175,count,https://www.pib.gov.in/,Official PIB/DARPG monthly CPGRAMS release.
monthly_states_ut_2026,States/UTs,2026-05,2026-05,2026-05,officers_trained_cumulative,38693,count,https://www.pib.gov.in/,Official PIB/DARPG monthly CPGRAMS release.
monthly_states_ut_2026,States/UTs,2026-06,2026-06,2026-06,grievances_received,96190,count,https://www.pib.gov.in/PressReleasePage.aspx?PRID=2290923,Official PIB/DARPG monthly CPGRAMS release.
monthly_states_ut_2026,States/UTs,2026-06,2026-06,2026-06,grievances_redressed,93170,count,https://www.pib.gov.in/PressReleasePage.aspx?PRID=2290923,Official PIB/DARPG monthly CPGRAMS release.
monthly_states_ut_2026,States/UTs,2026-06,2026-06,2026-06,pendency,216032,count,https://www.pib.gov.in/PressReleasePage.aspx?PRID=2290923,Official PIB/DARPG monthly CPGRAMS release.
monthly_states_ut_2026,States/UTs,2026-06,2026-06,2026-06,states_ut_with_over_1000_pending,23,count,https://www.pib.gov.in/PressReleasePage.aspx?PRID=2290923,Official PIB/DARPG monthly CPGRAMS release.
monthly_states_ut_2026,States/UTs,2026-06,2026-06,2026-06,new_users_registered,83544,count,https://www.pib.gov.in/PressReleasePage.aspx?PRID=2290923,Official PIB/DARPG monthly CPGRAMS release.
monthly_states_ut_2026,States/UTs,2026-06,2026-06,2026-06,feedback_total,75318,count,https://www.pib.gov.in/PressReleasePage.aspx?PRID=2290923,Official PIB/DARPG monthly CPGRAMS release.
monthly_states_ut_2026,States/UTs,2026-06,2026-06,2026-06,feedback_states_ut,33092,count,https://www.pib.gov.in/PressReleasePage.aspx?PRID=2290923,Official PIB/DARPG monthly CPGRAMS release.
monthly_states_ut_2026,States/UTs,2026-06,2026-06,2026-06,grievances_through_csc,6262,count,https://www.pib.gov.in/PressReleasePage.aspx?PRID=2290923,Official PIB/DARPG monthly CPGRAMS release.
monthly_states_ut_2026,States/UTs,2026-06,2026-06,2026-06,top_disposal_count,31460,count,https://www.pib.gov.in/PressReleasePage.aspx?PRID=2290923,Official PIB/DARPG monthly CPGRAMS release.
monthly_states_ut_2026,States/UTs,2026-06,2026-06,2026-06,second_disposal_count,7619,count,https://www.pib.gov.in/PressReleasePage.aspx?PRID=2290923,Official PIB/DARPG monthly CPGRAMS release.
monthly_states_ut_2026,States/UTs,2026-06,2026-06,2026-06,training_courses_cumulative,1196,count,https://www.pib.gov.in/PressReleasePage.aspx?PRID=2290923,Official PIB/DARPG monthly CPGRAMS release.
monthly_states_ut_2026,States/UTs,2026-06,2026-06,2026-06,officers_trained_cumulative,39509,count,https://www.pib.gov.in/PressReleasePage.aspx?PRID=2290923,Official PIB/DARPG monthly CPGRAMS release.
